Mes_Ano;Ferrovia;Mercadoria_ANTT;Estacao_Origem;UF_Origem;Estacao_Destino;UF_Destino;TU;TKU
jan/25;EFC;Carvão Mineral;Ponta da Madeira;MA;Paraupebas;PA;19.255;16.578.555
jan/25;EFC;Cobre;Paraupebas;PA;Ponta da Madeira Cobre;MA;81.059;70.683.448
jan/25;EFC;Ferro Gusa;Açailândia;MA;Ponta da Madeira Pêra do Píer;MA;21.930;11.528.601
jan/25;EFC;Ferro Gusa;Marabá;PA;Ponta da Madeira Pêra do Píer;MA;32.038;24.050.925
jan/25;EFC;Gasolina;Itaqui Base Combustível;MA;Açailândia;MA;7.938;4.151.574
jan/25;EFC;Gasolina;Itaqui Base Combustível;MA;Marabá;PA;7.759;5.811.156
jan/25;EFC;Minério de Ferro;Açailândia;MA;Ponta da Madeira;MA;33.953;17.417.889
jan/25;EFC;Minério de Ferro;Carajás;PA;Açailândia;MA;90.373;34.160.994
jan/25;EFC;Minério de Ferro;Carajás;PA;Marabá;PA;19.392;2.966.976
jan/25;EFC;Minério de Ferro;Carajás;PA;Ponta da Madeira;MA;5.624.663;5.011.574.733
jan/25;EFC;Minério de Ferro;Marabá;PA;Ponta da Madeira;MA;22.704;16.755.552
jan/25;EFC;Minério de Ferro;Serra Leste;PA;Açailândia;MA;30.456;9.695.423
jan/25;EFC;Minério de Ferro;Serra Leste;PA;Ponta da Madeira;MA;435.347;361.922.244
jan/25;EFC;Minério de Ferro;Serra Sul;PA;Ponta da Madeira;MA;6.007.311;5.685.235.027
jan/25;EFC;Óleo Diesel;Itaqui Base Combustível;MA;Açailândia;MA;23.152;12.108.496
jan/25;EFC;Óleo Diesel;Itaqui Base Combustível;MA;Marabá;PA;31.252;23.389.593
jan/25;EFPO;Cimento acondicionado;Agrária;PR;Cascavel;PR;4.004;963.354
jan/25;EFPO;Soja;Cascavel;PR;Agrária;PR;16.869;4.058.647
jan/25;EFVM;Antracito;Tubarão;ES;Intendente Câmara;MG;72.141;31.245.058
jan/25;EFVM;Carvão Mineral;Tubarão;ES;Bela Vista de Minas;MG;2.726;1.428.135
jan/25;EFVM;Carvão Mineral;Tubarão;ES;Intendente Câmara;MG;49.751;21.547.704
jan/25;EFVM;Carvão Mineral;Tubarão;ES;Ouro Branco;MG;105.798;70.977.339
jan/25;EFVM;Celulose;Aracruz;ES;Frederico Selow;MG;92;34.092
jan/25;EFVM;Celulose;Frederico Selow;MG;Aracruz;ES;86.106;31.908.558
jan/25;EFVM;Cloreto de Potássio;Tubarão;ES;Brejo Alegre;MG;7.221;10.205.402
jan/25;EFVM;Cloreto de Potássio;Tubarão;ES;Eng. Adelmar;MG;4.100;3.962.223
jan/25;EFVM;Contêiner Cheio de 20 Pés;Tubarão;ES;Nova Granja;MG;6.425;4.375.180
jan/25;EFVM;Coque;Pedro Nolasco;ES;Prudente de Morais;MG;7.031;5.135.730
jan/25;EFVM;Coque;Tubarão;ES;Prudente de Morais;MG;3.627;2.640.630
jan/25;EFVM;Coque Metalúrgico;Tubarão;ES;Bela Vista de Minas;MG;29.624;15.519.835
jan/25;EFVM;Coque Metalúrgico;Tubarão;ES;Ouro Branco;MG;4.470;2.998.815
jan/25;EFVM;Ferro Gusa;Funil;MG;Pedro Nolasco;ES;10.509;6.736.499
jan/25;EFVM;Ferro Gusa;Funil;MG;Tubarão;ES;4.083;2.638.249
jan/25;EFVM;Minério de Ferro;Barão de Cocais;MG;Intendente Câmara;MG;6.298;1.059.052
jan/25;EFVM;Minério de Ferro;Barão de Cocais;MG;Tubarão;ES;86.046;51.736.705
jan/25;EFVM;Minério de Ferro;Bicas;MG;Tubarão;ES;33.905;18.434.385
jan/25;EFVM;Minério de Ferro;Brucutu;MG;Tubarão;ES;1.958.107;1.143.559.936
jan/25;EFVM;Minério de Ferro;Capitão Eduardo;MG;Intendente Câmara;MG;70.216;15.275.300
jan/25;EFVM;Minério de Ferro;Conceição;MG;Tubarão;ES;1.122.210;609.922.065
jan/25;EFVM;Minério de Ferro;Fazendão;MG;Tubarão;ES;695.201;413.914.873
jan/25;EFVM;Minério de Ferro;João Correia;MG;Tubarão;ES;74.445;31.634.284
jan/25;EFVM;Minério de Ferro;João Paulo;MG;Tubarão;ES;152.903;82.883.422
jan/25;EFVM;Minério de Ferro;Mário Carvalho;MG;Tubarão;ES;235.707;105.345.707
jan/25;EFVM;Minério de Ferro;Ouro Branco;MG;Piraqueaçu;ES;13.762;8.233.006
jan/25;EFVM;Minério de Ferro;Ouro Branco;MG;Tubarão;ES;93.032;62.412.934
jan/25;EFVM;Minério de Ferro;Pátio 206;MG;Tubarão;ES;282.345;168.823.302
jan/25;EFVM;Minério de Ferro;Piraqueaçu;ES;Tubarão;ES;8.700;631.914
jan/25;EFVM;Minério de Ferro;Timbopeba;MG;Intendente Câmara;MG;6.169;1.097.033
jan/25;EFVM;Minério de Ferro;Timbopeba;MG;Piraqueaçu;ES;10.533;5.669.987
jan/25;EFVM;Minério de Ferro;Timbopeba;MG;Tubarão;ES;827.577;505.600.716
jan/25;EFVM;Minério de Ferro;Tubarão;ES;Intendente Câmara;MG;64.687;28.016.651
jan/25;EFVM;Minério de Ferro;Tubarão;ES;Mário Carvalho;MG;34.562;15.446.966
jan/25;EFVM;Minério de Ferro;Tubarão;ES;Pedro Nolasco;ES;2.873;78.188
jan/25;EFVM;Outros - adubos e Fertilizantes;Tubarão;ES;Brejo Alegre;MG;10.547;14.906.021
jan/25;EFVM;Prd. Siderúrgicos - Bobina - BF;Intendente Câmara;MG;Capitão Eduardo;MG;27.790;6.027.588
jan/25;EFVM;Prd. Siderúrgicos - Bobina - BF;Intendente Câmara;MG;Carreira Comprida;MG;1.882;420.495
jan/25;EFVM;Prd. Siderúrgicos - Bobina - BF;Intendente Câmara;MG;Couto e Silva;MG;2.138;542.955
jan/25;EFVM;Prd. Siderúrgicos - Bobina - BF;Intendente Câmara;MG;Eldorado;MG;3.398;833.847
jan/25;EFVM;Prd. Siderúrgicos - Bobina - BF;Intendente Câmara;MG;Embiruçu;MG;26.721;6.663.343
jan/25;EFVM;Prd. Siderúrgicos - Bobina - BF;Intendente Câmara;MG;Lafaiete Bandeira;MG;31.212;6.953.170
jan/25;EFVM;Prd. Siderúrgicos - Bobina - BF;Intendente Câmara;MG;Pedro Nolasco;ES;4.340;1.890.087
jan/25;EFVM;Prd. Siderúrgicos - Bobina - BF;Intendente Câmara;MG;Tubarão;ES;13.614;5.896.372
jan/25;EFVM;Prd. Siderúrgicos - Bobina - BF;Tubarão;ES;Lafaiete Bandeira;MG;19.685;12.910.916
jan/25;EFVM;Prd. Siderúrgicos - Bobina - BF;Tubarão;ES;Parque Industrial;MG;4.421;2.970.822
jan/25;EFVM;Prd. Siderúrgicos - Fio Máquina;João Monlevade;MG;Aracruz;ES;7.239;3.626.883
jan/25;EFVM;Prd. Siderúrgicos - Fio Máquina;João Monlevade;MG;Capitão Eduardo;MG;2.305;284.333
jan/25;EFVM;Prd. Siderúrgicos - Fio Máquina;João Monlevade;MG;Eldorado;MG;14.132;2.039.609
jan/25;EFVM;Prd. Siderúrgicos - Fio Máquina;João Monlevade;MG;Governador Valadares;MG;9.307;1.899.929
jan/25;EFVM;Prd. Siderúrgicos - Fio Máquina;João Monlevade;MG;Nova Granja;MG;1.069;170.222
jan/25;EFVM;Prd. Siderúrgicos - Fio Máquina;João Monlevade;MG;Tubarão;ES;642;338.111
jan/25;EFVM;Prd. Siderúrgicos - Fio Máquina;Ouro Branco;MG;Tubarão;ES;6.449;4.326.479
jan/25;EFVM;Prd. Siderúrgicos - Outros;Intendente Câmara;MG;Capitão Eduardo;MG;6.711;1.461.017
jan/25;EFVM;Prd. Siderúrgicos - Outros;Intendente Câmara;MG;Carreira Comprida;MG;397;88.701
jan/25;EFVM;Prd. Siderúrgicos - Outros;Intendente Câmara;MG;Lafaiete Bandeira;MG;10.013;2.231.730
jan/25;EFVM;Prd. Siderúrgicos - Outros;Intendente Câmara;MG;Tubarão;ES;9.795;4.242.322
jan/25;EFVM;Prd. Siderúrgicos - Outros;Ouro Branco;MG;Pedro Nolasco;ES;1.773;1.193.705
jan/25;EFVM;Prd. Siderúrgicos - Outros;Ouro Branco;MG;Tubarão;ES;8.697;5.900.061
jan/25;EFVM;Prd. Siderúrgicos - Outros;Tubarão;ES;Intendente Câmara;MG;77;33.349
jan/25;EFVM;Prd. Siderúrgicos - Placa;Ouro Branco;MG;Intendente Câmara;MG;1.059;251.793
jan/25;EFVM;Prd. Siderúrgicos - Placa;Ouro Branco;MG;Tubarão;ES;40.675;27.524.302
jan/25;EFVM;Prd. Siderúrgicos - Placa;Tubarão;ES;Divinopolis;MG;1.299;1.056.894
jan/25;EFVM;Prd. Siderúrgicos - Placa;Tubarão;ES;Intendente Câmara;MG;13.352;5.782.898
jan/25;EFVM;Prd. Siderúrgicos - Tarugo;Ouro Branco;MG;Tubarão;ES;21.517;14.435.238
jan/25;EFVM;Toras de Madeira;Desembargador Drumond;MG;Frederico Selow;MG;18.588;2.019.288
jan/25;EFVM;Toras de Madeira;Eng. Costa Lacerda;MG;Frederico Selow;MG;37.771;6.450.153
jan/25;EFVM;Ureia;Tubarão;ES;Brejo Alegre;MG;38.174;53.951.121
jan/25;EFVM;Ureia;Tubarão;ES;Eng. Adelmar;MG;4.470;4.319.790
jan/25;FCA;Açúcar;Guará;SP;Estação TUF;SP;81.133;51.894.240
jan/25;FCA;Açúcar;Guará;SP;Santos;SP;5.713;3.704.520
jan/25;FCA;Açúcar;Ribeirão Preto;SP;Santos;SP;86.961;48.301.438
jan/25;FCA;Açúcar;Terminal Integrador Uberaba;MG;Estação TUF;SP;6.005;5.027.212
jan/25;FCA;Areia;Capitão Eduardo;MG;Carreira Comprida;MG;37.772;246.726
jan/25;FCA;Areia;Roncador Novo;GO;Brasília;DF;3.486;852.560
jan/25;FCA;Bauxita;Bauxita;MG;Alumínio;SP;29.893;8.363.911
jan/25;FCA;Bauxita;Brasília;DF;Alumínio;SP;38.726;44.700.995
jan/25;FCA;Calcário Corretivo;Matozinhos;MG;Tubarão;ES;28.303;20.009.711
jan/25;FCA;Calcário Siderúrgico;Matozinhos;MG;Intendente Câmara;MG;34.957;9.836.794
jan/25;FCA;Calcário Siderúrgico;Nova Granja;MG;Tubarão;ES;25.952;17.776.071
jan/25;FCA;Calcário Siderúrgico;Terminal Siderúrgico;MG;Calcario;RJ;61.171;29.454.324
jan/25;FCA;Celulose;LD Celulose;MG;Aracruz;ES;43.520;58.626.923
jan/25;FCA;Clínquer;Terminal Siderúrgico;MG;Calcario;RJ;28.896;13.913.655
jan/25;FCA;Cloreto de Potássio;Estação TUF;SP;Valefertil;MG;32.578;22.606.920
jan/25;FCA;Cloreto de Potássio;Fosfago;GO;Final Ramal das Fábricas;SP;32.906;33.630.984
jan/25;FCA;Contêiner Cheio de 20 Pés;Batista Almeida;MG;Calcario;RJ;3.213;1.533.589
jan/25;FCA;Contêiner Cheio de 20 Pés;Batista Almeida;MG;Tubarão;ES;7.084;6.917.809
jan/25;FCA;Contêiner Cheio de 20 Pés;Nova Granja;MG;Tubarão;ES;34.301;23.360.611
jan/25;FCA;Contêiner Cheio de 40 Pés;Replan;SP;General Curado;GO;139;135.268
jan/25;FCA;Cromita;Campo Formoso;BA;Irapui;BA;7.336;2.827.206
jan/25;FCA;Cromita;Itiuba;BA;Irapui;BA;16.485;4.978.123
jan/25;FCA;Demais Produtos;Nova Granja;MG;Tubarão;ES;3.948;2.688.437
jan/25;FCA;Dolomita;Terminal Siderúrgico;MG;Calcario;RJ;23.047;11.097.314
jan/25;FCA;Enxofre;Estação TUF;SP;Fosfago;GO;12.196;12.677.632
jan/25;FCA;Enxofre;Estação TUF;SP;Valefertil;MG;60.473;42.028.671
jan/25;FCA;Farelo de Milho;Brejo Alegre;MG;Tubarão;ES;23.681;33.468.238
jan/25;FCA;Farelo de Soja;Brejo Alegre;MG;Estação TUF;SP;18.715;17.758.756
jan/25;FCA;Ferro Gusa;Calsete;MG;Pedro Nolasco;ES;26.500;19.525.859
jan/25;FCA;Ferro Gusa;Calsete;MG;Tubarão;ES;4.025;2.956.088
jan/25;FCA;Ferro Gusa;Paulo Menicucci;MG;Tubarão;ES;3.566;2.968.073
jan/25;FCA;Ferro Gusa;Prudente de Morais;MG;Pedro Nolasco;ES;900;651.752
jan/25;FCA;Ferro Gusa;Prudente de Morais;MG;Tubarão;ES;4.584;3.337.371
jan/25;FCA;Fosfato;Catalão;GO;Valefertil;MG;45.461;15.366.227
jan/25;FCA;Fosfato;Estação TUF;SP;Valefertil;MG;7.194;4.988.909
jan/25;FCA;Gasolina;Embiruçu;MG;Governador Valadares;MG;4.563;1.642.505
jan/25;FCA;Gasolina;Embiruçu;MG;Tubarão;ES;560;382.186
jan/25;FCA;Grãos - Milho;Terminal Integrador Uberaba;MG;Estação TUF;SP;15.112;12.637.820
jan/25;FCA;Grãos - Milho;Terminal Integrador Uberaba;MG;Santos;SP;458;386.612
jan/25;FCA;LAB - Sulfonato de alquilbenzeno linear;Copec;BA;Vespasiano;MG;1.270;2.048.012
jan/25;FCA;Magnesita;Catiboaba;BA;Parque Industrial;MG;10.531;10.792.982
jan/25;FCA;Magnesita;Catiboaba;BA;Porto de Aratu;BA;11.862;7.191.242
jan/25;FCA;Minério de Ferro;Nova Granja;MG;Tubarão;ES;15.750;10.843.685
jan/25;FCA;Minério de Ferro;Silva Oliveira;MG;Intendente Câmara;MG;118.242;36.579.816
jan/25;FCA;Minério de Ferro;Terminal de Patrocínio;MG;Terminal de Fosfatados;MG;339.509;65.746.257
jan/25;FCA;Óleo Diesel;Embiruçu;MG;Governador Valadares;MG;1.211;435.912
jan/25;FCA;Outros - Comb e derivado -  Perigoso;Embiruçu;MG;Tubarão;ES;15.759;10.755.139
jan/25;FCA;Prd. Siderúrgicos - Placa;Parque Industrial;MG;Tubarão;ES;3.296;2.239.651
jan/25;FCA;Prd. Siderúrgicos - Tarugo;Parque Industrial;MG;Tubarão;ES;831;564.669
jan/25;FCA;Soja;Terminal Integrador Uberaba;MG;Estação TUF;SP;24.604;20.158.238
jan/25;FCA;Toras de Madeira;Calsete;MG;Aracruz;ES;56.916;40.341.946
jan/25;FCA;Ureia;Estação TUF;SP;Valefertil;MG;23.999;16.670.698
jan/25;FNSTN;Álcool;Porto Nacional;TO;Itaqui Base Combustível;MA;6.170;7.695.435
jan/25;FNSTN;Celulose;Suzano;MA;Pátio Esso;MA;109.552;67.437.362
jan/25;FNSTN;Fosfato;Ponta da Madeira Pêra do Píer;MA;Palmeirante;TO;7.680;7.542.312
jan/25;FNSTN;Gasolina;Itaqui Base Combustível;MA;Porto Nacional;TO;8.444;10.522.903
jan/25;FNSTN;Grãos - Milho;Palmeirante;TO;Ponta da Madeira Pêra do Píer;MA;1.661;1.631.219
jan/25;FNSTN;Grãos - Milho;Porto Nacional;TO;Ponta da Madeira Pêra do Píer;MA;255;319.660
jan/25;FNSTN;Óleo Diesel;Itaqui Base Combustível;MA;Porto Nacional;TO;21.182;26.393.856
jan/25;FNSTN;Outros - Comb e derivado -  Perigoso;Porto Nacional;TO;Itaqui Base Combustível;MA;5.523;6.880.840
jan/25;FNSTN;Soja;Palmeirante;TO;Ponta da Madeira Pêra do Píer;MA;5.319;5.223.640
jan/25;FNSTN;Soja;Porto Franco;MA;Ponta da Madeira Pêra do Píer;MA;2.881;2.106.217
jan/25;FNSTN;Soja;Porto Nacional;TO;Ponta da Madeira Pêra do Píer;MA;10.867;13.621.786
jan/25;FTC;Carvão Mineral;Mina Novo Horizonte;SC;Capivari;SC;24.820;1.371.578
jan/25;FTC;Carvão Mineral;Rio Fiorita;SC;Capivari;SC;118.708;9.362.973
jan/25;FTC;Carvão Mineral;Sangão;SC;Capivari;SC;2.023;141.713
jan/25;FTC;Carvão Mineral;Urussanga;SC;Capivari;SC;35.320;2.280.117
jan/25;FTC;Contêiner Cheio de 20 Pés;Eng. Paz Ferreira;SC;Imbituba;SC;31.039;3.308.819
jan/25;FTC;Contêiner Cheio de 20 Pés;Imbituba;SC;Eng. Paz Ferreira;SC;79;8.421
jan/25;FTC;Contêiner Cheio de 40 Pés;Eng. Paz Ferreira;SC;Imbituba;SC;7.186;766.041
jan/25;FTC;Contêiner Cheio de 40 Pés;Imbituba;SC;Eng. Paz Ferreira;SC;2.336;249.022
jan/25;FTC;Contêiner Vazio de 20 Pés;Eng. Paz Ferreira;SC;Imbituba;SC;5;533
jan/25;FTC;Contêiner Vazio de 20 Pés;Imbituba;SC;Eng. Paz Ferreira;SC;2.668;284.414
jan/25;FTC;Contêiner Vazio de 40 Pés;Eng. Paz Ferreira;SC;Imbituba;SC;20;2.132
jan/25;FTC;Contêiner Vazio de 40 Pés;Imbituba;SC;Eng. Paz Ferreira;SC;593;63.214
jan/25;FTL;Areia;Aracapé;CE;Coroatá;MA;40;37.992
jan/25;FTL;Areia;Aracapé;CE;São Luis - Tirirical;MA;40;47.345
jan/25;FTL;Areia;Aracapé;CE;Sobral;CE;40;9.223
jan/25;FTL;Areia;Aracapé;CE;Teresina;PI;40;29.220
jan/25;FTL;Celulose;Pátio Esso;MA;Itaqui;MA;108.800;217.600
jan/25;FTL;Cimento acondicionado;Fábrica Votorantim Pecém;CE;Aracapé;CE;11.120;520.905
jan/25;FTL;Cimento acondicionado;Pecem;CE;São Luis - Tirirical;MA;1.537;1.790.425
jan/25;FTL;Cimento acondicionado;Pecem;CE;Teresina;PI;1.240;879.014
jan/25;FTL;Cimento acondicionado;Poty;CE;Teresina;PI;15.426;7.743.913
jan/25;FTL;Clínquer;Poty;CE;Fábrica Votorantim Pecém;CE;8.529;1.708.384
jan/25;FTL;Clínquer;Poty;CE;São Luis - Tirirical;MA;8.801;8.431.393
jan/25;FTL;Demais Produtos;Aracapé;CE;Cariré;CE;20;5.267
jan/25;FTL;Demais Produtos;Aracapé;CE;Miraíma;CE;16;2.896
jan/25;FTL;Demais Produtos;Aracapé;CE;Nova Russas;CE;16;6.061
jan/25;FTL;Demais Produtos;Carga Ferro Gusa e Cruz;MA;Babaçu;MA;241;64.621
jan/25;FTL;Demais Produtos;Carga Ferro Gusa e Cruz;MA;Cana Brava;PI;89;54.468
jan/25;FTL;Demais Produtos;Carga Ferro Gusa e Cruz;MA;Carema Novo;MA;1.877;61.753
jan/25;FTL;Demais Produtos;Carga Ferro Gusa e Cruz;MA;Codó;MA;747;170.638
jan/25;FTL;Demais Produtos;Carga Ferro Gusa e Cruz;MA;Coroatá;MA;215;37.587
jan/25;FTL;Demais Produtos;Carga Ferro Gusa e Cruz;MA;Crateus;CE;161;110.984
jan/25;FTL;Demais Produtos;Carga Ferro Gusa e Cruz;MA;Nova Russas;CE;281;210.374
jan/25;FTL;Demais Produtos;Codó;MA;AMV km 26 Itaqui;MA;9;2.380
jan/25;FTL;Demais Produtos;Codó;MA;Pirapemas Novo;MA;7;737
jan/25;FTL;Demais Produtos;Crateus;CE;Aracapé;CE;1;438
jan/25;FTL;Demais Produtos;Crateus;CE;Ibiapaba;CE;24;888
jan/25;FTL;Demais Produtos;Oficina Demostenes Rockert;CE;Crateus;CE;20;8.773
jan/25;FTL;Demais Produtos;São Luis - Tirirical;MA;Cana Brava;PI;108;72.468
jan/25;FTL;Demais Produtos;São Luis - Tirirical;MA;Carema Novo;MA;25;2.297
jan/25;FTL;Demais Produtos;São Luis - Tirirical;MA;Caxias Nova;MA;16;6.036
jan/25;FTL;Demais Produtos;São Luis - Tirirical;MA;Codó;MA;13;3.736
jan/25;FTL;Demais Produtos;São Luis - Tirirical;MA;Coroatá;MA;16;3.787
jan/25;FTL;Demais Produtos;São Luis - Tirirical;MA;Itapecuru Mirim;MA;8;1.018
jan/25;FTL;Demais Produtos;São Luis - Tirirical;MA;Pirapemas Novo;MA;28;5.180
jan/25;FTL;Demais Produtos;Sobral;CE;Aracapé;CE;1;230
jan/25;FTL;Demais Produtos;Sobral;CE;Oficina Demostenes Rockert;CE;1;231
jan/25;FTL;Demais Produtos;Teresina;PI;Aracapé;CE;1;730
jan/25;FTL;Demais Produtos;Teresina;PI;Pecem;CE;4;2.835
jan/25;FTL;Dormentes de Madeira;Aracapé;CE;Croatá;CE;16;1.105
jan/25;FTL;Dormentes de Madeira;Aracapé;CE;Itapipoca;CE;16;2.154
jan/25;FTL;Dormentes de Madeira;Crateus;CE;Cana Brava;PI;130;10.054
jan/25;FTL;Gasolina;Itaqui;MA;Itarare;PI;11.245;5.208.120
jan/25;FTL;Gasolina;Itaqui;MA;Teresina;PI;5.846;2.683.665
jan/25;FTL;Óleo Diesel;Itaqui;MA;Itarare;PI;12.424;5.754.171
jan/25;FTL;Óleo Diesel;Itaqui;MA;Teresina;PI;6.574;3.021.333
jan/25;FTL;Pallets de Madeira;Teresina;PI;Pecem;CE;27;19.139
jan/25;FTL;Prd. Siderúrgicos - Bobina - BF;Pecem;CE;Teresina;PI;11.661;9.282.419
jan/25;FTL;Prd. Siderúrgicos - Outros;Aracapé;CE;Pecem;CE;20;1.152
jan/25;FTL;Sucata;Miraíma;CE;Oficina Demostenes Rockert;CE;20;3.630
jan/25;MRS;Açúcar;Itirapina;SP;Santos;SP;97.291;38.218.628
jan/25;MRS;Açúcar;Pradopolis;SP;Santos;SP;103.717;55.967.438
jan/25;MRS;Açúcar;Rio Preto Paulista;SP;Santos;SP;7.832;5.251.998
jan/25;MRS;Areia;Cruzeiro;SP;Mooca;SP;20.672;4.842.126
jan/25;MRS;Areia;Cruzeiro;SP;Santo André;SP;4.043;1.004.600
jan/25;MRS;Areia;Parque Industrial;MG;Água Branca;SP;12.670;9.655.097
jan/25;MRS;Areia;Roseira;SP;Água Branca;SP;7.677;1.416.805
jan/25;MRS;Areia;Roseira;SP;Mooca;SP;10.216;1.820.389
jan/25;MRS;Bauxita;Barão de Angra;RJ;Alumínio;SP;52.472;35.621.824
jan/25;MRS;Calcário Siderúrgico;Itutinga;MG;Volta Redonda;RJ;8.581;1.774.362
jan/25;MRS;Carvão Mineral;Baia Sepetiba;RJ;Volta Redonda;RJ;58.400;6.949.366
jan/25;MRS;Carvão Mineral;Curuputuba;SP;Volta Redonda;RJ;1.724;299.181
jan/25;MRS;Carvão Mineral;Porto Sudeste;RJ;Ouro Branco;MG;35.383;16.714.221
jan/25;MRS;Celulose;Pederneiras;SP;Santos;SP;219.444;114.344.807
jan/25;MRS;Celulose;São Silvestre;SP;Barnabé;SP;78.320;7.907.187
jan/25;MRS;Cimento a Granel;Barbacena;MG;Santo André;SP;25.297;16.749.548
jan/25;MRS;Cimento a Granel;Pedra do Sino;MG;São Bento;SP;31.331;20.416.062
jan/25;MRS;Cimento a Granel;Terminal Cimento Barroso;MG;Deodoro;RJ;6.009;2.144.221
jan/25;MRS;Cimento acondicionado;Capuava;SP;Água Branca;SP;280;7.868
jan/25;MRS;Cimento acondicionado;Pedra do Sino;MG;Arará;RJ;8.446;4.480.923
jan/25;MRS;Cimento acondicionado;Volta Redonda;RJ;Água Branca;SP;574;199.812
jan/25;MRS;Cimento acondicionado;Volta Redonda;RJ;Arará;RJ;25.125;3.634.657
jan/25;MRS;Cimento acondicionado;Volta Redonda;RJ;Benfica;MG;1.573;340.590
jan/25;MRS;Cimento acondicionado;Volta Redonda;RJ;Capuava;SP;1.005;361.877
jan/25;MRS;Cimento acondicionado;Volta Redonda;RJ;Deodoro;RJ;72;8.827
jan/25;MRS;Cimento acondicionado;Volta Redonda;RJ;Mogi das Cruzes;SP;646;214.791
jan/25;MRS;Cimento acondicionado;Volta Redonda;RJ;Pedrasil;SP;3.945;661.079
jan/25;MRS;Cimento acondicionado;Volta Redonda;RJ;São José dos Campos;SP;6.195;1.461.964
jan/25;MRS;Cimento acondicionado;Wilson Lobato;MG;Água Branca;SP;1.825;1.549.830
jan/25;MRS;Cimento acondicionado;Wilson Lobato;MG;Capuava;SP;70;60.283
jan/25;MRS;Contêiner Cheio de 20 Pés;Arará;RJ;Conceiçãozinha;SP;354;187.752
jan/25;MRS;Contêiner Cheio de 20 Pés;Arará;RJ;Couto e Silva;MG;479;315.516
jan/25;MRS;Contêiner Cheio de 20 Pés;Arará;RJ;Eldorado;MG;9.377;6.025.761
jan/25;MRS;Contêiner Cheio de 20 Pés;Arará;RJ;Floriano;RJ;4.019;692.031
jan/25;MRS;Contêiner Cheio de 20 Pés;Conceiçãozinha;SP;Curuputuba;SP;2.153;456.804
jan/25;MRS;Contêiner Cheio de 20 Pés;Conceiçãozinha;SP;Eng. Neiva;SP;2.613;633.920
jan/25;MRS;Contêiner Cheio de 20 Pés;Conceiçãozinha;SP;Jundiaí;SP;502;68.805
jan/25;MRS;Contêiner Cheio de 20 Pés;Cragea;SP;Barnabé;SP;2.265;102.430
jan/25;MRS;Contêiner Cheio de 20 Pés;Curuputuba;SP;Arará;RJ;544;173.101
jan/25;MRS;Contêiner Cheio de 20 Pés;Curuputuba;SP;Barnabé;SP;566;115.468
jan/25;MRS;Contêiner Cheio de 20 Pés;Curuputuba;SP;Conceiçãozinha;SP;4.716;1.000.597
jan/25;MRS;Contêiner Cheio de 20 Pés;Dias Tavares;MG;Arará;RJ;54;36.648
jan/25;MRS;Contêiner Cheio de 20 Pés;Eldorado;MG;Arará;RJ;4.031;2.349.270
jan/25;MRS;Contêiner Cheio de 20 Pés;Eldorado;MG;Barnabé;SP;1.538;1.218.841
jan/25;MRS;Contêiner Cheio de 20 Pés;Eldorado;MG;Brisamar;RJ;579;319.685
jan/25;MRS;Contêiner Cheio de 20 Pés;Eldorado;MG;Conceiçãozinha;SP;1.910;1.529.237
jan/25;MRS;Contêiner Cheio de 20 Pés;Final Ramal das Fábricas;SP;Eldorado;MG;1.177;1.132.898
jan/25;MRS;Contêiner Cheio de 20 Pés;Itutinga;MG;Conceiçãozinha;SP;2.125;1.209.736
jan/25;MRS;Contêiner Cheio de 20 Pés;Jundiaí;SP;Conceiçãozinha;SP;3.803;521.246
jan/25;MRS;Contêiner Cheio de 20 Pés;Santos;SP;Jundiaí;SP;44;6.138
jan/25;MRS;Contêiner Cheio de 20 Pés - Perigoso;Conceiçãozinha;SP;Eng. Neiva;SP;1.002;243.087
jan/25;MRS;Contêiner Cheio de 40 Pés;Arará;RJ;Barnabé;SP;145;75.719
jan/25;MRS;Contêiner Cheio de 40 Pés;Arará;RJ;Conceiçãozinha;SP;68;36.065
jan/25;MRS;Contêiner Cheio de 40 Pés;Arará;RJ;Couto e Silva;MG;89;58.624
jan/25;MRS;Contêiner Cheio de 40 Pés;Arará;RJ;Edmar Alves;SP;1.999;732.137
jan/25;MRS;Contêiner Cheio de 40 Pés;Arará;RJ;Floriano;RJ;1.425;245.370
jan/25;MRS;Contêiner Cheio de 40 Pés;Arará;RJ;Itatiaia;RJ;190;38.556
jan/25;MRS;Contêiner Cheio de 40 Pés;Arará;RJ;Manoel Feio;SP;1.329;603.508
jan/25;MRS;Contêiner Cheio de 40 Pés;Arará;RJ;MultiTerminais;RJ;130;25.855
jan/25;MRS;Contêiner Cheio de 40 Pés;Barnabé;SP;Cragea;SP;902;40.791
jan/25;MRS;Contêiner Cheio de 40 Pés;Barnabé;SP;Curuputuba;SP;1.305;266.230
jan/25;MRS;Contêiner Cheio de 40 Pés;Barnabé;SP;Jundiaí;SP;4.587;591.258
jan/25;MRS;Contêiner Cheio de 40 Pés;Boa Vista Velha;SP;Brisamar;RJ;1.276;725.981
jan/25;MRS;Contêiner Cheio de 40 Pés;Brisamar;RJ;Floriano;RJ;3.262;461.648
jan/25;MRS;Contêiner Cheio de 40 Pés;Brisamar;RJ;MultiTerminais;RJ;132;22.205
jan/25;MRS;Contêiner Cheio de 40 Pés;Brisamar;RJ;Prudente de Morais;MG;117;83.829
jan/25;MRS;Contêiner Cheio de 40 Pés;Conceiçãozinha;SP;Cragea;SP;5.325;284.280
jan/25;MRS;Contêiner Cheio de 40 Pés;Conceiçãozinha;SP;Curuputuba;SP;8.781;1.863.073
jan/25;MRS;Contêiner Cheio de 40 Pés;Conceiçãozinha;SP;Eng. Neiva;SP;1.235;299.614
jan/25;MRS;Contêiner Cheio de 40 Pés;Conceiçãozinha;SP;Jundiaí;SP;5.882;806.198
jan/25;MRS;Contêiner Cheio de 40 Pés;Cragea;SP;Barnabé;SP;562;25.415
jan/25;MRS;Contêiner Cheio de 40 Pés;Curuputuba;SP;Conceiçãozinha;SP;309;65.560
jan/25;MRS;Contêiner Cheio de 40 Pés;Dias Tavares;MG;Arará;RJ;168;114.018
jan/25;MRS;Contêiner Cheio de 40 Pés;Eldorado;MG;Brisamar;RJ;83;45.827
jan/25;MRS;Contêiner Cheio de 40 Pés;Floriano;RJ;Arará;RJ;590;101.592
jan/25;MRS;Contêiner Cheio de 40 Pés;Jundiaí;SP;Arará;RJ;5.540;3.032.644
jan/25;MRS;Contêiner Cheio de 40 Pés;Jundiaí;SP;Barnabé;SP;6.341;817.348
jan/25;MRS;Contêiner Cheio de 40 Pés;Jundiaí;SP;Conceiçãozinha;SP;17.059;2.338.140
jan/25;MRS;Contêiner Cheio de 40 Pés;Manoel Feio;SP;Arará;RJ;530;240.676
jan/25;MRS;Contêiner Cheio de 40 Pés;Manoel Feio;SP;Barnabé;SP;667;47.087
jan/25;MRS;Contêiner Cheio de 40 Pés;Manoel Feio;SP;Conceiçãozinha;SP;980;77.183
jan/25;MRS;Contêiner Cheio de 40 Pés;Santos;SP;Jundiaí;SP;2.049;285.853
jan/25;MRS;Contêiner Cheio de 40 Pés - Perigoso;Conceiçãozinha;SP;Eng. Neiva;SP;737;178.798
jan/25;MRS;Contêiner Vazio de 20 Pés;Arará;RJ;Dias Tavares;MG;5;1.467
jan/25;MRS;Contêiner Vazio de 20 Pés;Arará;RJ;Eldorado;MG;62;39.841
jan/25;MRS;Contêiner Vazio de 20 Pés;Arará;RJ;Itutinga;MG;2;1.241
jan/25;MRS;Contêiner Vazio de 20 Pés;Brisamar;RJ;Eldorado;MG;90;55.074
jan/25;MRS;Contêiner Vazio de 20 Pés;Conceiçãozinha;SP;Eng. Neiva;SP;21;5.094
jan/25;MRS;Contêiner Vazio de 20 Pés;Couto e Silva;MG;Arará;RJ;51;30.542
jan/25;MRS;Contêiner Vazio de 20 Pés;Cragea;SP;Conceiçãozinha;SP;1.169;62.408
jan/25;MRS;Contêiner Vazio de 20 Pés;Curuputuba;SP;Conceiçãozinha;SP;209;44.343
jan/25;MRS;Contêiner Vazio de 20 Pés;Eldorado;MG;Arará;RJ;230;134.043
jan/25;MRS;Contêiner Vazio de 20 Pés;Eng. Neiva;SP;Conceiçãozinha;SP;355;86.122
jan/25;MRS;Contêiner Vazio de 20 Pés;Floriano;RJ;Arará;RJ;262;45.113
jan/25;MRS;Contêiner Vazio de 20 Pés;Itutinga;MG;Arará;RJ;166;58.339
jan/25;MRS;Contêiner Vazio de 20 Pés;MultiTerminais;RJ;Brisamar;RJ;2;336
jan/25;MRS;Contêiner Vazio de 40 Pés;Arará;RJ;Dias Tavares;MG;20;5.869
jan/25;MRS;Contêiner Vazio de 40 Pés;Arará;RJ;Eldorado;MG;20;12.852
jan/25;MRS;Contêiner Vazio de 40 Pés;Barnabé;SP;Jundiaí;SP;102;13.147
jan/25;MRS;Contêiner Vazio de 40 Pés;Brisamar;RJ;Boa Vista Velha;SP;136;77.377
jan/25;MRS;Contêiner Vazio de 40 Pés;Conceiçãozinha;SP;Manoel Feio;SP;255;20.083
jan/25;MRS;Contêiner Vazio de 40 Pés;Couto e Silva;MG;Arará;RJ;17;10.180
jan/25;MRS;Contêiner Vazio de 40 Pés;Cragea;SP;Conceiçãozinha;SP;156;8.328
jan/25;MRS;Contêiner Vazio de 40 Pés;Curuputuba;SP;Conceiçãozinha;SP;731;155.097
jan/25;MRS;Contêiner Vazio de 40 Pés;Edmar Alves;SP;Arará;RJ;122;44.682
jan/25;MRS;Contêiner Vazio de 40 Pés;Edmar Alves;SP;Manoel Feio;SP;71;6.237
jan/25;MRS;Contêiner Vazio de 40 Pés;Eldorado;MG;Arará;RJ;65;37.882
jan/25;MRS;Contêiner Vazio de 40 Pés;Eng. Neiva;SP;Conceiçãozinha;SP;303;73.508
jan/25;MRS;Contêiner Vazio de 40 Pés;Floriano;RJ;Arará;RJ;309;53.206
jan/25;MRS;Contêiner Vazio de 40 Pés;Floriano;RJ;Brisamar;RJ;364;51.514
jan/25;MRS;Contêiner Vazio de 40 Pés;Itatiaia;RJ;Arará;RJ;102;20.698
jan/25;MRS;Contêiner Vazio de 40 Pés;Manoel Feio;SP;Arará;RJ;3;1.362
jan/25;MRS;Contêiner Vazio de 40 Pés;MultiTerminais;RJ;Brisamar;RJ;92;15.476
jan/25;MRS;Contêiner Vazio de 40 Pés;Nova Granja;MG;Brisamar;RJ;17;10.491
jan/25;MRS;Coque;Baia Sepetiba;RJ;Volta Redonda;RJ;77.167;9.182.564
jan/25;MRS;Coque;Curuputuba;SP;Ouro Branco;MG;17.803;10.714.254
jan/25;MRS;Coque;Curuputuba;SP;Vespasiano;MG;4.245;3.413.935
jan/25;MRS;Coque;Vespasiano;MG;Ouro Branco;MG;8.875;1.966.274
jan/25;MRS;Escória;Ouro Branco;MG;Wilson Lobato;MG;15.683;3.887.690
jan/25;MRS;Escória;Siderúrgica do Atlântico;RJ;São Bento;SP;3.611;1.512.814
jan/25;MRS;Ferro Gusa;Prudente de Morais;MG;Arará;RJ;26.889;18.482.068
jan/25;MRS;Ferro Gusa;Prudente de Morais;MG;Dias Tavares;MG;850;649.736
jan/25;MRS;Ferro Gusa;São Bento;SP;Arará;RJ;1.464;634.809
jan/25;MRS;Ferro Gusa;Sarzedo Novo;MG;Arará;RJ;80.025;44.068.078
jan/25;MRS;Ferro Gusa;Sarzedo Novo;MG;Itaguai;RJ;13.244;6.992.990
jan/25;MRS;Grãos - Milho;Pederneiras;SP;Santos;SP;1.945;1.013.473
jan/25;MRS;Minério de Ferro;Carlos Newlands;MG;Brisamar;RJ;451.821;228.949.899
jan/25;MRS;Minério de Ferro;Carlos Newlands;MG;Porto Sudeste;RJ;14.676;7.480.753
jan/25;MRS;Minério de Ferro;Casa de Pedra;MG;Baia Sepetiba;RJ;1.431.961;631.653.748
jan/25;MRS;Minério de Ferro;Casa de Pedra;MG;Volta Redonda;RJ;221.130;71.229.289
jan/25;MRS;Minério de Ferro;Cel. João Carlos Guedes;MG;Brisamar;RJ;84.715;35.460.428
jan/25;MRS;Minério de Ferro;Dr. Joaquim Murtinho;MG;Baia Sepetiba;RJ;428.183;195.259.583
jan/25;MRS;Minério de Ferro;Dr. Joaquim Murtinho;MG;Brisamar;RJ;185.013;83.444.378
jan/25;MRS;Minério de Ferro;Dr. Joaquim Murtinho;MG;Porto Sudeste;RJ;744;337.790
jan/25;MRS;Minério de Ferro;Guaiba;RJ;Pires;MG;15.600;8.488.287
jan/25;MRS;Minério de Ferro;Itutinga;MG;Volta Redonda;RJ;77.204;15.964.088
jan/25;MRS;Minério de Ferro;Olhos D Água;MG;Baia Sepetiba;RJ;75.409;41.549.378
jan/25;MRS;Minério de Ferro;Olhos D Água;MG;Guaiba;RJ;459.955;263.603.430
jan/25;MRS;Minério de Ferro;Olhos D Água;MG;Siderúrgica do Atlântico;RJ;13.780;7.744.180
jan/25;MRS;Minério de Ferro;Otavio Dapieve;MG;Baia Sepetiba;RJ;541.059;262.185.288
jan/25;MRS;Minério de Ferro;Otavio Dapieve;MG;Guaiba;RJ;1.401.679;710.227.945
jan/25;MRS;Minério de Ferro;Otavio Dapieve;MG;Siderúrgica do Atlântico;RJ;282.508;140.004.749
jan/25;MRS;Minério de Ferro;Otavio Dapieve;MG;Volta Redonda;RJ;126.211;46.140.469
jan/25;MRS;Minério de Ferro;Pires;MG;Baia Sepetiba;RJ;879.279;398.677.408
jan/25;MRS;Minério de Ferro;Pires;MG;Guaiba;RJ;206.896;98.386.082
jan/25;MRS;Minério de Ferro;Pires;MG;Siderúrgica do Atlântico;RJ;248.300;115.313.996
jan/25;MRS;Minério de Ferro;Sarzedo;MG;Baia Sepetiba;RJ;70.734;37.376.482
jan/25;MRS;Minério de Ferro;Sarzedo;MG;Brisamar;RJ;393.825;206.131.549
jan/25;MRS;Minério de Ferro;Sarzedo;MG;Guaiba;RJ;55.975;30.815.860
jan/25;MRS;Minério de Ferro;Sarzedo Novo;MG;Baia Sepetiba;RJ;253.480;133.080.041
jan/25;MRS;Minério de Ferro;Sarzedo Novo;MG;Brisamar;RJ;26.112;13.578.553
jan/25;MRS;Minério de Ferro;Sarzedo Novo;MG;Porto Sudeste;RJ;773.541;404.571.223
jan/25;MRS;Minério de Ferro;Viga;MG;Baia Sepetiba;RJ;149.558;65.337.702
jan/25;MRS;Minério de Ferro;Viga;MG;Guaiba;RJ;90.492;41.535.104
jan/25;MRS;Minério de Ferro Especial - MRS distancia menor 100 km;Carlos Newlands;MG;Ouro Branco;MG;11.070;1.287.518
jan/25;MRS;Minério de Ferro Especial - MRS distancia menor 100 km;Cel. João Carlos Guedes;MG;Dias Tavares;MG;31.861;16.768.476
jan/25;MRS;Minério de Ferro Especial - MRS distancia menor 100 km;Itaguai;RJ;Pires;MG;5.434;2.480.153
jan/25;MRS;Minério de Ferro Especial - MRS distancia menor 100 km;Itutinga;MG;Ouro Branco;MG;5.645;3.584.924
jan/25;MRS;Minério de Ferro Especial - MRS distancia menor 100 km;Otavio Dapieve;MG;Ouro Branco;MG;25.840;2.530.640
jan/25;MRS;Óleo Diesel;Embiruçu;MG;Cel. João Carlos Guedes;MG;2.503;363.047
jan/25;MRS;Outras - Carga Geral Não Conteinerizada;Arará;RJ;Prudente de Morais;MG;849;634.336
jan/25;MRS;Outras - Carga Geral Não Conteinerizada;Brisamar;RJ;Volta Redonda;RJ;60;6.839
jan/25;MRS;Outros Graneis Minerais;Arará;RJ;Prudente de Morais;MG;1.914;1.430.058
jan/25;MRS;Prd. Siderúrgicos - Bobina - BF;Arará;RJ;Pulverizacao;RJ;509;56.322
jan/25;MRS;Prd. Siderúrgicos - Bobina - BF;Lafaiete Bandeira;MG;Boa Vista Velha;SP;8.572;6.781.650
jan/25;MRS;Prd. Siderúrgicos - Bobina - BF;Lafaiete Bandeira;MG;São Caetano do Sul;SP;75;51.384
jan/25;MRS;Prd. Siderúrgicos - Bobina - BF;Lafaiete Bandeira;MG;Usiminas;SP;6.381;3.435.524
jan/25;MRS;Prd. Siderúrgicos - Bobina - BF;Ouro Branco;MG;Caçapava;SP;957;513.633
jan/25;MRS;Prd. Siderúrgicos - Bobina - BF;Ouro Branco;MG;Parque Industrial;MG;7.324;1.177.069
jan/25;MRS;Prd. Siderúrgicos - Bobina - BF;Ouro Branco;MG;São Bento;SP;5.857;3.586.521
jan/25;MRS;Prd. Siderúrgicos - Bobina - BF;Parque Industrial;MG;Boa Vista Velha;SP;1.277;1.109.575
jan/25;MRS;Prd. Siderúrgicos - Bobina - BF;Piaçaguera;SP;Barbará;RJ;1.736;631.180
jan/25;MRS;Prd. Siderúrgicos - Bobina - BF;Piaçaguera;SP;Ipiranga;SP;3.306;174.069
jan/25;MRS;Prd. Siderúrgicos - Bobina - BF;Piaçaguera;SP;Manoel Feio;SP;5.948;367.342
jan/25;MRS;Prd. Siderúrgicos - Bobina - BF;Piaçaguera;SP;São Caetano do Sul;SP;1.550;75.117
jan/25;MRS;Prd. Siderúrgicos - Bobina - BF;Piaçaguera;SP;Utinga;SP;15.498;695.224
jan/25;MRS;Prd. Siderúrgicos - Bobina - BF;Volta Redonda;RJ;Ipiranga;SP;2.420;834.282
jan/25;MRS;Prd. Siderúrgicos - Bobina - BQ;Floriano;RJ;Brisamar;RJ;2.289;323.946
jan/25;MRS;Prd. Siderúrgicos - Bobina - BQ;Lafaiete Bandeira;MG;Barbará;RJ;7.117;2.521.254
jan/25;MRS;Prd. Siderúrgicos - Bobina - BQ;Lafaiete Bandeira;MG;Cruzeiro;SP;3.393;1.505.450
jan/25;MRS;Prd. Siderúrgicos - Bobina - BQ;Lafaiete Bandeira;MG;Ipiranga;SP;6.728;4.581.296
jan/25;MRS;Prd. Siderúrgicos - Bobina - BQ;Lafaiete Bandeira;MG;Manoel Feio;SP;4.232;2.732.301
jan/25;MRS;Prd. Siderúrgicos - Bobina - BQ;Lafaiete Bandeira;MG;Usiminas;SP;1.552;835.595
jan/25;MRS;Prd. Siderúrgicos - Bobina - BQ;Parque Industrial;MG;Barbará;RJ;1.735;749.539
jan/25;MRS;Prd. Siderúrgicos - Bobina - BQ;Parque Industrial;MG;Cruzeiro;SP;1.120;584.019
jan/25;MRS;Prd. Siderúrgicos - Bobina - BQ;Parque Industrial;MG;Utinga;SP;439;336.483
jan/25;MRS;Prd. Siderúrgicos - Bobina - BQ;Piaçaguera;SP;Cruzeiro;SP;940;345.092
jan/25;MRS;Prd. Siderúrgicos - Bobina - BQ;Piaçaguera;SP;Ipiranga;SP;1.060;55.812
jan/25;MRS;Prd. Siderúrgicos - Bobina - BQ;Piaçaguera;SP;Paulínia;SP;960;260.157
jan/25;MRS;Prd. Siderúrgicos - Bobina - BQ;Piaçaguera;SP;Replan;SP;3.649;699.527
jan/25;MRS;Prd. Siderúrgicos - Bobina - BQ;Piaçaguera;SP;Usiminas;SP;1.085;180.648
jan/25;MRS;Prd. Siderúrgicos - Bobina - BQ;Volta Redonda;RJ;Brisamar;RJ;8.159;930.093
jan/25;MRS;Prd. Siderúrgicos - Fio Máquina;Dias Tavares;MG;Caçapava;SP;7.113;4.959.758
jan/25;MRS;Prd. Siderúrgicos - Fio Máquina;Dias Tavares;MG;Eldorado;MG;631;220.304
jan/25;MRS;Prd. Siderúrgicos - Fio Máquina;Dias Tavares;MG;Parque Industrial;MG;227;79.026
jan/25;MRS;Prd. Siderúrgicos - Fio Máquina;Dias Tavares;MG;Pinheirinho;SP;407;330.969
jan/25;MRS;Prd. Siderúrgicos - Fio Máquina;Itaguai;RJ;São Bento;SP;6.964;2.861.827
jan/25;MRS;Prd. Siderúrgicos - Fio Máquina;Ouro Branco;MG;Barbará;RJ;585;199.760
jan/25;MRS;Prd. Siderúrgicos - Fio Máquina;Ouro Branco;MG;Caçapava;SP;9.030;4.846.509
jan/25;MRS;Prd. Siderúrgicos - Fio Máquina;Ouro Branco;MG;Itaguai;RJ;1.679;786.769
jan/25;MRS;Prd. Siderúrgicos - Fio Máquina;Ouro Branco;MG;São Bento;SP;206;126.143
jan/25;MRS;Prd. Siderúrgicos - Outros;Barbará;RJ;Brisamar;RJ;2.594;309.005
jan/25;MRS;Prd. Siderúrgicos - Outros;Barbará;RJ;Cruzeiro;SP;3.895;398.773
jan/25;MRS;Prd. Siderúrgicos - Outros;Barbará;RJ;São Caetano do Sul;SP;1.978;680.052
jan/25;MRS;Prd. Siderúrgicos - Outros;Brisamar;RJ;Eldorado;MG;4.792;2.932.435
jan/25;MRS;Prd. Siderúrgicos - Outros;Brisamar;RJ;São Bento;SP;5.952;2.398.334
jan/25;MRS;Prd. Siderúrgicos - Outros;Dias Tavares;MG;Parque Industrial;MG;3.402;1.184.357
jan/25;MRS;Prd. Siderúrgicos - Outros;Floriano;RJ;Cruzeiro;SP;650;51.987
jan/25;MRS;Prd. Siderúrgicos - Outros;Itaguai;RJ;Caçapava;SP;2.674;896.617
jan/25;MRS;Prd. Siderúrgicos - Outros;Itaguai;RJ;Parque Industrial;MG;147;90.984
jan/25;MRS;Prd. Siderúrgicos - Outros;Itaguai;RJ;Pinheirinho;SP;1.093;463.834
jan/25;MRS;Prd. Siderúrgicos - Outros;Lafaiete Bandeira;MG;Manoel Feio;SP;16.743;10.809.766
jan/25;MRS;Prd. Siderúrgicos - Outros;Lafaiete Bandeira;MG;Piaçaguera;SP;780;739.276
jan/25;MRS;Prd. Siderúrgicos - Outros;Lafaiete Bandeira;MG;Utinga;SP;8.808;6.066.280
jan/25;MRS;Prd. Siderúrgicos - Outros;Manoel Feio;SP;Mogi das Cruzes;SP;528;12.170
jan/25;MRS;Prd. Siderúrgicos - Outros;Manoel Feio;SP;São Caetano do Sul;SP;1.446;57.103
jan/25;MRS;Prd. Siderúrgicos - Outros;Manoel Feio;SP;Volta Redonda;RJ;120;37.133
jan/25;MRS;Prd. Siderúrgicos - Outros;Ouro Branco;MG;Arará;RJ;1.470;722.153
jan/25;MRS;Prd. Siderúrgicos - Outros;Ouro Branco;MG;Caçapava;SP;7.233;3.882.037
jan/25;MRS;Prd. Siderúrgicos - Outros;Ouro Branco;MG;Eldorado;MG;212;34.283
jan/25;MRS;Prd. Siderúrgicos - Outros;Ouro Branco;MG;Eng. Cesar de Souza;SP;1.772;1.171.765
jan/25;MRS;Prd. Siderúrgicos - Outros;Ouro Branco;MG;Itutinga;MG;13.268;1.855.131
jan/25;MRS;Prd. Siderúrgicos - Outros;Ouro Branco;MG;Manoel Feio;SP;476;301.232
jan/25;MRS;Prd. Siderúrgicos - Outros;Ouro Branco;MG;Parque Industrial;MG;4.591;737.837
jan/25;MRS;Prd. Siderúrgicos - Outros;Ouro Branco;MG;São Caetano do Sul;SP;1.244;836.382
jan/25;MRS;Prd. Siderúrgicos - Outros;Piaçaguera;SP;Manoel Feio;SP;4.958;306.201
jan/25;MRS;Prd. Siderúrgicos - Outros;Piaçaguera;SP;Siderúrgica do Atlântico;RJ;70;34.909
jan/25;MRS;Prd. Siderúrgicos - Outros;Pulverizacao;RJ;Volta Redonda;RJ;68;2.312
jan/25;MRS;Prd. Siderúrgicos - Outros;São Bento;SP;São Caetano do Sul;SP;1.244;74.621
jan/25;MRS;Prd. Siderúrgicos - Outros;Saudade;RJ;Caçapava;SP;490;98.838
jan/25;MRS;Prd. Siderúrgicos - Outros;Saudade;RJ;Eldorado;MG;1.441;749.501
jan/25;MRS;Prd. Siderúrgicos - Outros;Saudade;RJ;Pinheirinho;SP;4.176;1.214.263
jan/25;MRS;Prd. Siderúrgicos - Outros;Siderúrgica do Atlântico;RJ;Piaçaguera;SP;83.496;41.848.111
jan/25;MRS;Prd. Siderúrgicos - Outros;Volta Redonda;RJ;Arará;RJ;583;84.338
jan/25;MRS;Prd. Siderúrgicos - Outros;Volta Redonda;RJ;Barbará;RJ;4.835;24.789
jan/25;MRS;Prd. Siderúrgicos - Outros;Volta Redonda;RJ;Cruzeiro;SP;189;20.319
jan/25;MRS;Prd. Siderúrgicos - Outros;Volta Redonda;RJ;Eldorado;MG;440;251.173
jan/25;MRS;Prd. Siderúrgicos - Outros;Volta Redonda;RJ;Floriano;RJ;6.433;177.081
jan/25;MRS;Prd. Siderúrgicos - Outros;Volta Redonda;RJ;Manoel Feio;SP;45.320;14.024.002
jan/25;MRS;Prd. Siderúrgicos - Outros;Volta Redonda;RJ;Mogi das Cruzes;SP;332;110.388
jan/25;MRS;Prd. Siderúrgicos - Outros;Volta Redonda;RJ;Pulverizacao;RJ;4.111;139.814
jan/25;MRS;Prd. Siderúrgicos - Outros;Volta Redonda;RJ;São Bento;SP;23.636;6.829.622
jan/25;MRS;Prd. Siderúrgicos - Outros;Volta Redonda;RJ;São Caetano do Sul;SP;1.361;474.900
jan/25;MRS;Prd. Siderúrgicos - Placa;Brisamar;RJ;Manoel Feio;SP;1.230;520.831
jan/25;MRS;Prd. Siderúrgicos - Placa;Brisamar;RJ;Volta Redonda;RJ;22.654;2.582.465
jan/25;MRS;Prd. Siderúrgicos - Placa;Cel. João Carlos Guedes;MG;Barreiro;MG;13.516;1.735.048
jan/25;MRS;Prd. Siderúrgicos - Placa;Dias Tavares;MG;Parque Industrial;MG;3.555;1.237.623
jan/25;MRS;Prd. Siderúrgicos - Placa;Lafaiete Bandeira;MG;Manoel Feio;SP;509;328.625
jan/25;MRS;Prd. Siderúrgicos - Placa;Lafaiete Bandeira;MG;Usiminas;SP;1.426;767.756
jan/25;MRS;Prd. Siderúrgicos - Placa;Ouro Branco;MG;Brisamar;RJ;2.028;934.084
jan/25;MRS;Prd. Siderúrgicos - Placa;Ouro Branco;MG;Caçapava;SP;967;518.999
jan/25;MRS;Prd. Siderúrgicos - Placa;Ouro Branco;MG;Curuputuba;SP;1.147;569.986
jan/25;MRS;Prd. Siderúrgicos - Placa;Ouro Branco;MG;Itaguai;RJ;15.287;7.163.396
jan/25;MRS;Prd. Siderúrgicos - Placa;Ouro Branco;MG;Manoel Feio;SP;1.384;875.853
jan/25;MRS;Prd. Siderúrgicos - Placa;Ouro Branco;MG;Parque Industrial;MG;5.452;876.212
jan/25;MRS;Prd. Siderúrgicos - Placa;Ouro Branco;MG;Pinheirinho;SP;6.913;4.325.947
jan/25;MRS;Prd. Siderúrgicos - Placa;Ouro Branco;MG;Roseira;SP;177;86.190
jan/25;MRS;Prd. Siderúrgicos - Placa;Ouro Branco;MG;São Bento;SP;965;590.915
jan/25;MRS;Prd. Siderúrgicos - Placa;Piaçaguera;SP;Siderúrgica do Atlântico;RJ;1.252;624.379
jan/25;MRS;Prd. Siderúrgicos - Placa;Siderúrgica do Atlântico;RJ;Eldorado;MG;1.110;697.017
jan/25;MRS;Prd. Siderúrgicos - Placa;Taubaté;SP;Curuputuba;SP;2.069;47.121
jan/25;MRS;Prd. Siderúrgicos - Tubos;Barreiro;MG;Arará;RJ;1.654;955.386
jan/25;MRS;Prd. Siderúrgicos - Tubos;Cel. João Carlos Guedes;MG;Arará;RJ;6.445;2.895.429
jan/25;MRS;Prd. Siderúrgicos - Tubos;Cel. João Carlos Guedes;MG;Barreiro;MG;11.822;1.517.590
jan/25;MRS;Prd. Siderúrgicos - Tubos;Curuputuba;SP;Arará;RJ;7.326;2.331.147
jan/25;MRS;Prd. Siderúrgicos - Vergalhões;Dias Tavares;MG;Arará;RJ;2.624;958.829
jan/25;MRS;Prd. Siderúrgicos - Vergalhões;Dias Tavares;MG;Manoel Feio;SP;357;292.834
jan/25;MRS;Prd. Siderúrgicos - Vergalhões;Itaguai;RJ;Caçapava;SP;227;76.115
jan/25;MRS;Prd. Siderúrgicos - Vergalhões;Volta Redonda;RJ;Eldorado;MG;1.412;806.037
jan/25;MRS;Prd. Siderúrgicos - Vergalhões;Volta Redonda;RJ;Manoel Feio;SP;7.143;2.210.358
jan/25;MRS;Sucata;Eldorado;MG;Itaguai;RJ;1.185;663.758
jan/25;RMC;Açúcar;Iturama;MG;Santos;SP;52.623;47.415.526
jan/25;RMC;Adubo Orgânico a Granel;Conceiçãozinha;SP;Rio Verde;GO;41.796;50.771.490
jan/25;RMC;Adubo Orgânico a Granel;Santos;SP;Rio Verde;GO;8.076;9.718.617
jan/25;RMC;Alumínio;Anápolis;GO;Alumínio;SP;48.314;66.438.030
jan/25;RMC;Cloreto de Potássio;Conceiçãozinha;SP;Rio Verde;GO;9.959;12.050.967
jan/25;RMC;Cloreto de Potássio;Cubatão;SP;Rio Verde;GO;1.443;1.718.824
jan/25;RMC;Cloreto de Potássio;Estação TUF;SP;Rio Verde;GO;3.137;3.748.457
jan/25;RMC;Contêiner Cheio de 40 Pés;Anápolis;GO;Cubatão;SP;339;518.771
jan/25;RMC;Contêiner Vazio de 40 Pés;Anápolis;GO;Cubatão;SP;115;175.984
jan/25;RMC;Contêiner Vazio de 40 Pés;Anápolis;GO;Tutóia;SP;216;230.781
jan/25;RMC;Fosfato;Conceiçãozinha;SP;Rio Verde;GO;2.856;3.455.924
jan/25;RMC;Fosfato;Cubatão;SP;Rio Verde;GO;1.054;1.255.468
jan/25;RMC;Ureia;Estação TUF;SP;Rio Verde;GO;7.297;8.785.806
jan/25;RMN;Álcool;Chapadao do Sul;MS;Replan;SP;54.479;51.258.912
jan/25;RMN;Álcool;Rondonópolis;MT;Replan;SP;130.895;182.507.299
jan/25;RMN;Álcool;T. Olacyr F. Morais;MS;Replan;SP;5.529;5.819.090
jan/25;RMN;Celulose;Aparecida do Taboado;MS;Barnabé;SP;116.592;107.985.434
jan/25;RMN;Celulose;Chapadao do Sul;MS;Barnabé;SP;200.322;238.399.005
jan/25;RMN;Celulose;Chapadao do Sul;MS;Santos;SP;29.348;34.970.460
jan/25;RMN;Contêiner cheio 53 pés;Rondonópolis;MT;Boa Vista Nova;SP;361;496.024
jan/25;RMN;Contêiner Cheio de 20 Pés;Rondonópolis;MT;Cubatão;SP;7.438;12.109.681
jan/25;RMN;Contêiner Cheio de 40 Pés;Rondonópolis;MT;Boa Vista Nova;SP;63.625;87.351.862
jan/25;RMN;Contêiner Cheio de 40 Pés;Rondonópolis;MT;Boa Vista Velha;SP;3.185;4.359.828
jan/25;RMN;Contêiner Cheio de 40 Pés;Rondonópolis;MT;Cubatão;SP;55.974;91.130.317
jan/25;RMN;Contêiner Vazio de 40 Pés;Rondonópolis;MT;Boa Vista Nova;SP;67;91.800
jan/25;RMN;Farelo de Soja;Alto Araguaia;MT;Conceiçãozinha;SP;6.050;8.519.997
jan/25;RMN;Farelo de Soja;Alto Araguaia;MT;Santos;SP;82.776;115.953.447
jan/25;RMN;Farelo de Soja;Rondonópolis;MT;Conceiçãozinha;SP;63.645;104.780.284
jan/25;RMN;Farelo de Soja;Rondonópolis;MT;Santos;SP;315.632;518.320.299
jan/25;RMN;Grãos - Milho;Alto Araguaia;MT;Conceiçãozinha;SP;4.503;6.337.850
jan/25;RMN;Grãos - Milho;Alto Araguaia;MT;Santos;SP;4.515;6.324.656
jan/25;RMN;Grãos - Milho;Itiquira;MT;Conceiçãozinha;SP;12.983;19.763.825
jan/25;RMN;Grãos - Milho;Rondonópolis;MT;Santos;SP;4.154;6.829.997
jan/25;RMN;Óleo Diesel;Rondonópolis;MT;Replan;SP;8.562;11.931.249
jan/25;RMN;Soja;Itiquira;MT;Conceiçãozinha;SP;6.899;10.502.243
jan/25;RMN;Soja;Rondonópolis;MT;Conceiçãozinha;SP;44.735;73.715.478
jan/25;RMN;Soja;Rondonópolis;MT;Santos;SP;61.588;101.262.853
jan/25;RMO;Minério de Ferro;Antônio Maria Coelho;MS;Porto Esperança;MS;220.135;10.230.774
jan/25;RMP;Açúcar;Fernandopolis;SP;Santos;SP;15.292;12.327.765
jan/25;RMP;Açúcar;Itirapina;SP;Santos;SP;12.327;4.842.389
jan/25;RMP;Açúcar;Pradopolis;SP;Santos;SP;22.337;12.050.073
jan/25;RMP;Açúcar;Rio Preto Paulista;SP;Santos;SP;53.249;35.714.300
jan/25;RMP;Açúcar;Santa Adélia;SP;Santos;SP;7.870;4.580.757
jan/25;RMP;Açúcar;Votuporanga;SP;Santos;SP;39.021;30.023.223
jan/25;RMP;Adubo Orgânico a Granel;Conceiçãozinha;SP;Rondonópolis;MT;179.257;295.961.493
jan/25;RMP;Adubo Orgânico a Granel;Santos;SP;Rondonópolis;MT;10.240;16.836.586
jan/25;RMP;Cloreto de Potássio;Cubatão;SP;Rondonópolis;MT;19.645;31.995.320
jan/25;RMP;Cloreto de Potássio;Estação TUF;SP;Rondonópolis;MT;3.770;6.166.668
jan/25;RMP;Cloreto de Potássio;Santos;SP;Rondonópolis;MT;5.351;8.798.102
jan/25;RMP;Contêiner Cheio de 40 Pés;Boa Vista Nova;SP;Anápolis;GO;1.525;1.940.377
jan/25;RMP;Contêiner Cheio de 40 Pés;Boa Vista Nova;SP;Rondonópolis;MT;155;212.388
jan/25;RMP;Contêiner Cheio de 40 Pés;Boa Vista Velha;SP;Rondonópolis;MT;16.991;23.258.348
jan/25;RMP;Contêiner Cheio de 40 Pés;Cubatão;SP;Rondonópolis;MT;966;1.572.727
jan/25;RMP;Contêiner Vazio de 20 Pés;Cubatão;SP;Rondonópolis;MT;638;1.040.845
jan/25;RMP;Contêiner Vazio de 40 Pés;Boa Vista Nova;SP;Anápolis;GO;283;360.083
jan/25;RMP;Contêiner Vazio de 40 Pés;Boa Vista Velha;SP;Rondonópolis;MT;6.772;9.269.940
jan/25;RMP;Contêiner Vazio de 40 Pés;Cubatão;SP;Boa Vista Nova;SP;854;220.953
jan/25;RMP;Contêiner Vazio de 40 Pés;Cubatão;SP;Rondonópolis;MT;7.989;13.033.414
jan/25;RMP;Contêiner Vazio de 40 Pés;Tutóia;SP;Rondonópolis;MT;216;251.514
jan/25;RMP;Farelo de Soja;Rio Verde;GO;Santos;SP;41.857;50.370.504
jan/25;RMP;Farelo de Soja;São Simão;GO;Santos;SP;21.635;21.402.769
jan/25;RMP;Gasolina;Replan;SP;Rondonópolis;MT;10.519;14.666.852
jan/25;RMP;Gasolina;Replan;SP;T. Olacyr F. Morais;MS;1.252;1.317.688
jan/25;RMP;Grãos - Milho;Rio Verde;GO;Santos;SP;17.407;20.947.495
jan/25;RMP;Óleo Diesel;Replan;SP;Rio Preto Paulista;SP;5.116;2.148.187
jan/25;RMP;Óleo Diesel;Replan;SP;Rondonópolis;MT;89.817;125.207.560
jan/25;RMP;Óleo Diesel;Replan;SP;T. Olacyr F. Morais;MS;3.065;3.225.811
jan/25;RMP;Ureia;Cubatão;SP;Rondonópolis;MT;20.772;33.847.209
jan/25;RMS;Açúcar;Londrina;PR;D Pedro II;PR;32.135;20.277.440
jan/25;RMS;Açúcar;Marialva;PR;D Pedro II;PR;71.479;44.330.270
jan/25;RMS;Açúcar;Maringa;PR;D Pedro II;PR;126.430;82.401.727
jan/25;RMS;Açúcar;Rolandia;PR;D Pedro II;PR;80.968;49.929.438
jan/25;RMS;Adubo Orgânico a Granel;km 5;PR;Cará-Cará;PR;2.899;682.867
jan/25;RMS;Adubo Orgânico a Granel;km 5;PR;Cascavel;PR;4.022;2.937.969
jan/25;RMS;Adubo Orgânico a Granel;km 5;PR;Maringa;PR;1.581;1.023.591
jan/25;RMS;Adubo Orgânico a Granel;Rio Grande;RS;Cruz Alta;RS;14.942;11.026.327
jan/25;RMS;Álcool;Eng. Vicente Montanha;PR;Araucária Terminal;PR;1.883;967.240
jan/25;RMS;Álcool;Londrina;PR;Araucária Terminal;PR;12.189;6.167.874
jan/25;RMS;Álcool;Sarandi;PR;Araucária Terminal;PR;9.179;4.689.834
jan/25;RMS;Calcário Corretivo;Tranqueira;PR;Maringa;PR;8.603;5.048.240
jan/25;RMS;Celulose;Ortigueira;PR;km 5;PR;57.920;26.475.174
jan/25;RMS;Cimento acondicionado;Apiai;SP;Londrina;PR;6.828;3.945.170
jan/25;RMS;Cimento acondicionado;Apiai;SP;Uvaranas;PR;13.024;2.533.454
jan/25;RMS;Cimento acondicionado;Rio Branco do Sul;PR;Cascavel;PR;10.540;7.225.191
jan/25;RMS;Cimento acondicionado;Rio Branco do Sul;PR;Londrina;PR;10.539;6.130.652
jan/25;RMS;Cimento acondicionado;Rio Branco do Sul;PR;Maringa;PR;18.286;11.016.583
jan/25;RMS;Cloreto de Potássio;km 5;PR;Desvio Ribas;PR;694;156.719
jan/25;RMS;Cloreto de Potássio;km 5;PR;Maringa;PR;2.207;1.428.884
jan/25;RMS;Contêiner Cheio de 20 Pés;Cambe;PR;D Pedro II;PR;86;53.652
jan/25;RMS;Contêiner Cheio de 40 Pés;Cambe;PR;D Pedro II;PR;38.004;23.709.478
jan/25;RMS;Contêiner Cheio de 40 Pés;Cascavel;PR;D Pedro II;PR;43.230;31.765.360
jan/25;RMS;Contêiner Cheio de 40 Pés;D Pedro II;PR;Cascavel;PR;171;125.650
jan/25;RMS;Contêiner Cheio de 40 Pés;Ortigueira;PR;D Pedro II;PR;43.596;20.116.197
jan/25;RMS;Contêiner Vazio de 20 Pés;D Pedro II;PR;Cambe;PR;10;6.238
jan/25;RMS;Contêiner Vazio de 40 Pés;D Pedro II;PR;Cambe;PR;5.349;3.337.069
jan/25;RMS;Contêiner Vazio de 40 Pés;D Pedro II;PR;Cascavel;PR;6.407;4.707.857
jan/25;RMS;Contêiner Vazio de 40 Pés;D Pedro II;PR;Ortigueira;PR;6.088;2.809.143
jan/25;RMS;Farelo de Soja;Cruz Alta;RS;Rio Grande;RS;37.343;27.556.968
jan/25;RMS;Farelo de Soja;Desvio Ribas;PR;D Pedro II;PR;67.871;15.620.102
jan/25;RMS;Farelo de Soja;Ijuí;RS;Rio Grande;RS;4.778;3.781.490
jan/25;RMS;Farelo de Soja;Londrina;PR;D Pedro II;PR;2.015;1.271.480
jan/25;RMS;Gasolina;Araucária Terminal;PR;Eng. Vicente Montanha;PR;7.898;4.056.965
jan/25;RMS;Gasolina;Araucária Terminal;PR;Lages;SC;1.798;716.187
jan/25;RMS;Gasolina;Araucária Terminal;PR;Londrina;PR;8.228;4.163.531
jan/25;RMS;Gasolina;Araucária Terminal;PR;Sarandi;PR;3.394;1.734.099
jan/25;RMS;Grãos - Milho;Londrina;PR;São Francisco do Sul;SC;31.891;23.525.288
jan/25;RMS;Grãos - Milho;Maringa;PR;D Pedro II;PR;54.251;35.358.471
jan/25;RMS;Grãos - Milho;Maringa;PR;São Francisco do Sul;SC;29.676;22.507.096
jan/25;RMS;Grãos - Milho;Rolandia;PR;São Francisco do Sul;SC;5.252;3.792.878
jan/25;RMS;Grãos - Trigo;Cacequi;RS;Rio Grande;RS;8.112;3.911.509
jan/25;RMS;Grãos - Trigo;Cruz Alta;RS;Rio Grande;RS;75.656;55.829.736
jan/25;RMS;Grãos - Trigo;Ijuí;RS;Rio Grande;RS;24.364;19.282.595
jan/25;RMS;Grãos - Trigo;J.De Castilhos;RS;Rio Grande;RS;3.144;2.070.748
jan/25;RMS;Grãos - Trigo;km 5;PR;Londrina;PR;6.394;4.007.017
jan/25;RMS;Grãos - Trigo;Santo Ângelo;RS;Rio Grande;RS;1.544;1.306.157
jan/25;RMS;Grãos - Trigo;Tigre;RS;Rio Grande;RS;9.789;5.462.554
jan/25;RMS;Grãos - Trigo;Tupancireta;RS;Rio Grande;RS;11.577;7.906.222
jan/25;RMS;Óleo Diesel;Araucária Terminal;PR;Eng. Vicente Montanha;PR;32.310;16.596.675
jan/25;RMS;Óleo Diesel;Araucária Terminal;PR;Lages;SC;1.109;441.741
jan/25;RMS;Óleo Diesel;Araucária Terminal;PR;Londrina;PR;13.113;6.635.438
jan/25;RMS;Óleo Diesel;Araucária Terminal;PR;Sarandi;PR;2.384;1.218.058
jan/25;RMS;Óleo Diesel;D Pedro II;PR;Araucária Terminal;PR;14.717;1.839.447
jan/25;RMS;Óleo Diesel;D Pedro II;PR;Sarandi;PR;3.161;1.996.484
jan/25;RMS;Soja;Cascavel;PR;D Pedro II;PR;20.508;15.069.256
jan/25;RMS;Soja;Cruz Alta;RS;Rio Grande;RS;14.028;10.351.849
jan/25;RMS;Soja;J.De Castilhos;RS;Rio Grande;RS;4.163;2.741.897
jan/25;RMS;Soja;Maringa;PR;D Pedro II;PR;55.223;35.992.027
jan/25;RMS;Soja;Maringa;PR;São Francisco do Sul;SC;4.456;3.379.553
jan/25;RMS;Soja;Rolandia;PR;São Francisco do Sul;SC;16.652;12.025.707
jan/25;RMS;Soja;Tupancireta;RS;Rio Grande;RS;732;499.901
jan/25;RMS;Ureia;km 5;PR;Maringa;PR;1.279;828.066
fev/25;EFC;Carvão Mineral;Ponta da Madeira;MA;Paraupebas;PA;11.809;10.167.549
fev/25;EFC;Cobre;Paraupebas;PA;Ponta da Madeira Cobre;MA;94.268;82.201.696
fev/25;EFC;Ferro Gusa;Açailândia;MA;Ponta da Madeira Pêra do Píer;MA;10.919;5.740.118
fev/25;EFC;Ferro Gusa;Marabá;PA;Ponta da Madeira Pêra do Píer;MA;43.765;32.890.496
fev/25;EFC;Gasolina;Itaqui Base Combustível;MA;Açailândia;MA;6.831;3.572.613
fev/25;EFC;Gasolina;Itaqui Base Combustível;MA;Marabá;PA;7.625;5.714.261
fev/25;EFC;Minério de Ferro;Açailândia;MA;Ponta da Madeira;MA;34.255;17.572.815
fev/25;EFC;Minério de Ferro;Carajás;PA;Açailândia;MA;47.772;18.057.816
fev/25;EFC;Minério de Ferro;Carajás;PA;Marabá;PA;5.166;790.398
fev/25;EFC;Minério de Ferro;Carajás;PA;Ponta da Madeira;MA;4.231.119;3.769.927.029
fev/25;EFC;Minério de Ferro;Marabá;PA;Ponta da Madeira;MA;23.230;17.143.740
fev/25;EFC;Minério de Ferro;Serra Leste;PA;Açailândia;MA;43.802;13.944.016
fev/25;EFC;Minério de Ferro;Serra Leste;PA;Ponta da Madeira;MA;367.450;305.476.617
fev/25;EFC;Minério de Ferro;Serra Sul;PA;Ponta da Madeira;MA;6.144.117;5.814.706.310
fev/25;EFC;Óleo Diesel;Itaqui Base Combustível;MA;Açailândia;MA;24.042;12.573.966
fev/25;EFC;Óleo Diesel;Itaqui Base Combustível;MA;Marabá;PA;30.472;22.818.193
fev/25;EFPO;Cimento acondicionado;Agrária;PR;Cascavel;PR;3.628;872.889
fev/25;EFPO;Soja;Cascavel;PR;Agrária;PR;17.047;4.101.473
fev/25;EFVM;Antracito;Tubarão;ES;Intendente Câmara;MG;66.426;28.769.829
fev/25;EFVM;Carvão Mineral;Tubarão;ES;Intendente Câmara;MG;50.582;21.907.617
fev/25;EFVM;Carvão Mineral;Tubarão;ES;Ouro Branco;MG;101.659;68.200.583
fev/25;EFVM;Celulose;Frederico Selow;MG;Aracruz;ES;80.728;29.915.617
fev/25;EFVM;Cloreto de Potássio;Tubarão;ES;Brejo Alegre;MG;4.098;5.762.757
fev/25;EFVM;Contêiner Cheio de 20 Pés;Tubarão;ES;Nova Granja;MG;4.927;3.355.099
fev/25;EFVM;Coque;Pedro Nolasco;ES;Prudente de Morais;MG;3.578;2.613.517
fev/25;EFVM;Coque;Tubarão;ES;Prudente de Morais;MG;37.954;27.632.333
fev/25;EFVM;Coque Metalúrgico;Tubarão;ES;Bela Vista de Minas;MG;29.912;15.670.717
fev/25;EFVM;Ferro Gusa;Aroaba;ES;Pedro Nolasco;ES;4.948;119.113
fev/25;EFVM;Ferro Gusa;Funil;MG;Pedro Nolasco;ES;3.492;2.243.881
fev/25;EFVM;Minério de Ferro;Barão de Cocais;MG;Intendente Câmara;MG;17.369;2.920.718
fev/25;EFVM;Minério de Ferro;Barão de Cocais;MG;Tubarão;ES;87.609;52.676.487
fev/25;EFVM;Minério de Ferro;Brucutu;MG;Tubarão;ES;1.642.380;959.171.264
fev/25;EFVM;Minério de Ferro;Capitão Eduardo;MG;Intendente Câmara;MG;39.581;8.628.130
fev/25;EFVM;Minério de Ferro;Conceição;MG;Tubarão;ES;1.182.143;642.492.642
fev/25;EFVM;Minério de Ferro;Fazendão;MG;Tubarão;ES;804.732;478.959.279
fev/25;EFVM;Minério de Ferro;João Correia;MG;Tubarão;ES;73.088;31.057.648
fev/25;EFVM;Minério de Ferro;Mário Carvalho;MG;Tubarão;ES;168.781;75.434.136
fev/25;EFVM;Minério de Ferro;Ouro Branco;MG;Piraqueaçu;ES;10.789;6.454.432
fev/25;EFVM;Minério de Ferro;Ouro Branco;MG;Tubarão;ES;67.651;45.385.432
fev/25;EFVM;Minério de Ferro;Pátio 206;MG;Intendente Câmara;MG;13.313;2.182.253
fev/25;EFVM;Minério de Ferro;Pátio 206;MG;Tubarão;ES;294.014;175.918.416
fev/25;EFVM;Minério de Ferro;Piraqueaçu;ES;Tubarão;ES;8.730;634.094
fev/25;EFVM;Minério de Ferro;Timbopeba;MG;Piraqueaçu;ES;10.479;5.640.919
fev/25;EFVM;Minério de Ferro;Timbopeba;MG;Tubarão;ES;660.504;403.672.429
fev/25;EFVM;Minério de Ferro;Tubarão;ES;Intendente Câmara;MG;58.363;25.277.657
fev/25;EFVM;Minério de Ferro;Tubarão;ES;Mário Carvalho;MG;21.737;9.715.025
fev/25;EFVM;Minério de Ferro;Tubarão;ES;Pedro Nolasco;ES;678;18.451
fev/25;EFVM;Minério de Ferro;Tubarão;ES;Piraqueaçu;ES;3.052;221.678
fev/25;EFVM;Outros - adubos e Fertilizantes;Tubarão;ES;Brejo Alegre;MG;148;209.167
fev/25;EFVM;Prd. Siderúrgicos - Bobina - BF;Intendente Câmara;MG;Capitão Eduardo;MG;20.480;4.448.911
fev/25;EFVM;Prd. Siderúrgicos - Bobina - BF;Intendente Câmara;MG;Carreira Comprida;MG;5.553;1.240.706
fev/25;EFVM;Prd. Siderúrgicos - Bobina - BF;Intendente Câmara;MG;Couto e Silva;MG;1.181;299.920
fev/25;EFVM;Prd. Siderúrgicos - Bobina - BF;Intendente Câmara;MG;Embiruçu;MG;33.660;8.393.620
fev/25;EFVM;Prd. Siderúrgicos - Bobina - BF;Intendente Câmara;MG;Lafaiete Bandeira;MG;23.733;5.288.123
fev/25;EFVM;Prd. Siderúrgicos - Bobina - BF;Intendente Câmara;MG;Pedro Nolasco;ES;1.023;445.520
fev/25;EFVM;Prd. Siderúrgicos - Bobina - BF;Intendente Câmara;MG;Tubarão;ES;10.208;4.421.196
fev/25;EFVM;Prd. Siderúrgicos - Bobina - BF;Tubarão;ES;Lafaiete Bandeira;MG;25.725;16.873.234
fev/25;EFVM;Prd. Siderúrgicos - Bobina - BF;Tubarão;ES;Nova Granja;MG;2.799;1.906.012
fev/25;EFVM;Prd. Siderúrgicos - Bobina - BF;Tubarão;ES;Parque Industrial;MG;3.196;2.147.646
fev/25;EFVM;Prd. Siderúrgicos - Fio Máquina;João Monlevade;MG;Aracruz;ES;5.411;2.711.018
fev/25;EFVM;Prd. Siderúrgicos - Fio Máquina;João Monlevade;MG;Capitão Eduardo;MG;6.853;845.351
fev/25;EFVM;Prd. Siderúrgicos - Fio Máquina;João Monlevade;MG;Eldorado;MG;15.690;2.265.653
fev/25;EFVM;Prd. Siderúrgicos - Fio Máquina;João Monlevade;MG;Governador Valadares;MG;5.539;1.130.730
fev/25;EFVM;Prd. Siderúrgicos - Fio Máquina;João Monlevade;MG;Nova Granja;MG;1.014;162.834
fev/25;EFVM;Prd. Siderúrgicos - Fio Máquina;João Monlevade;MG;Tubarão;ES;3.722;1.960.205
fev/25;EFVM;Prd. Siderúrgicos - Fio Máquina;Ouro Branco;MG;Tubarão;ES;2.444;1.639.620
fev/25;EFVM;Prd. Siderúrgicos - Outros;Intendente Câmara;MG;Capitão Eduardo;MG;6.505;1.412.902
fev/25;EFVM;Prd. Siderúrgicos - Outros;Intendente Câmara;MG;Carreira Comprida;MG;1.379;309.930
fev/25;EFVM;Prd. Siderúrgicos - Outros;Intendente Câmara;MG;Lafaiete Bandeira;MG;12.613;2.850.694
fev/25;EFVM;Prd. Siderúrgicos - Outros;Intendente Câmara;MG;Tubarão;ES;7.510;3.252.663
fev/25;EFVM;Prd. Siderúrgicos - Outros;Ouro Branco;MG;Pedro Nolasco;ES;606;408.001
fev/25;EFVM;Prd. Siderúrgicos - Outros;Ouro Branco;MG;Tubarão;ES;7.954;5.396.009
fev/25;EFVM;Prd. Siderúrgicos - Placa;Intendente Câmara;MG;Lafaiete Bandeira;MG;4.972;1.107.587
fev/25;EFVM;Prd. Siderúrgicos - Placa;Ouro Branco;MG;Mário Carvalho;MG;1.825;408.692
fev/25;EFVM;Prd. Siderúrgicos - Placa;Ouro Branco;MG;Tubarão;ES;3.027;2.053.522
fev/25;EFVM;Prd. Siderúrgicos - Tarugo;Ouro Branco;MG;Tubarão;ES;34.990;23.473.951
fev/25;EFVM;Toras de Madeira;Desembargador Drumond;MG;Frederico Selow;MG;20.357;2.211.462
fev/25;EFVM;Toras de Madeira;Eng. Costa Lacerda;MG;Frederico Selow;MG;22.579;3.855.815
fev/25;EFVM;Ureia;Tubarão;ES;Brejo Alegre;MG;11.363;16.059.271
fev/25;FCA;Açúcar;Guará;SP;Estação TUF;SP;61.975;39.633.318
fev/25;FCA;Açúcar;Ribeirão Preto;SP;Estação TUF;SP;6.254;3.420.692
fev/25;FCA;Açúcar;Ribeirão Preto;SP;Santos;SP;69.738;38.735.129
fev/25;FCA;Areia;Capitão Eduardo;MG;Carreira Comprida;MG;5.689;37.160
fev/25;FCA;Areia;Pedreira Rio das Velhas;MG;Dr. Lund;MG;32.697;1.554.709
fev/25;FCA;Areia;Roncador Novo;GO;Brasília;DF;2.988;730.766
fev/25;FCA;Bauxita;Bauxita;MG;Alumínio;SP;23.610;6.605.959
fev/25;FCA;Bauxita;Brasília;DF;Alumínio;SP;29.045;33.526.324
fev/25;FCA;Calcário Corretivo;Matozinhos;MG;Tubarão;ES;14.093;9.963.497
fev/25;FCA;Calcário Siderúrgico;Matozinhos;MG;Tubarão;ES;5.957;4.211.491
fev/25;FCA;Calcário Siderúrgico;Nova Granja;MG;Tubarão;ES;12.327;8.435.257
fev/25;FCA;Calcário Siderúrgico;Terminal Siderúrgico;MG;Calcario;RJ;68.512;32.989.074
fev/25;FCA;Celulose;LD Celulose;MG;Aracruz;ES;36.992;49.832.884
fev/25;FCA;Clínquer;Terminal Siderúrgico;MG;Calcario;RJ;31.502;15.168.465
fev/25;FCA;Cloreto de Potássio;Estação TUF;SP;Valefertil;MG;8.120;5.643.391
fev/25;FCA;Cloreto de Potássio;Fosfago;GO;Final Ramal das Fábricas;SP;34.289;35.044.455
fev/25;FCA;Contêiner Cheio de 20 Pés;Batista Almeida;MG;Calcario;RJ;3.330;1.589.435
fev/25;FCA;Contêiner Cheio de 20 Pés;Batista Almeida;MG;Tubarão;ES;4.823;4.709.852
fev/25;FCA;Contêiner Cheio de 20 Pés;Nova Granja;MG;Tubarão;ES;120;82.618
fev/25;FCA;Cromita;Campo Formoso;BA;Irapui;BA;4.888;1.883.776
fev/25;FCA;Cromita;Itiuba;BA;Irapui;BA;19.850;5.994.283
fev/25;FCA;Dolomita;Terminal Siderúrgico;MG;Calcario;RJ;20.619;9.928.212
fev/25;FCA;Enxofre;Conceiçãozinha;SP;Fosfago;GO;4.574;4.824.175
fev/25;FCA;Enxofre;Estação TUF;SP;Valefertil;MG;56.360;39.140.997
fev/25;FCA;Farelo de Milho;Brejo Alegre;MG;Tubarão;ES;21.266;30.055.130
fev/25;FCA;Farelo de Soja;Brejo Alegre;MG;Estação TUF;SP;9.812;9.310.655
fev/25;FCA;Farelo de Soja;Ipameri;GO;Estação TUF;SP;6.117;6.458.395
fev/25;FCA;Farelo de Soja;Ipameri;GO;Santos;SP;5.070;5.240.666
fev/25;FCA;Ferro Gusa;Calsete;MG;Pedro Nolasco;ES;10.737;7.911.287
fev/25;FCA;Ferro Gusa;Paulo Menicucci;MG;Tubarão;ES;135;112.364
fev/25;FCA;Ferro Gusa;Prudente de Morais;MG;Pedro Nolasco;ES;6.225;4.514.068
fev/25;FCA;Fosfato;Catalão;GO;Valefertil;MG;40.557;13.708.631
fev/25;FCA;Gasolina;Embiruçu;MG;Governador Valadares;MG;3.277;1.179.595
fev/25;FCA;LAB - Sulfonato de alquilbenzeno linear;Copec;BA;Vespasiano;MG;2.191;3.533.224
fev/25;FCA;Magnesita;Catiboaba;BA;Parque Industrial;MG;11.973;12.270.854
fev/25;FCA;Magnesita;Catiboaba;BA;Porto de Aratu;BA;11.710;7.099.093
fev/25;FCA;Minério de Ferro;Nova Granja;MG;Tubarão;ES;6.020;4.144.697
fev/25;FCA;Minério de Ferro;Terminal de Patrocínio;MG;Terminal de Fosfatados;MG;268.004;51.899.242
fev/25;FCA;Óleo Diesel;Embiruçu;MG;Governador Valadares;MG;872;313.886
fev/25;FCA;Óleo Diesel;Embiruçu;MG;Tubarão;ES;204;139.225
fev/25;FCA;Outros - adubos e Fertiliz - Perigoso;Estação TUF;SP;Valefertil;MG;2.532;1.759.737
fev/25;FCA;Outros - Comb e derivado -  Perigoso;Embiruçu;MG;Tubarão;ES;15.053;10.273.311
fev/25;FCA;Prd. Siderúrgicos - Tarugo;Divinopolis;MG;Tubarão;ES;4.007;3.290.344
fev/25;FCA;Prd. Siderúrgicos - Tarugo;Parque Industrial;MG;Tubarão;ES;1.573;1.068.862
fev/25;FCA;Prd. Siderúrgicos - Vergalhões;Divinopolis;MG;Tubarão;ES;768;630.642
fev/25;FCA;Soja;Brejo Alegre;MG;Estação TUF;SP;6.131;5.808.434
fev/25;FCA;Soja;Brejo Alegre;MG;Tubarão;ES;131.281;184.658.924
fev/25;FCA;Soja;Pirapora;MG;Tubarão;ES;31.487;33.435.416
fev/25;FCA;Soja;Terminal Integrador Uberaba;MG;Conceiçãozinha;SP;88.433;73.083.669
fev/25;FCA;Soja;Terminal Integrador Uberaba;MG;Estação TUF;SP;387.349;319.287.393
fev/25;FCA;Soja;Terminal Integrador Uberaba;MG;Santos;SP;41.837;34.425.876
fev/25;FCA;Toras de Madeira;Calsete;MG;Aracruz;ES;47.706;33.813.917
fev/25;FCA;Ureia;Estação TUF;SP;Valefertil;MG;22.577;15.680.669
fev/25;FNSTN;Adubo Fert em Geral a Granel  - Perigoso;Ponta da Madeira;MA;Palmeirante;TO;6.704;6.498.668
fev/25;FNSTN;Álcool;Porto Nacional;TO;Itaqui Base Combustível;MA;3.833;4.777.197
fev/25;FNSTN;Celulose;Suzano;MA;Pátio Esso;MA;130.320;80.221.603
fev/25;FNSTN;Gasolina;Itaqui Base Combustível;MA;Porto Nacional;TO;8.858;11.034.990
fev/25;FNSTN;Grãos - Milho;Porto Nacional;TO;Ponta da Madeira Pêra do Píer;MA;198;248.207
fev/25;FNSTN;Óleo Diesel;Itaqui Base Combustível;MA;Porto Nacional;TO;39.103;48.710.772
fev/25;FNSTN;Outros - adubos e Fertilizantes;Ponta da Madeira;MA;Palmeirante;TO;8.991;8.715.622
fev/25;FNSTN;Outros - Comb e derivado -  Perigoso;Porto Nacional;TO;Itaqui Base Combustível;MA;1.844;2.298.189
fev/25;FNSTN;Soja;Palmeirante;TO;Ponta da Madeira Pêra do Píer;MA;422.358;413.127.027
fev/25;FNSTN;Soja;Porto Franco;MA;Ponta da Madeira Pêra do Píer;MA;189.664;138.465.007
fev/25;FNSTN;Soja;Porto Nacional;TO;Ponta da Madeira Pêra do Píer;MA;201.006;251.521.025
fev/25;FTC;Carvão Mineral;Mina Novo Horizonte;SC;Capivari;SC;24.890;1.375.446
fev/25;FTC;Carvão Mineral;Rio Fiorita;SC;Capivari;SC;125.431;9.893.243
fev/25;FTC;Carvão Mineral;Sangão;SC;Capivari;SC;1.587;111.170
fev/25;FTC;Carvão Mineral;Urussanga;SC;Capivari;SC;38.441;2.481.597
fev/25;FTC;Contêiner Cheio de 20 Pés;Eng. Paz Ferreira;SC;Imbituba;SC;34.569;3.685.124
fev/25;FTC;Contêiner Cheio de 20 Pés;Imbituba;SC;Eng. Paz Ferreira;SC;734;78.245
fev/25;FTC;Contêiner Cheio de 40 Pés;Eng. Paz Ferreira;SC;Imbituba;SC;7.975;850.150
fev/25;FTC;Contêiner Cheio de 40 Pés;Imbituba;SC;Eng. Paz Ferreira;SC;4.126;439.839
fev/25;FTC;Contêiner Vazio de 20 Pés;Eng. Paz Ferreira;SC;Imbituba;SC;2;213
fev/25;FTC;Contêiner Vazio de 20 Pés;Imbituba;SC;Eng. Paz Ferreira;SC;3.115;332.065
fev/25;FTC;Contêiner Vazio de 40 Pés;Eng. Paz Ferreira;SC;Imbituba;SC;48;5.116
fev/25;FTC;Contêiner Vazio de 40 Pés;Imbituba;SC;Eng. Paz Ferreira;SC;588;62.681
fev/25;FTL;Areia;Aracapé;CE;Crateus;CE;45;19.717
fev/25;FTL;Areia;Aracapé;CE;Oficina Demostenes Rockert;CE;5;97
fev/25;FTL;Areia;Aracapé;CE;Sobral;CE;40;9.223
fev/25;FTL;Areia;Aracapé;CE;Teresina;PI;40;29.220
fev/25;FTL;Areia;Cana Brava;PI;Teresina;PI;34;7.310
fev/25;FTL;Celulose;Pátio Esso;MA;Itaqui;MA;125.360;250.720
fev/25;FTL;Cimento acondicionado;Fábrica Votorantim Pecém;CE;Aracapé;CE;9.436;442.019
fev/25;FTL;Cimento acondicionado;Pecem;CE;São Luis - Tirirical;MA;1.573;1.832.360
fev/25;FTL;Cimento acondicionado;Pecem;CE;Teresina;PI;1.328;941.396
fev/25;FTL;Cimento acondicionado;Poty;CE;Teresina;PI;14.728;7.393.514
fev/25;FTL;Clínquer;Poty;CE;Fábrica Votorantim Pecém;CE;7.355;1.473.228
fev/25;FTL;Clínquer;Poty;CE;São Luis - Tirirical;MA;7.761;7.435.069
fev/25;FTL;Coque;Mucuripe;CE;Poty;CE;2.875;731.365
fev/25;FTL;Demais Produtos;Aracapé;CE;Altos;PI;20;13.830
fev/25;FTL;Demais Produtos;Aracapé;CE;Nova Russas;CE;5;1.894
fev/25;FTL;Demais Produtos;Aracapé;CE;Reriutaba;CE;5;1.450
fev/25;FTL;Demais Produtos;Carema Novo;MA;Caxias Nova;MA;80;22.828
fev/25;FTL;Demais Produtos;Carga Ferro Gusa e Cruz;MA;Cana Brava;PI;89;54.468
fev/25;FTL;Demais Produtos;Carga Ferro Gusa e Cruz;MA;Caxias Nova;MA;89;28.324
fev/25;FTL;Demais Produtos;Carga Ferro Gusa e Cruz;MA;Coroatá;MA;134;23.426
fev/25;FTL;Demais Produtos;Carga Ferro Gusa e Cruz;MA;Cristino Cruz Novo;MA;45;15.723
fev/25;FTL;Demais Produtos;Carga Ferro Gusa e Cruz;MA;Miraíma;CE;45;42.462
fev/25;FTL;Demais Produtos;Cariré;CE;Miraíma;CE;12;987
fev/25;FTL;Demais Produtos;Caxias Nova;MA;Altos;PI;53;6.240
fev/25;FTL;Demais Produtos;Caxias Nova;MA;Cariré;CE;8;4.367
fev/25;FTL;Demais Produtos;Codó;MA;AMV km 26 Itaqui;MA;18;4.760
fev/25;FTL;Demais Produtos;Coroatá;MA;Aracapé;CE;1;949
fev/25;FTL;Demais Produtos;Crateus;CE;Nova Russas;CE;20;1.186
fev/25;FTL;Demais Produtos;Itapecuru Mirim;MA;AMV km 26 Itaqui;MA;3;304
fev/25;FTL;Demais Produtos;São Luis - Tirirical;MA;Aracapé;CE;1;1.183
fev/25;FTL;Demais Produtos;Sobral;CE;Aracapé;CE;1;230
fev/25;FTL;Dormentes de Madeira;Aracapé;CE;Cana Brava;PI;10;5.155
fev/25;FTL;Dormentes de Madeira;Aracapé;CE;Ibiapaba;CE;5;2.375
fev/25;FTL;Dormentes de Madeira;Carga Ferro Gusa e Cruz;MA;Itapecuru Mirim;MA;684;46.755
fev/25;FTL;Dormentes de Madeira;Caxias Nova;MA;Aracapé;CE;16;12.948
fev/25;FTL;Dormentes de Madeira;Caxias Nova;MA;Castelo;PI;38;9.095
fev/25;FTL;Dormentes de Madeira;Caxias Nova;MA;Codó;MA;8;695
fev/25;FTL;Dormentes de Madeira;Caxias Nova;MA;Coroatá;MA;16;2.248
fev/25;FTL;Dormentes de Madeira;Caxias Nova;MA;Crateus;CE;40;14.843
fev/25;FTL;Dormentes de Madeira;Caxias Nova;MA;Cristino Cruz Novo;MA;20;623
fev/25;FTL;Dormentes de Madeira;Caxias Nova;MA;Croatá;CE;8;5.921
fev/25;FTL;Dormentes de Madeira;Caxias Nova;MA;Ibiapaba;CE;12;4.008
fev/25;FTL;Dormentes de Madeira;Caxias Nova;MA;Itapecuru Mirim;MA;28;6.997
fev/25;FTL;Dormentes de Madeira;Caxias Nova;MA;Pirapemas Novo;MA;20;3.845
fev/25;FTL;Dormentes de Madeira;Caxias Nova;MA;Reriutaba;CE;8;4.152
fev/25;FTL;Dormentes de Madeira;Caxias Nova;MA;São Luis - Tirirical;MA;96;36.216
fev/25;FTL;Dormentes de Madeira;Caxias Nova;MA;Sombra;PI;34;5.949
fev/25;FTL;Dormentes de Madeira;Crateus;CE;Cana Brava;PI;67;5.182
fev/25;FTL;Dormentes de Madeira;Cristino Cruz Novo;MA;Cana Brava;PI;16;4.201
fev/25;FTL;Gasolina;Itaqui;MA;Itarare;PI;8.972;4.155.380
fev/25;FTL;Gasolina;Itaqui;MA;Teresina;PI;6.574;3.017.976
fev/25;FTL;Óleo Diesel;Itaqui;MA;Itarare;PI;12.173;5.637.921
fev/25;FTL;Óleo Diesel;Itaqui;MA;Teresina;PI;5.288;2.428.978
fev/25;FTL;Óleo Diesel;Itarare;PI;Itaqui;MA;72;33.263
fev/25;FTL;Outros - Indústria Cimenteira e Construção;Fábrica Votorantim Pecém;CE;Aracapé;CE;44;2.061
fev/25;FTL;Pallets de Madeira;Teresina;PI;Pecem;CE;57;40.405
fev/25;FTL;Pó de Pedra;Carga Ferro Gusa e Cruz;MA;Ajugaiaba;MA;84;12.645
fev/25;FTL;Pó de Pedra;Carga Ferro Gusa e Cruz;MA;Altos;PI;134;58.040
fev/25;FTL;Pó de Pedra;Carga Ferro Gusa e Cruz;MA;Cariré;CE;45;38.886
fev/25;FTL;Prd. Siderúrgicos - Bobina - BF;Pecem;CE;Teresina;PI;9.736;8.040.804
fev/25;MRS;Açúcar;Itirapina;SP;Santos;SP;72.595;28.517.347
fev/25;MRS;Açúcar;Pradopolis;SP;Santos;SP;76.186;41.105.609
fev/25;MRS;Açúcar;Rio Preto Paulista;SP;Santos;SP;30.028;20.136.236
fev/25;MRS;Açúcar;Votuporanga;SP;Santos;SP;16.019;12.353.900
fev/25;MRS;Areia;Cruzeiro;SP;Mooca;SP;16.848;3.946.408
fev/25;MRS;Areia;Cruzeiro;SP;Santo André;SP;3.322;825.447
fev/25;MRS;Areia;Dr. Lund;MG;Água Branca;SP;1.260;1.055.998
fev/25;MRS;Areia;Parque Industrial;MG;Água Branca;SP;5.740;4.374.132
fev/25;MRS;Areia;Roseira;SP;Água Branca;SP;9.124;1.683.852
fev/25;MRS;Areia;Roseira;SP;Mooca;SP;7.679;1.368.321
fev/25;MRS;Bauxita;Barão de Angra;RJ;Alumínio;SP;47.421;32.192.836
fev/25;MRS;Calcário Siderúrgico;Itutinga;MG;Volta Redonda;RJ;7.556;1.562.414
fev/25;MRS;Carvão Mineral;Baia Sepetiba;RJ;Volta Redonda;RJ;80.150;9.537.529
fev/25;MRS;Carvão Mineral;Porto Sudeste;RJ;Ouro Branco;MG;34.334;16.218.694
fev/25;MRS;Celulose;Pederneiras;SP;Santos;SP;181.246;94.441.128
fev/25;MRS;Celulose;Santos;SP;Pederneiras;SP;188;97.960
fev/25;MRS;Celulose;São Silvestre;SP;Barnabé;SP;71.104;7.178.659
fev/25;MRS;Cimento a Granel;Barbacena;MG;Santo André;SP;30.751;20.360.729
fev/25;MRS;Cimento a Granel;Pedra do Sino;MG;São Bento;SP;34.841;22.703.266
fev/25;MRS;Cimento a Granel;Terminal Cimento Barroso;MG;Deodoro;RJ;8.144;2.906.064
fev/25;MRS;Cimento acondicionado;Capuava;SP;Água Branca;SP;560;15.736
fev/25;MRS;Cimento acondicionado;Pedra do Sino;MG;Arará;RJ;7.274;3.859.133
fev/25;MRS;Cimento acondicionado;Volta Redonda;RJ;Água Branca;SP;861;299.719
fev/25;MRS;Cimento acondicionado;Volta Redonda;RJ;Arará;RJ;28.249;4.086.585
fev/25;MRS;Cimento acondicionado;Volta Redonda;RJ;Benfica;MG;1.351;292.522
fev/25;MRS;Cimento acondicionado;Volta Redonda;RJ;Capuava;SP;2.940;1.058.626
fev/25;MRS;Cimento acondicionado;Volta Redonda;RJ;Mogi das Cruzes;SP;574;190.852
fev/25;MRS;Cimento acondicionado;Volta Redonda;RJ;Pedrasil;SP;4.961;831.334
fev/25;MRS;Cimento acondicionado;Volta Redonda;RJ;São José dos Campos;SP;5.595;1.320.369
fev/25;MRS;Cimento acondicionado;Wilson Lobato;MG;Água Branca;SP;1.680;1.426.692
fev/25;MRS;Cimento acondicionado;Wilson Lobato;MG;Capuava;SP;350;301.417
fev/25;MRS;Contêiner Cheio de 20 Pés;Arará;RJ;Barnabé;SP;135;70.498
fev/25;MRS;Contêiner Cheio de 20 Pés;Arará;RJ;Couto e Silva;MG;46;30.300
fev/25;MRS;Contêiner Cheio de 20 Pés;Arará;RJ;Eldorado;MG;6.863;4.410.237
fev/25;MRS;Contêiner Cheio de 20 Pés;Arará;RJ;Floriano;RJ;5.161;888.672
fev/25;MRS;Contêiner Cheio de 20 Pés;Barnabé;SP;Jundiaí;SP;27;3.480
fev/25;MRS;Contêiner Cheio de 20 Pés;Brisamar;RJ;Eldorado;MG;116;70.985
fev/25;MRS;Contêiner Cheio de 20 Pés;Conceiçãozinha;SP;Curuputuba;SP;2.188;464.230
fev/25;MRS;Contêiner Cheio de 20 Pés;Conceiçãozinha;SP;Eng. Neiva;SP;1.413;342.798
fev/25;MRS;Contêiner Cheio de 20 Pés;Conceiçãozinha;SP;Jundiaí;SP;489;67.023
fev/25;MRS;Contêiner Cheio de 20 Pés;Curuputuba;SP;Arará;RJ;331;105.324
fev/25;MRS;Contêiner Cheio de 20 Pés;Curuputuba;SP;Barnabé;SP;423;86.295
fev/25;MRS;Contêiner Cheio de 20 Pés;Curuputuba;SP;Brisamar;RJ;2.144;616.475
fev/25;MRS;Contêiner Cheio de 20 Pés;Curuputuba;SP;Conceiçãozinha;SP;3.800;806.249
fev/25;MRS;Contêiner Cheio de 20 Pés;Eldorado;MG;Arará;RJ;4.175;2.433.192
fev/25;MRS;Contêiner Cheio de 20 Pés;Eldorado;MG;Barnabé;SP;541;428.734
fev/25;MRS;Contêiner Cheio de 20 Pés;Eldorado;MG;Brisamar;RJ;846;467.105
fev/25;MRS;Contêiner Cheio de 20 Pés;Eldorado;MG;Conceiçãozinha;SP;894;715.779
fev/25;MRS;Contêiner Cheio de 20 Pés;Final Ramal das Fábricas;SP;Eldorado;MG;2.945;2.834.653
fev/25;MRS;Contêiner Cheio de 20 Pés;Itutinga;MG;Conceiçãozinha;SP;2.948;1.678.261
fev/25;MRS;Contêiner Cheio de 20 Pés;Itutinga;MG;Final Ramal das Fábricas;SP;587;337.678
fev/25;MRS;Contêiner Cheio de 20 Pés;Jundiaí;SP;Barnabé;SP;16;2.062
fev/25;MRS;Contêiner Cheio de 20 Pés;Jundiaí;SP;Conceiçãozinha;SP;1.495;204.907
fev/25;MRS;Contêiner Cheio de 20 Pés - Perigoso;Conceiçãozinha;SP;Eng. Neiva;SP;1.021;247.697
fev/25;MRS;Contêiner Cheio de 40 Pés;Arará;RJ;Barnabé;SP;98;51.176
fev/25;MRS;Contêiner Cheio de 40 Pés;Arará;RJ;Conceiçãozinha;SP;27;14.320
fev/25;MRS;Contêiner Cheio de 40 Pés;Arará;RJ;Couto e Silva;MG;29;19.102
fev/25;MRS;Contêiner Cheio de 40 Pés;Arará;RJ;Edmar Alves;SP;1.526;558.900
fev/25;MRS;Contêiner Cheio de 40 Pés;Arará;RJ;Eldorado;MG;17;10.924
fev/25;MRS;Contêiner Cheio de 40 Pés;Arará;RJ;Floriano;RJ;1.660;285.835
fev/25;MRS;Contêiner Cheio de 40 Pés;Arará;RJ;Itatiaia;RJ;179;36.324
fev/25;MRS;Contêiner Cheio de 40 Pés;Arará;RJ;Manoel Feio;SP;86;39.053
fev/25;MRS;Contêiner Cheio de 40 Pés;Arará;RJ;MultiTerminais;RJ;360;71.599
fev/25;MRS;Contêiner Cheio de 40 Pés;Barnabé;SP;Curuputuba;SP;1.455;296.831
fev/25;MRS;Contêiner Cheio de 40 Pés;Barnabé;SP;Jundiaí;SP;4.228;544.984
fev/25;MRS;Contêiner Cheio de 40 Pés;Brisamar;RJ;Floriano;RJ;1.131;160.062
fev/25;MRS;Contêiner Cheio de 40 Pés;Brisamar;RJ;MultiTerminais;RJ;806;135.586
fev/25;MRS;Contêiner Cheio de 40 Pés;Brisamar;RJ;Prudente de Morais;MG;40;28.659
fev/25;MRS;Contêiner Cheio de 40 Pés;Conceiçãozinha;SP;Cragea;SP;2.252;120.225
fev/25;MRS;Contêiner Cheio de 40 Pés;Conceiçãozinha;SP;Curuputuba;SP;7.144;1.515.749
fev/25;MRS;Contêiner Cheio de 40 Pés;Conceiçãozinha;SP;Eng. Neiva;SP;1.120;271.715
fev/25;MRS;Contêiner Cheio de 40 Pés;Conceiçãozinha;SP;Jundiaí;SP;7.759;1.063.463
fev/25;MRS;Contêiner Cheio de 40 Pés;Cragea;SP;Barnabé;SP;585;26.455
fev/25;MRS;Contêiner Cheio de 40 Pés;Cragea;SP;Conceiçãozinha;SP;358;19.112
fev/25;MRS;Contêiner Cheio de 40 Pés;Curuputuba;SP;Brisamar;RJ;234;67.283
fev/25;MRS;Contêiner Cheio de 40 Pés;Curuputuba;SP;Conceiçãozinha;SP;27;5.728
fev/25;MRS;Contêiner Cheio de 40 Pés;Eldorado;MG;Barnabé;SP;38;30.114
fev/25;MRS;Contêiner Cheio de 40 Pés;Eldorado;MG;Brisamar;RJ;77;42.514
fev/25;MRS;Contêiner Cheio de 40 Pés;Eldorado;MG;Conceiçãozinha;SP;113;90.473
fev/25;MRS;Contêiner Cheio de 40 Pés;Final Ramal das Fábricas;SP;Jundiaí;SP;667;95.404
fev/25;MRS;Contêiner Cheio de 40 Pés;Floriano;RJ;Arará;RJ;523;90.055
fev/25;MRS;Contêiner Cheio de 40 Pés;Jundiaí;SP;Arará;RJ;983;538.103
fev/25;MRS;Contêiner Cheio de 40 Pés;Jundiaí;SP;Barnabé;SP;6.166;794.791
fev/25;MRS;Contêiner Cheio de 40 Pés;Jundiaí;SP;Conceiçãozinha;SP;17.029;2.334.028
fev/25;MRS;Contêiner Cheio de 40 Pés;Manoel Feio;SP;Arará;RJ;36;16.347
fev/25;MRS;Contêiner Cheio de 40 Pés;Manoel Feio;SP;Barnabé;SP;535;37.768
fev/25;MRS;Contêiner Cheio de 40 Pés - Perigoso;Conceiçãozinha;SP;Eng. Neiva;SP;645;156.478
fev/25;MRS;Contêiner Cheio de 40 Pés - Perigoso;Final Ramal das Fábricas;SP;Jundiaí;SP;746;106.704
fev/25;MRS;Contêiner Vazio de 20 Pés;Arará;RJ;Eldorado;MG;83;53.335
fev/25;MRS;Contêiner Vazio de 20 Pés;Brisamar;RJ;Eldorado;MG;64;39.164
fev/25;MRS;Contêiner Vazio de 20 Pés;Conceiçãozinha;SP;Eng. Neiva;SP;23;5.579
fev/25;MRS;Contêiner Vazio de 20 Pés;Curuputuba;SP;Conceiçãozinha;SP;173;36.705
fev/25;MRS;Contêiner Vazio de 20 Pés;Eldorado;MG;Arará;RJ;70;40.794
fev/25;MRS;Contêiner Vazio de 20 Pés;Eng. Neiva;SP;Conceiçãozinha;SP;332;80.543
fev/25;MRS;Contêiner Vazio de 20 Pés;Final Ramal das Fábricas;SP;Itutinga;MG;416;239.308
fev/25;MRS;Contêiner Vazio de 20 Pés;Floriano;RJ;Arará;RJ;327;56.306
fev/25;MRS;Contêiner Vazio de 20 Pés;Itutinga;MG;Brisamar;RJ;2;641
fev/25;MRS;Contêiner Vazio de 20 Pés;Itutinga;MG;Final Ramal das Fábricas;SP;2;1.150
fev/25;MRS;Contêiner Vazio de 40 Pés;Arará;RJ;Eldorado;MG;20;12.852
fev/25;MRS;Contêiner Vazio de 40 Pés;Conceiçãozinha;SP;Jundiaí;SP;163;22.341
fev/25;MRS;Contêiner Vazio de 40 Pés;Conceiçãozinha;SP;Manoel Feio;SP;85;6.694
fev/25;MRS;Contêiner Vazio de 40 Pés;Couto e Silva;MG;Arará;RJ;3;1.796
fev/25;MRS;Contêiner Vazio de 40 Pés;Cragea;SP;Conceiçãozinha;SP;34;1.815
fev/25;MRS;Contêiner Vazio de 40 Pés;Curuputuba;SP;Conceiçãozinha;SP;598;126.878
fev/25;MRS;Contêiner Vazio de 40 Pés;Edmar Alves;SP;Arará;RJ;180;65.925
fev/25;MRS;Contêiner Vazio de 40 Pés;Edmar Alves;SP;Cragea;SP;85;9.412
fev/25;MRS;Contêiner Vazio de 40 Pés;Eng. Neiva;SP;Conceiçãozinha;SP;469;113.780
fev/25;MRS;Contêiner Vazio de 40 Pés;Floriano;RJ;Arará;RJ;299;51.484
fev/25;MRS;Contêiner Vazio de 40 Pés;Floriano;RJ;Brisamar;RJ;170;24.058
fev/25;MRS;Contêiner Vazio de 40 Pés;Itatiaia;RJ;Arará;RJ;150;30.439
fev/25;MRS;Contêiner Vazio de 40 Pés;Itatiaia;RJ;Eldorado;MG;14;8.807
fev/25;MRS;Contêiner Vazio de 40 Pés;Manoel Feio;SP;Arará;RJ;14;6.357
fev/25;MRS;Contêiner Vazio de 40 Pés;MultiTerminais;RJ;Brisamar;RJ;160;26.915
fev/25;MRS;Contêiner Vazio de 40 Pés;Nova Granja;MG;Brisamar;RJ;7;4.319
fev/25;MRS;Coque;Baia Sepetiba;RJ;Volta Redonda;RJ;40.667;4.839.210
fev/25;MRS;Coque;Curuputuba;SP;Ouro Branco;MG;13.579;8.172.154
fev/25;MRS;Coque;Curuputuba;SP;Vespasiano;MG;5.690;4.576.040
fev/25;MRS;Coque;Vespasiano;MG;Ouro Branco;MG;10.237;2.268.027
fev/25;MRS;Escória;Ouro Branco;MG;Wilson Lobato;MG;13.400;3.321.752
fev/25;MRS;Escória;Siderúrgica do Atlântico;RJ;São Bento;SP;3.760;1.575.236
fev/25;MRS;Ferro Gusa;Prudente de Morais;MG;Arará;RJ;27.967;19.223.029
fev/25;MRS;Ferro Gusa;São Bento;SP;Arará;RJ;19.053;8.261.626
fev/25;MRS;Ferro Gusa;Sarzedo Novo;MG;Arará;RJ;83.895;46.199.199
fev/25;MRS;Minério de Ferro;Carlos Newlands;MG;Baia Sepetiba;RJ;14.396;7.366.821
fev/25;MRS;Minério de Ferro;Carlos Newlands;MG;Brisamar;RJ;451.006;228.536.916
fev/25;MRS;Minério de Ferro;Carlos Newlands;MG;Porto Sudeste;RJ;29.294;14.931.942
fev/25;MRS;Minério de Ferro;Casa de Pedra;MG;Baia Sepetiba;RJ;1.456.954;642.678.435
fev/25;MRS;Minério de Ferro;Casa de Pedra;MG;Volta Redonda;RJ;199.990;64.419.778
fev/25;MRS;Minério de Ferro;Cel. João Carlos Guedes;MG;Brisamar;RJ;1.883;788.195
fev/25;MRS;Minério de Ferro;Dr. Joaquim Murtinho;MG;Baia Sepetiba;RJ;315.318;143.790.999
fev/25;MRS;Minério de Ferro;Dr. Joaquim Murtinho;MG;Brisamar;RJ;154.914;69.869.157
fev/25;MRS;Minério de Ferro;Dr. Joaquim Murtinho;MG;Porto Sudeste;RJ;173.661;78.845.393
fev/25;MRS;Minério de Ferro;Guaiba;RJ;Pires;MG;10.400;5.658.858
fev/25;MRS;Minério de Ferro;Itutinga;MG;Volta Redonda;RJ;77.526;16.030.670
fev/25;MRS;Minério de Ferro;Olhos D Água;MG;Baia Sepetiba;RJ;180.359;99.375.464
fev/25;MRS;Minério de Ferro;Olhos D Água;MG;Guaiba;RJ;400.142;229.324.181
fev/25;MRS;Minério de Ferro;Olhos D Água;MG;Siderúrgica do Atlântico;RJ;30.451;17.113.066
fev/25;MRS;Minério de Ferro;Otavio Dapieve;MG;Baia Sepetiba;RJ;665.178;322.330.624
fev/25;MRS;Minério de Ferro;Otavio Dapieve;MG;Guaiba;RJ;1.423.261;721.163.502
fev/25;MRS;Minério de Ferro;Otavio Dapieve;MG;Siderúrgica do Atlântico;RJ;270.058;133.834.803
fev/25;MRS;Minério de Ferro;Otavio Dapieve;MG;Volta Redonda;RJ;100.327;36.677.745
fev/25;MRS;Minério de Ferro;Pires;MG;Baia Sepetiba;RJ;1.013.524;459.545.970
fev/25;MRS;Minério de Ferro;Pires;MG;Guaiba;RJ;328.120;156.032.216
fev/25;MRS;Minério de Ferro;Pires;MG;Siderúrgica do Atlântico;RJ;223.188;103.651.631
fev/25;MRS;Minério de Ferro;Sarzedo;MG;Baia Sepetiba;RJ;56.977;30.107.159
fev/25;MRS;Minério de Ferro;Sarzedo;MG;Brisamar;RJ;325.662;170.454.420
fev/25;MRS;Minério de Ferro;Sarzedo;MG;Guaiba;RJ;98.689;54.331.156
fev/25;MRS;Minério de Ferro;Sarzedo Novo;MG;Baia Sepetiba;RJ;348.559;182.997.657
fev/25;MRS;Minério de Ferro;Sarzedo Novo;MG;Brisamar;RJ;3.939;2.048.327
fev/25;MRS;Minério de Ferro;Sarzedo Novo;MG;Guaiba;RJ;30.450;16.660.169
fev/25;MRS;Minério de Ferro;Sarzedo Novo;MG;Porto Sudeste;RJ;633.443;331.298.288
fev/25;MRS;Minério de Ferro;Viga;MG;Baia Sepetiba;RJ;74.343;32.478.375
fev/25;MRS;Minério de Ferro;Viga;MG;Guaiba;RJ;177.680;81.553.698
fev/25;MRS;Minério de Ferro Especial - MRS distancia menor 100 km;Carlos Newlands;MG;Ouro Branco;MG;5.495;639.106
fev/25;MRS;Minério de Ferro Especial - MRS distancia menor 100 km;Cel. João Carlos Guedes;MG;Dias Tavares;MG;29.848;15.709.032
fev/25;MRS;Minério de Ferro Especial - MRS distancia menor 100 km;Itaguai;RJ;Pires;MG;5.662;2.584.216
fev/25;MRS;Óleo Diesel;Embiruçu;MG;Cel. João Carlos Guedes;MG;4.161;603.532
fev/25;MRS;Outras - Carga Geral Não Conteinerizada;Arará;RJ;Prudente de Morais;MG;1.535;1.146.885
fev/25;MRS;Outras - Carga Geral Não Conteinerizada;Brisamar;RJ;Volta Redonda;RJ;90;10.259
fev/25;MRS;Prd. Siderúrgicos - Bobina - BF;Arará;RJ;Pulverizacao;RJ;68;7.524
fev/25;MRS;Prd. Siderúrgicos - Bobina - BF;Lafaiete Bandeira;MG;Boa Vista Velha;SP;9.801;7.753.962
fev/25;MRS;Prd. Siderúrgicos - Bobina - BF;Lafaiete Bandeira;MG;São Caetano do Sul;SP;71;48.643
fev/25;MRS;Prd. Siderúrgicos - Bobina - BF;Lafaiete Bandeira;MG;Usiminas;SP;7.573;4.077.295
fev/25;MRS;Prd. Siderúrgicos - Bobina - BF;Manoel Feio;SP;Pinheirinho;SP;2.415;17.078
fev/25;MRS;Prd. Siderúrgicos - Bobina - BF;Ouro Branco;MG;Caçapava;SP;432;231.858
fev/25;MRS;Prd. Siderúrgicos - Bobina - BF;Ouro Branco;MG;Parque Industrial;MG;5.142;826.391
fev/25;MRS;Prd. Siderúrgicos - Bobina - BF;Ouro Branco;MG;São Bento;SP;4.121;2.523.485
fev/25;MRS;Prd. Siderúrgicos - Bobina - BF;Parque Industrial;MG;Boa Vista Velha;SP;2.982;2.591.038
fev/25;MRS;Prd. Siderúrgicos - Bobina - BF;Piaçaguera;SP;Barbará;RJ;1.408;511.924
fev/25;MRS;Prd. Siderúrgicos - Bobina - BF;Piaçaguera;SP;Ipiranga;SP;3.648;192.077
fev/25;MRS;Prd. Siderúrgicos - Bobina - BF;Piaçaguera;SP;Manoel Feio;SP;1.208;74.604
fev/25;MRS;Prd. Siderúrgicos - Bobina - BF;Piaçaguera;SP;São Caetano do Sul;SP;1.075;52.097
fev/25;MRS;Prd. Siderúrgicos - Bobina - BF;Piaçaguera;SP;Utinga;SP;18.946;849.898
fev/25;MRS;Prd. Siderúrgicos - Bobina - BF;Volta Redonda;RJ;Ipiranga;SP;1.489;513.325
fev/25;MRS;Prd. Siderúrgicos - Bobina - BF;Volta Redonda;RJ;Paulínia;SP;267;124.225
fev/25;MRS;Prd. Siderúrgicos - Bobina - BQ;Floriano;RJ;Brisamar;RJ;2.161;305.831
fev/25;MRS;Prd. Siderúrgicos - Bobina - BQ;Lafaiete Bandeira;MG;Barbará;RJ;5.537;1.961.526
fev/25;MRS;Prd. Siderúrgicos - Bobina - BQ;Lafaiete Bandeira;MG;Cruzeiro;SP;2.255;1.000.527
fev/25;MRS;Prd. Siderúrgicos - Bobina - BQ;Lafaiete Bandeira;MG;Ipiranga;SP;7.275;4.953.764
fev/25;MRS;Prd. Siderúrgicos - Bobina - BQ;Lafaiete Bandeira;MG;Manoel Feio;SP;2.905;1.875.552
fev/25;MRS;Prd. Siderúrgicos - Bobina - BQ;Lafaiete Bandeira;MG;Usiminas;SP;1.165;627.234
fev/25;MRS;Prd. Siderúrgicos - Bobina - BQ;Lafaiete Bandeira;MG;Utinga;SP;718;494.503
fev/25;MRS;Prd. Siderúrgicos - Bobina - BQ;Manoel Feio;SP;São Bento;SP;5.434;111.364
fev/25;MRS;Prd. Siderúrgicos - Bobina - BQ;Parque Industrial;MG;Barbará;RJ;437;188.788
fev/25;MRS;Prd. Siderúrgicos - Bobina - BQ;Parque Industrial;MG;Cruzeiro;SP;1.132;590.276
fev/25;MRS;Prd. Siderúrgicos - Bobina - BQ;Parque Industrial;MG;Utinga;SP;210;160.960
fev/25;MRS;Prd. Siderúrgicos - Bobina - BQ;Piaçaguera;SP;Cruzeiro;SP;1.467;538.565
fev/25;MRS;Prd. Siderúrgicos - Bobina - BQ;Piaçaguera;SP;Ipiranga;SP;1.559;82.086
fev/25;MRS;Prd. Siderúrgicos - Bobina - BQ;Piaçaguera;SP;Replan;SP;4.442;851.549
fev/25;MRS;Prd. Siderúrgicos - Bobina - BQ;Piaçaguera;SP;Usiminas;SP;875;145.684
fev/25;MRS;Prd. Siderúrgicos - Bobina - BQ;Piaçaguera;SP;Utinga;SP;73;3.274
fev/25;MRS;Prd. Siderúrgicos - Bobina - BQ;Volta Redonda;RJ;Brisamar;RJ;6.060;690.815
fev/25;MRS;Prd. Siderúrgicos - Fio Máquina;Dias Tavares;MG;Caçapava;SP;5.878;3.898.315
fev/25;MRS;Prd. Siderúrgicos - Fio Máquina;Dias Tavares;MG;Eldorado;MG;263;91.822
fev/25;MRS;Prd. Siderúrgicos - Fio Máquina;Dias Tavares;MG;Parque Industrial;MG;145;50.479
fev/25;MRS;Prd. Siderúrgicos - Fio Máquina;Dias Tavares;MG;Pinheirinho;SP;2.290;1.862.209
fev/25;MRS;Prd. Siderúrgicos - Fio Máquina;Itaguai;RJ;São Bento;SP;3.121;1.282.562
fev/25;MRS;Prd. Siderúrgicos - Fio Máquina;Ouro Branco;MG;Barbará;RJ;1.045;356.837
fev/25;MRS;Prd. Siderúrgicos - Fio Máquina;Ouro Branco;MG;Caçapava;SP;9.914;5.320.962
fev/25;MRS;Prd. Siderúrgicos - Fio Máquina;Ouro Branco;MG;Itaguai;RJ;517;242.263
fev/25;MRS;Prd. Siderúrgicos - Outros;Barbará;RJ;Brisamar;RJ;1.664;198.220
fev/25;MRS;Prd. Siderúrgicos - Outros;Barbará;RJ;Cruzeiro;SP;2.964;303.457
fev/25;MRS;Prd. Siderúrgicos - Outros;Barbará;RJ;São Caetano do Sul;SP;416;143.024
fev/25;MRS;Prd. Siderúrgicos - Outros;Brisamar;RJ;Curuputuba;SP;680;195.523
fev/25;MRS;Prd. Siderúrgicos - Outros;Brisamar;RJ;Eldorado;MG;3.252;1.990.041
fev/25;MRS;Prd. Siderúrgicos - Outros;Brisamar;RJ;São Bento;SP;3.584;1.444.158
fev/25;MRS;Prd. Siderúrgicos - Outros;Dias Tavares;MG;Parque Industrial;MG;1.887;656.932
fev/25;MRS;Prd. Siderúrgicos - Outros;Floriano;RJ;Cruzeiro;SP;1.485;118.771
fev/25;MRS;Prd. Siderúrgicos - Outros;Floriano;RJ;Ipiranga;SP;5.340;1.693.944
fev/25;MRS;Prd. Siderúrgicos - Outros;Itaguai;RJ;Caçapava;SP;7.700;2.581.885
fev/25;MRS;Prd. Siderúrgicos - Outros;Itaguai;RJ;Parque Industrial;MG;2.672;1.653.818
fev/25;MRS;Prd. Siderúrgicos - Outros;Itaguai;RJ;Pinheirinho;SP;909;385.750
fev/25;MRS;Prd. Siderúrgicos - Outros;Lafaiete Bandeira;MG;Curuputuba;SP;3.744;1.908.406
fev/25;MRS;Prd. Siderúrgicos - Outros;Lafaiete Bandeira;MG;Manoel Feio;SP;11.137;7.190.370
fev/25;MRS;Prd. Siderúrgicos - Outros;Lafaiete Bandeira;MG;Piaçaguera;SP;3.618;3.429.107
fev/25;MRS;Prd. Siderúrgicos - Outros;Lafaiete Bandeira;MG;Utinga;SP;6.102;4.202.593
fev/25;MRS;Prd. Siderúrgicos - Outros;Manoel Feio;SP;Ipiranga;SP;755;26.652
fev/25;MRS;Prd. Siderúrgicos - Outros;Manoel Feio;SP;Mogi das Cruzes;SP;3.030;69.844
fev/25;MRS;Prd. Siderúrgicos - Outros;Manoel Feio;SP;São Caetano do Sul;SP;322;12.716
fev/25;MRS;Prd. Siderúrgicos - Outros;Manoel Feio;SP;Volta Redonda;RJ;60;18.566
fev/25;MRS;Prd. Siderúrgicos - Outros;Ouro Branco;MG;Arará;RJ;2.333;1.146.111
fev/25;MRS;Prd. Siderúrgicos - Outros;Ouro Branco;MG;Caçapava;SP;6.851;3.677.013
fev/25;MRS;Prd. Siderúrgicos - Outros;Ouro Branco;MG;Eng. Cesar de Souza;SP;1.021;675.153
fev/25;MRS;Prd. Siderúrgicos - Outros;Ouro Branco;MG;Itutinga;MG;9.484;1.326.052
fev/25;MRS;Prd. Siderúrgicos - Outros;Ouro Branco;MG;Parque Industrial;MG;6.630;1.065.533
fev/25;MRS;Prd. Siderúrgicos - Outros;Ouro Branco;MG;São Caetano do Sul;SP;1.312;882.100
fev/25;MRS;Prd. Siderúrgicos - Outros;Piaçaguera;SP;Manoel Feio;SP;6.193;382.473
fev/25;MRS;Prd. Siderúrgicos - Outros;Saudade;RJ;Caçapava;SP;703;141.804
fev/25;MRS;Prd. Siderúrgicos - Outros;Saudade;RJ;Eldorado;MG;1.875;844.660
fev/25;MRS;Prd. Siderúrgicos - Outros;Saudade;RJ;Pinheirinho;SP;4.969;1.444.846
fev/25;MRS;Prd. Siderúrgicos - Outros;Siderúrgica do Atlântico;RJ;Piaçaguera;SP;112.128;56.198.441
fev/25;MRS;Prd. Siderúrgicos - Outros;Volta Redonda;RJ;Barbará;RJ;12.234;62.723
fev/25;MRS;Prd. Siderúrgicos - Outros;Volta Redonda;RJ;Caçapava;SP;427;91.085
fev/25;MRS;Prd. Siderúrgicos - Outros;Volta Redonda;RJ;Eldorado;MG;535;305.403
fev/25;MRS;Prd. Siderúrgicos - Outros;Volta Redonda;RJ;Floriano;RJ;1.878;51.695
fev/25;MRS;Prd. Siderúrgicos - Outros;Volta Redonda;RJ;Manoel Feio;SP;25.386;7.855.545
fev/25;MRS;Prd. Siderúrgicos - Outros;Volta Redonda;RJ;Mogi das Cruzes;SP;744;247.376
fev/25;MRS;Prd. Siderúrgicos - Outros;Volta Redonda;RJ;Pulverizacao;RJ;7.281;247.626
fev/25;MRS;Prd. Siderúrgicos - Outros;Volta Redonda;RJ;São Bento;SP;20.894;6.037.321
fev/25;MRS;Prd. Siderúrgicos - Outros;Volta Redonda;RJ;São Caetano do Sul;SP;60;20.936
fev/25;MRS;Prd. Siderúrgicos - Placa;Brisamar;RJ;Manoel Feio;SP;300;127.032
fev/25;MRS;Prd. Siderúrgicos - Placa;Brisamar;RJ;Volta Redonda;RJ;22.377;2.550.888
fev/25;MRS;Prd. Siderúrgicos - Placa;Cel. João Carlos Guedes;MG;Barreiro;MG;9.038;1.160.208
fev/25;MRS;Prd. Siderúrgicos - Placa;Dias Tavares;MG;Parque Industrial;MG;1.435;499.575
fev/25;MRS;Prd. Siderúrgicos - Placa;Lafaiete Bandeira;MG;Usiminas;SP;501;269.737
fev/25;MRS;Prd. Siderúrgicos - Placa;Manoel Feio;SP;Caçapava;SP;1.516;145.733
fev/25;MRS;Prd. Siderúrgicos - Placa;Ouro Branco;MG;Barbará;RJ;3.911;1.335.493
fev/25;MRS;Prd. Siderúrgicos - Placa;Ouro Branco;MG;Brisamar;RJ;49.919;22.992.391
fev/25;MRS;Prd. Siderúrgicos - Placa;Ouro Branco;MG;Caçapava;SP;2.076;1.114.212
fev/25;MRS;Prd. Siderúrgicos - Placa;Ouro Branco;MG;Curuputuba;SP;1.524;757.331
fev/25;MRS;Prd. Siderúrgicos - Placa;Ouro Branco;MG;Itaguai;RJ;11.290;5.290.426
fev/25;MRS;Prd. Siderúrgicos - Placa;Ouro Branco;MG;Parque Industrial;MG;2.447;393.267
fev/25;MRS;Prd. Siderúrgicos - Placa;Ouro Branco;MG;Pinheirinho;SP;4.874;3.050.002
fev/25;MRS;Prd. Siderúrgicos - Placa;Ouro Branco;MG;São Bento;SP;1.736;1.063.036
fev/25;MRS;Prd. Siderúrgicos - Placa;Piaçaguera;SP;Siderúrgica do Atlântico;RJ;1.333;664.775
fev/25;MRS;Prd. Siderúrgicos - Placa;Taubaté;SP;Curuputuba;SP;502;11.433
fev/25;MRS;Prd. Siderúrgicos - Tubos;Barreiro;MG;Arará;RJ;6.567;3.793.243
fev/25;MRS;Prd. Siderúrgicos - Tubos;Brisamar;RJ;Curuputuba;SP;2.419;695.547
fev/25;MRS;Prd. Siderúrgicos - Tubos;Cel. João Carlos Guedes;MG;Arará;RJ;9.328;4.190.622
fev/25;MRS;Prd. Siderúrgicos - Tubos;Cel. João Carlos Guedes;MG;Barreiro;MG;11.216;1.439.797
fev/25;MRS;Prd. Siderúrgicos - Tubos;Curuputuba;SP;Arará;RJ;1.756;558.762
fev/25;MRS;Prd. Siderúrgicos - Vergalhões;Dias Tavares;MG;Arará;RJ;2.869;967.171
fev/25;MRS;Prd. Siderúrgicos - Vergalhões;Itaguai;RJ;Caçapava;SP;218;73.097
fev/25;MRS;Prd. Siderúrgicos - Vergalhões;Volta Redonda;RJ;Eldorado;MG;1.284;732.968
fev/25;MRS;Prd. Siderúrgicos - Vergalhões;Volta Redonda;RJ;Manoel Feio;SP;4.373;1.353.198
fev/25;MRS;Prd. Siderúrgicos - Vergalhões;Volta Redonda;RJ;São Bento;SP;1.633;471.855
fev/25;MRS;Soja;Pederneiras;SP;Conceiçãozinha;SP;21.896;11.555.153
fev/25;MRS;Soja;Pederneiras;SP;Santos;SP;68.986;35.946.257
fev/25;MRS;Sucata;Eldorado;MG;Itaguai;RJ;1.214;680.002
fev/25;MRS;Veículos;Parque Industrial;MG;Piaçaguera;SP;975;763.081
fev/25;RMC;Açúcar;Iturama;MG;Santos;SP;23.118;20.830.288
fev/25;RMC;Adubo Orgânico a Granel;Conceiçãozinha;SP;Rio Verde;GO;9.639;11.690.946
fev/25;RMC;Adubo Orgânico a Granel;Santos;SP;Rio Verde;GO;13.805;16.612.867
fev/25;RMC;Alumínio;Anápolis;GO;Alumínio;SP;60.974;83.847.176
fev/25;RMC;Cloreto de Potássio;Conceiçãozinha;SP;Rio Verde;GO;34.358;41.598.772
fev/25;RMC;Contêiner Cheio de 40 Pés;Anápolis;GO;Cubatão;SP;258;394.816
fev/25;RMC;Contêiner Vazio de 20 Pés;Anápolis;GO;Cubatão;SP;4;6.121
fev/25;RMC;Contêiner Vazio de 40 Pés;Anápolis;GO;Cubatão;SP;278;425.423
fev/25;RMC;Contêiner Vazio de 40 Pés;Anápolis;GO;Tutóia;SP;433;462.631
fev/25;RMC;Ureia;Estação TUF;SP;Rio Verde;GO;6.895;8.301.786
fev/25;RMN;Álcool;Chapadao do Sul;MS;Replan;SP;43.019;40.476.273
fev/25;RMN;Álcool;Rondonópolis;MT;Replan;SP;122.795;171.226.648
fev/25;RMN;Álcool;T. Olacyr F. Morais;MS;Replan;SP;3.917;4.122.513
fev/25;RMN;Celulose;Aparecida do Taboado;MS;Barnabé;SP;182.678;169.263.591
fev/25;RMN;Celulose;Aparecida do Taboado;MS;Santos;SP;64;59.352
fev/25;RMN;Celulose;Chapadao do Sul;MS;Barnabé;SP;47.764;56.842.933
fev/25;RMN;Celulose;Chapadao do Sul;MS;Santos;SP;58.880;70.160.171
fev/25;RMN;Contêiner cheio 53 pés;Rondonópolis;MT;Boa Vista Nova;SP;216;296.790
fev/25;RMN;Contêiner Cheio de 20 Pés;Rondonópolis;MT;Cubatão;SP;6.215;10.118.535
fev/25;RMN;Contêiner Cheio de 40 Pés;Rondonópolis;MT;Boa Vista Nova;SP;60.734;83.416.011
fev/25;RMN;Contêiner Cheio de 40 Pés;Rondonópolis;MT;Cubatão;SP;52.664;85.741.363
fev/25;RMN;Contêiner Vazio de 40 Pés;Rondonópolis;MT;Boa Vista Nova;SP;397;543.954
fev/25;RMN;Contêiner Vazio de 40 Pés;Rondonópolis;MT;Boa Vista Velha;SP;420;574.922
fev/25;RMN;Farelo de Soja;Alto Araguaia;MT;Santos;SP;57.291;80.253.805
fev/25;RMN;Farelo de Soja;Rondonópolis;MT;Conceiçãozinha;SP;54.440;89.616.385
fev/25;RMN;Farelo de Soja;Rondonópolis;MT;Santos;SP;316.550;519.768.786
fev/25;RMN;Óleo Diesel;Rondonópolis;MT;Replan;SP;10.576;14.737.782
fev/25;RMN;Soja;Alto Araguaia;MT;Conceiçãozinha;SP;51.671;72.725.906
fev/25;RMN;Soja;Chapadao do Sul;MS;Conceiçãozinha;SP;3.806;4.560.508
fev/25;RMN;Soja;Chapadao do Sul;MS;Santos;SP;114.489;136.422.681
fev/25;RMN;Soja;Itiquira;MT;Conceiçãozinha;SP;6.346;9.660.417
fev/25;RMN;Soja;Rondonópolis;MT;Conceiçãozinha;SP;529.523;872.731.872
fev/25;RMN;Soja;Rondonópolis;MT;Santos;SP;717.106;1.178.654.991
fev/25;RMO;Minério de Ferro;Antônio Maria Coelho;MS;Porto Esperança;MS;223.372;10.381.213
fev/25;RMP;Açúcar;Fernandopolis;SP;Santos;SP;7.952;6.410.568
fev/25;RMP;Açúcar;Rio Preto Paulista;SP;Santos;SP;24.662;16.538.840
fev/25;RMP;Açúcar;Santa Adélia;SP;Santos;SP;86;50.056
fev/25;RMP;Adubo Orgânico a Granel;Conceiçãozinha;SP;Rondonópolis;MT;39.406;64.998.211
fev/25;RMP;Adubo Orgânico a Granel;Cubatão;SP;Rondonópolis;MT;24.243;39.473.327
fev/25;RMP;Cloreto de Potássio;Conceiçãozinha;SP;Rondonópolis;MT;125.320;206.612.972
fev/25;RMP;Cloreto de Potássio;Cubatão;SP;Rondonópolis;MT;17.863;29.089.676
fev/25;RMP;Cloreto de Potássio;Santos;SP;Rondonópolis;MT;27.115;44.582.427
fev/25;RMP;Contêiner cheio 53 pés;Boa Vista Nova;SP;Rondonópolis;MT;21;28.854
fev/25;RMP;Contêiner Cheio de 40 Pés;Boa Vista Nova;SP;Anápolis;GO;457;581.477
fev/25;RMP;Contêiner Cheio de 40 Pés;Boa Vista Nova;SP;Rondonópolis;MT;192;263.088
fev/25;RMP;Contêiner Cheio de 40 Pés;Boa Vista Velha;SP;Rondonópolis;MT;18.637;25.511.497
fev/25;RMP;Contêiner Cheio de 40 Pés;Cubatão;SP;Rondonópolis;MT;252;410.276
fev/25;RMP;Contêiner Vazio de 20 Pés;Boa Vista Nova;SP;Anápolis;GO;9;11.451
fev/25;RMP;Contêiner Vazio de 20 Pés;Cubatão;SP;Boa Vista Nova;SP;4;1.034
fev/25;RMP;Contêiner Vazio de 20 Pés;Cubatão;SP;Rondonópolis;MT;524;854.864
fev/25;RMP;Contêiner Vazio de 40 Pés;Boa Vista Nova;SP;Anápolis;GO;138;175.588
fev/25;RMP;Contêiner Vazio de 40 Pés;Boa Vista Velha;SP;Rondonópolis;MT;3.539;4.844.405
fev/25;RMP;Contêiner Vazio de 40 Pés;Cubatão;SP;Boa Vista Nova;SP;312;80.723
fev/25;RMP;Contêiner Vazio de 40 Pés;Cubatão;SP;Rondonópolis;MT;6.809;11.108.338
fev/25;RMP;Farelo de Soja;Rio Verde;GO;Santos;SP;61.654;74.194.113
fev/25;RMP;Farelo de Soja;São Simão;GO;Santos;SP;8.116;8.028.882
fev/25;RMP;Gasolina;Replan;SP;Rondonópolis;MT;10.213;14.237.087
fev/25;RMP;Gasolina;Replan;SP;T. Olacyr F. Morais;MS;1.504;1.582.910
fev/25;RMP;Óleo Diesel;Replan;SP;Rio Preto Paulista;SP;2.120;890.178
fev/25;RMP;Óleo Diesel;Replan;SP;Rondonópolis;MT;104.775;146.015.360
fev/25;RMP;Óleo Diesel;Replan;SP;T. Olacyr F. Morais;MS;5.722;6.022.215
fev/25;RMP;Soja;Rio Verde;GO;Conceiçãozinha;SP;171.215;207.180.065
fev/25;RMP;Soja;Rio Verde;GO;Santos;SP;162.430;195.467.425
fev/25;RMP;Soja;São Simão;GO;Santos;SP;29.287;28.972.619
fev/25;RMP;Ureia;Cubatão;SP;Rondonópolis;MT;11.800;19.212.417
fev/25;RMP;Ureia;Estação TUF;SP;Rondonópolis;MT;7.423;12.141.956
fev/25;RMS;Açúcar;Londrina;PR;D Pedro II;PR;22.414;14.143.412
fev/25;RMS;Açúcar;Marialva;PR;D Pedro II;PR;56.529;35.058.488
fev/25;RMS;Açúcar;Maringa;PR;D Pedro II;PR;22.148;14.435.115
fev/25;RMS;Açúcar;Rolandia;PR;D Pedro II;PR;38.622;23.781.700
fev/25;RMS;Adubo Orgânico a Granel;D Pedro II;PR;Cará-Cará;PR;1.526;366.052
fev/25;RMS;Adubo Orgânico a Granel;D Pedro II;PR;Maringa;PR;231;150.556
fev/25;RMS;Adubo Orgânico a Granel;km 5;PR;Cascavel;PR;1.970;1.439.035
fev/25;RMS;Adubo Orgânico a Granel;km 5;PR;Maringa;PR;15;9.711
fev/25;RMS;Adubo Orgânico a Granel;Rio Grande;RS;Cruz Alta;RS;7.986;5.893.203
fev/25;RMS;Álcool;Eng. Vicente Montanha;PR;Araucária Terminal;PR;878;451.002
fev/25;RMS;Álcool;Londrina;PR;Araucária Terminal;PR;6.117;3.095.321
fev/25;RMS;Álcool;Sarandi;PR;Araucária Terminal;PR;1.349;689.245
fev/25;RMS;Calcário Corretivo;Tranqueira;PR;Maringa;PR;3.463;2.032.088
fev/25;RMS;Celulose;Ortigueira;PR;km 5;PR;59.648;27.265.041
fev/25;RMS;Cimento acondicionado;Apiai;SP;Londrina;PR;13.864;8.010.522
fev/25;RMS;Cimento acondicionado;Apiai;SP;Uvaranas;PR;19.996;3.889.661
fev/25;RMS;Cimento acondicionado;Rio Branco do Sul;PR;Cascavel;PR;7.568;5.187.879
fev/25;RMS;Cimento acondicionado;Rio Branco do Sul;PR;Londrina;PR;7.792;4.532.692
fev/25;RMS;Cimento acondicionado;Rio Branco do Sul;PR;Maringa;PR;17.483;10.532.808
fev/25;RMS;Cloreto de Potássio;km 5;PR;Cará-Cará;PR;2.477;583.464
fev/25;RMS;Cloreto de Potássio;km 5;PR;Cascavel;PR;2.414;1.763.366
fev/25;RMS;Cloreto de Potássio;km 5;PR;Maringa;PR;313;202.646
fev/25;RMS;Cloreto de Potássio;Rio Grande;RS;Cruz Alta;RS;998;736.466
fev/25;RMS;Contêiner Cheio de 40 Pés;Cambe;PR;D Pedro II;PR;35.748;22.302.033
fev/25;RMS;Contêiner Cheio de 40 Pés;Cascavel;PR;D Pedro II;PR;35.048;25.753.234
fev/25;RMS;Contêiner Cheio de 40 Pés;Ortigueira;PR;D Pedro II;PR;50.988;23.527.035
fev/25;RMS;Contêiner Vazio de 40 Pés;D Pedro II;PR;Cambe;PR;5.223;3.258.462
fev/25;RMS;Contêiner Vazio de 40 Pés;D Pedro II;PR;Cascavel;PR;5.214;3.831.241
fev/25;RMS;Contêiner Vazio de 40 Pés;D Pedro II;PR;Ortigueira;PR;6.782;3.129.370
fev/25;RMS;Farelo de Soja;D Pedro II;PR;Maringa;PR;466;303.719
fev/25;RMS;Farelo de Soja;Desvio Ribas;PR;D Pedro II;PR;73.348;16.880.601
fev/25;RMS;Farelo de Soja;Ijuí;RS;Rio Grande;RS;17.908;14.173.071
fev/25;RMS;Farelo de Soja;Londrina;PR;D Pedro II;PR;10.095;6.370.025
fev/25;RMS;Farelo de Soja;Maringa;PR;D Pedro II;PR;11.527;7.512.802
fev/25;RMS;Fosfato;km 5;PR;Cará-Cará;PR;1.988;468.279
fev/25;RMS;Gasolina;Araucária Terminal;PR;Eng. Vicente Montanha;PR;6.773;3.479.086
fev/25;RMS;Gasolina;Araucária Terminal;PR;Lages;SC;2.520;1.003.778
fev/25;RMS;Gasolina;Araucária Terminal;PR;Londrina;PR;7.214;3.650.427
fev/25;RMS;Gasolina;Araucária Terminal;PR;Sarandi;PR;2.621;1.336.548
fev/25;RMS;Gasolina;D Pedro II;PR;Araucária Terminal;PR;602;75.242
fev/25;RMS;Gasolina;D Pedro II;PR;Sarandi;PR;489;308.851
fev/25;RMS;Grãos - Cevada;km 5;PR;Guarapuava;PR;748;360.817
fev/25;RMS;Grãos - Milho;Cacequi;RS;Rio Grande;RS;16.864;8.131.618
fev/25;RMS;Grãos - Milho;Cruz Alta;RS;Rio Grande;RS;46.295;34.163.021
fev/25;RMS;Grãos - Milho;J.De Castilhos;RS;Rio Grande;RS;1.563;1.029.446
fev/25;RMS;Grãos - Milho;Rolandia;PR;D Pedro II;PR;2.276;1.400.896
fev/25;RMS;Grãos - Trigo;Cacequi;RS;Rio Grande;RS;2.812;1.355.912
fev/25;RMS;Grãos - Trigo;Cruz Alta;RS;Rio Grande;RS;44.419;32.778.642
fev/25;RMS;Grãos - Trigo;J.De Castilhos;RS;Rio Grande;RS;4.756;3.132.468
fev/25;RMS;Grãos - Trigo;Santo Ângelo;RS;Rio Grande;RS;14.370;12.156.402
fev/25;RMS;Grãos - Trigo;Tupancireta;RS;Rio Grande;RS;4.966;3.391.405
fev/25;RMS;Óleo Diesel;Araucária Terminal;PR;Eng. Vicente Montanha;PR;27.332;14.039.626
fev/25;RMS;Óleo Diesel;Araucária Terminal;PR;Lages;SC;1.660;661.218
fev/25;RMS;Óleo Diesel;Araucária Terminal;PR;Londrina;PR;13.400;6.780.665
fev/25;RMS;Óleo Diesel;Araucária Terminal;PR;Sarandi;PR;1.104;564.067
fev/25;RMS;Óleo Diesel;D Pedro II;PR;Araucária Terminal;PR;17.814;2.226.534
fev/25;RMS;Óleo Diesel;D Pedro II;PR;Eng. Vicente Montanha;PR;819;523.061
fev/25;RMS;Óleo Diesel;D Pedro II;PR;Londrina;PR;1.249;788.128
fev/25;RMS;Óleo Diesel;D Pedro II;PR;Sarandi;PR;5.823;3.677.800
fev/25;RMS;Soja;Cascavel;PR;D Pedro II;PR;39.956;29.359.625
fev/25;RMS;Soja;Cruz Alta;RS;Rio Grande;RS;13.787;10.174.006
fev/25;RMS;Soja;Guarapuava;PR;D Pedro II;PR;806;392.281
fev/25;RMS;Soja;Londrina;PR;São Francisco do Sul;SC;25.966;19.154.545
fev/25;RMS;Soja;Marialva;PR;D Pedro II;PR;72.383;44.890.920
fev/25;RMS;Soja;Marialva;PR;São Francisco do Sul;SC;7.809;5.676.018
fev/25;RMS;Soja;Maringa;PR;D Pedro II;PR;120.582;78.590.276
fev/25;RMS;Soja;Maringa;PR;São Francisco do Sul;SC;85.349;64.731.038
fev/25;RMS;Soja;Rolandia;PR;D Pedro II;PR;1.564;962.654
fev/25;RMS;Soja;Rolandia;PR;São Francisco do Sul;SC;4.955;3.578.391
fev/25;RMS;Ureia;km 5;PR;Maringa;PR;707;457.735
mar/25;EFC;Carvão Mineral;Ponta da Madeira;MA;Paraupebas;PA;5.766;4.964.526
mar/25;EFC;Cobre;Paraupebas;PA;Ponta da Madeira Cobre;MA;76.646;66.835.312
mar/25;EFC;Ferro Gusa;Açailândia;MA;Ponta da Madeira Pêra do Píer;MA;22.014;11.572.759
mar/25;EFC;Ferro Gusa;Marabá;PA;Ponta da Madeira Pêra do Píer;MA;38.345;28.797.196
mar/25;EFC;Gasolina;Itaqui Base Combustível;MA;Açailândia;MA;8.093;4.232.639
mar/25;EFC;Gasolina;Itaqui Base Combustível;MA;Marabá;PA;7.010;5.253.650
mar/25;EFC;Minério de Ferro;Carajás;PA;Açailândia;MA;50.422;19.059.516
mar/25;EFC;Minério de Ferro;Carajás;PA;Marabá;PA;20.673;3.162.969
mar/25;EFC;Minério de Ferro;Carajás;PA;Ponta da Madeira;MA;4.868.849;4.349.357.098
mar/25;EFC;Minério de Ferro;Serra Leste;PA;Açailândia;MA;33.849;10.775.558
mar/25;EFC;Minério de Ferro;Serra Leste;PA;Marabá;PA;5.327;497.232
mar/25;EFC;Minério de Ferro;Serra Leste;PA;Ponta da Madeira;MA;521.490;433.536.538
mar/25;EFC;Minério de Ferro;Serra Sul;PA;Ponta da Madeira;MA;6.644.922;6.288.661.151
mar/25;EFC;Óleo Diesel;Itaqui Base Combustível;MA;Açailândia;MA;29.938;15.657.574
mar/25;EFC;Óleo Diesel;Itaqui Base Combustível;MA;Marabá;PA;29.529;22.121.672
mar/25;EFPO;Cimento acondicionado;Agrária;PR;Cascavel;PR;4.124;992.226
mar/25;EFPO;Soja;Cascavel;PR;Agrária;PR;17.496;4.209.499
mar/25;EFVM;Antracito;Tubarão;ES;Intendente Câmara;MG;74.796;32.394.968
mar/25;EFVM;Carvão Mineral;Tubarão;ES;Intendente Câmara;MG;86.982;37.672.859
mar/25;EFVM;Carvão Mineral;Tubarão;ES;Ouro Branco;MG;114.327;76.699.240
mar/25;EFVM;Celulose;Frederico Selow;MG;Aracruz;ES;100.062;37.080.275
mar/25;EFVM;Cloreto de Potássio;Tubarão;ES;Brejo Alegre;MG;61.826;87.042.406
mar/25;EFVM;Contêiner Cheio de 20 Pés;Tubarão;ES;Nova Granja;MG;7.139;4.861.387
mar/25;EFVM;Coque;Pedro Nolasco;ES;Prudente de Morais;MG;1.445;1.055.487
mar/25;EFVM;Coque;Tubarão;ES;Prudente de Morais;MG;12.411;9.035.803
mar/25;EFVM;Coque Metalúrgico;Tubarão;ES;Bela Vista de Minas;MG;30.325;15.887.085
mar/25;EFVM;Ferro Gusa;Aroaba;ES;Pedro Nolasco;ES;15.569;374.791
mar/25;EFVM;Ferro Gusa;Funil;MG;Pedro Nolasco;ES;2.869;1.860.683
mar/25;EFVM;Ferro Gusa;Funil;MG;Tubarão;ES;8.087;5.164.592
mar/25;EFVM;Minério de Ferro;Barão de Cocais;MG;Intendente Câmara;MG;17.093;2.874.306
mar/25;EFVM;Minério de Ferro;Barão de Cocais;MG;Tubarão;ES;79.615;47.869.950
mar/25;EFVM;Minério de Ferro;Brucutu;MG;Tubarão;ES;2.009.021;1.173.632.966
mar/25;EFVM;Minério de Ferro;Capitão Eduardo;MG;Intendente Câmara;MG;19.649;4.261.828
mar/25;EFVM;Minério de Ferro;Conceição;MG;Tubarão;ES;1.710.214;929.495.439
mar/25;EFVM;Minério de Ferro;Fazendão;MG;Tubarão;ES;930.547;554.074.380
mar/25;EFVM;Minério de Ferro;João Correia;MG;Tubarão;ES;76.644;32.568.716
mar/25;EFVM;Minério de Ferro;João Paulo;MG;Tubarão;ES;395.857;214.584.578
mar/25;EFVM;Minério de Ferro;Mário Carvalho;MG;Tubarão;ES;148.948;66.570.073
mar/25;EFVM;Minério de Ferro;Ouro Branco;MG;Piraqueaçu;ES;12.861;7.693.990
mar/25;EFVM;Minério de Ferro;Ouro Branco;MG;Tubarão;ES;73.926;49.638.993
mar/25;EFVM;Minério de Ferro;Pátio 206;MG;Intendente Câmara;MG;6.363;1.043.016
mar/25;EFVM;Minério de Ferro;Pátio 206;MG;Tubarão;ES;329.857;197.376.569
mar/25;EFVM;Minério de Ferro;Piraqueaçu;ES;Tubarão;ES;8.700;631.914
mar/25;EFVM;Minério de Ferro;Timbopeba;MG;Intendente Câmara;MG;6.386;1.183.683
mar/25;EFVM;Minério de Ferro;Timbopeba;MG;Piraqueaçu;ES;7.906;4.274.120
mar/25;EFVM;Minério de Ferro;Timbopeba;MG;Tubarão;ES;724.272;442.995.052
mar/25;EFVM;Minério de Ferro;Tubarão;ES;Intendente Câmara;MG;38.497;16.673.474
mar/25;EFVM;Minério de Ferro;Tubarão;ES;Mário Carvalho;MG;44.405;19.846.147
mar/25;EFVM;Outros - adubos e Fertilizantes;Tubarão;ES;Brejo Alegre;MG;1.602;2.264.098
mar/25;EFVM;Prd. Siderúrgicos - Bobina - BF;Intendente Câmara;MG;Capitão Eduardo;MG;36.957;8.069.890
mar/25;EFVM;Prd. Siderúrgicos - Bobina - BF;Intendente Câmara;MG;Carreira Comprida;MG;2.455;548.520
mar/25;EFVM;Prd. Siderúrgicos - Bobina - BF;Intendente Câmara;MG;Couto e Silva;MG;2.646;671.964
mar/25;EFVM;Prd. Siderúrgicos - Bobina - BF;Intendente Câmara;MG;Embiruçu;MG;33.601;8.380.840
mar/25;EFVM;Prd. Siderúrgicos - Bobina - BF;Intendente Câmara;MG;Lafaiete Bandeira;MG;30.429;6.779.276
mar/25;EFVM;Prd. Siderúrgicos - Bobina - BF;Intendente Câmara;MG;Pedro Nolasco;ES;1.437;625.819
mar/25;EFVM;Prd. Siderúrgicos - Bobina - BF;Intendente Câmara;MG;Tubarão;ES;10.371;4.491.793
mar/25;EFVM;Prd. Siderúrgicos - Bobina - BF;Tubarão;ES;Lafaiete Bandeira;MG;23.031;15.105.477
mar/25;EFVM;Prd. Siderúrgicos - Bobina - BF;Tubarão;ES;Parque Industrial;MG;2.681;1.801.577
mar/25;EFVM;Prd. Siderúrgicos - Fio Máquina;João Monlevade;MG;Aracruz;ES;5.289;2.649.894
mar/25;EFVM;Prd. Siderúrgicos - Fio Máquina;João Monlevade;MG;Capitão Eduardo;MG;8.264;1.019.405
mar/25;EFVM;Prd. Siderúrgicos - Fio Máquina;João Monlevade;MG;Eldorado;MG;15.500;2.237.047
mar/25;EFVM;Prd. Siderúrgicos - Fio Máquina;João Monlevade;MG;Governador Valadares;MG;5.513;1.125.423
mar/25;EFVM;Prd. Siderúrgicos - Fio Máquina;João Monlevade;MG;Nova Granja;MG;1.020;158.996
mar/25;EFVM;Prd. Siderúrgicos - Fio Máquina;João Monlevade;MG;Parque Industrial;MG;343;52.427
mar/25;EFVM;Prd. Siderúrgicos - Fio Máquina;João Monlevade;MG;Pedro Nolasco;ES;1.686;891.973
mar/25;EFVM;Prd. Siderúrgicos - Fio Máquina;João Monlevade;MG;Tubarão;ES;2.165;1.140.205
mar/25;EFVM;Prd. Siderúrgicos - Fio Máquina;Ouro Branco;MG;Tubarão;ES;4.459;2.991.435
mar/25;EFVM;Prd. Siderúrgicos - Outros;Intendente Câmara;MG;Capitão Eduardo;MG;6.871;1.496.411
mar/25;EFVM;Prd. Siderúrgicos - Outros;Intendente Câmara;MG;Carreira Comprida;MG;981;219.184
mar/25;EFVM;Prd. Siderúrgicos - Outros;Intendente Câmara;MG;Lafaiete Bandeira;MG;10.790;2.436.530
mar/25;EFVM;Prd. Siderúrgicos - Outros;Intendente Câmara;MG;Tubarão;ES;13.882;6.012.446
mar/25;EFVM;Prd. Siderúrgicos - Outros;Ouro Branco;MG;Pedro Nolasco;ES;1.173;789.743
mar/25;EFVM;Prd. Siderúrgicos - Outros;Ouro Branco;MG;Tubarão;ES;3.089;2.095.582
mar/25;EFVM;Prd. Siderúrgicos - Outros;Pedro Nolasco;ES;Pedreira Rio das Velhas;MG;826;533.488
mar/25;EFVM;Prd. Siderúrgicos - Placa;Intendente Câmara;MG;Lafaiete Bandeira;MG;339;78.068
mar/25;EFVM;Prd. Siderúrgicos - Placa;Lafaiete Bandeira;MG;Intendente Câmara;MG;4.896;1.090.657
mar/25;EFVM;Prd. Siderúrgicos - Placa;Ouro Branco;MG;Mário Carvalho;MG;725;162.357
mar/25;EFVM;Prd. Siderúrgicos - Placa;Ouro Branco;MG;Tubarão;ES;41.503;28.155.718
mar/25;EFVM;Prd. Siderúrgicos - Placa;Tubarão;ES;Divinopolis;MG;2.538;2.064.972
mar/25;EFVM;Prd. Siderúrgicos - Tarugo;Ouro Branco;MG;Tubarão;ES;23.483;15.754.181
mar/25;EFVM;Toras de Madeira;Desembargador Drumond;MG;Frederico Selow;MG;17.267;1.875.783
mar/25;EFVM;Toras de Madeira;Eng. Costa Lacerda;MG;Frederico Selow;MG;27.187;4.642.723
mar/25;FCA;Açúcar;Guará;SP;Estação TUF;SP;7.529;4.818.258
mar/25;FCA;Açúcar;Ribeirão Preto;SP;Santos;SP;74.940;41.624.521
mar/25;FCA;Areia;Capitão Eduardo;MG;Carreira Comprida;MG;26.490;173.032
mar/25;FCA;Areia;Pedreira Rio das Velhas;MG;Dr. Lund;MG;22.180;1.054.636
mar/25;FCA;Areia;Roncador Novo;GO;Brasília;DF;4.780;1.169.030
mar/25;FCA;Bauxita;Bauxita;MG;Alumínio;SP;14.599;4.084.727
mar/25;FCA;Bauxita;Brasília;DF;Alumínio;SP;4.890;5.644.473
mar/25;FCA;Calcário Corretivo;Matozinhos;MG;Tubarão;ES;14.456;10.220.131
mar/25;FCA;Calcário Siderúrgico;Matozinhos;MG;Tubarão;ES;13.647;9.648.183
mar/25;FCA;Calcário Siderúrgico;Nova Granja;MG;Tubarão;ES;2.653;1.806.592
mar/25;FCA;Calcário Siderúrgico;Terminal Siderúrgico;MG;Calcario;RJ;76.788;36.974.035
mar/25;FCA;Celulose;LD Celulose;MG;Aracruz;ES;43.520;58.626.923
mar/25;FCA;Clínquer;Terminal Siderúrgico;MG;Calcario;RJ;39.776;19.152.462
mar/25;FCA;Cloreto de Potássio;Fosfago;GO;Final Ramal das Fábricas;SP;40.112;40.995.747
mar/25;FCA;Contêiner Cheio de 20 Pés;Batista Almeida;MG;Calcario;RJ;2.934;1.400.420
mar/25;FCA;Contêiner Cheio de 20 Pés;Batista Almeida;MG;Tubarão;ES;7.724;7.547.829
mar/25;FCA;Contêiner Cheio de 20 Pés;Nova Granja;MG;Tubarão;ES;180;123.927
mar/25;FCA;Cromita;Campo Formoso;BA;Irapui;BA;4.891;1.884.932
mar/25;FCA;Cromita;Itiuba;BA;Irapui;BA;24.375;7.360.738
mar/25;FCA;Demais Produtos;Nova Granja;MG;Tubarão;ES;14.178;9.654.679
mar/25;FCA;Dolomita;Terminal Siderúrgico;MG;Calcario;RJ;34.334;16.532.095
mar/25;FCA;Enxofre;Conceiçãozinha;SP;Fosfago;GO;2.459;2.593.337
mar/25;FCA;Enxofre;Estação TUF;SP;Valefertil;MG;82.205;57.111.962
mar/25;FCA;Farelo de Soja;Brejo Alegre;MG;Estação TUF;SP;25.732;24.417.223
mar/25;FCA;Farelo de Soja;Ipameri;GO;Santos;SP;21.035;21.743.080
mar/25;FCA;Ferro Gusa;Calsete;MG;Pedro Nolasco;ES;11.467;8.449.169
mar/25;FCA;Ferro Gusa;Calsete;MG;Tubarão;ES;4.735;3.477.534
mar/25;FCA;Ferro Gusa;Paulo Menicucci;MG;Tubarão;ES;2.914;2.425.397
mar/25;FCA;Ferro Gusa;Prudente de Morais;MG;Pedro Nolasco;ES;992;724.597
mar/25;FCA;Fosfato;Catalão;GO;Valefertil;MG;42.863;14.488.079
mar/25;FCA;Gasolina;Embiruçu;MG;Governador Valadares;MG;3.551;1.278.224
mar/25;FCA;Gasolina;Embiruçu;MG;Tubarão;ES;129;88.039
mar/25;FCA;LAB - Sulfonato de alquilbenzeno linear;Copec;BA;Vespasiano;MG;708;1.141.726
mar/25;FCA;Magnesita;Catiboaba;BA;Parque Industrial;MG;10.828;11.097.371
mar/25;FCA;Magnesita;Catiboaba;BA;Porto de Aratu;BA;13.059;7.916.913
mar/25;FCA;Minério de Ferro;Nova Granja;MG;Tubarão;ES;11.984;8.250.840
mar/25;FCA;Minério de Ferro;Terminal de Patrocínio;MG;Terminal de Fosfatados;MG;334.770;64.828.545
mar/25;FCA;Óleo Diesel;Embiruçu;MG;Governador Valadares;MG;2.019;726.762
mar/25;FCA;Óleo Diesel;Embiruçu;MG;Tubarão;ES;101;68.930
mar/25;FCA;Outros - adubos e Fertiliz - Perigoso;Estação TUF;SP;Valefertil;MG;144;100.079
mar/25;FCA;Outros - Comb e derivado -  Perigoso;Embiruçu;MG;Tubarão;ES;18.513;12.634.678
mar/25;FCA;Prd. Siderúrgicos - Placa;Parque Industrial;MG;Tubarão;ES;8.514;5.785.314
mar/25;FCA;Prd. Siderúrgicos - Tarugo;Divinopolis;MG;Tubarão;ES;3.101;2.546.383
mar/25;FCA;Prd. Siderúrgicos - Vergalhões;Divinopolis;MG;Tubarão;ES;1.017;835.108
mar/25;FCA;Soja;Brejo Alegre;MG;Tubarão;ES;206.943;291.335.551
mar/25;FCA;Soja;Ipameri;GO;Santos;SP;6.001;6.386.792
mar/25;FCA;Soja;Pirapora;MG;Tubarão;ES;53.614;56.929.997
mar/25;FCA;Soja;Terminal Integrador Uberaba;MG;Conceiçãozinha;SP;123.307;101.665.305
mar/25;FCA;Soja;Terminal Integrador Uberaba;MG;Estação TUF;SP;839.264;691.514.941
mar/25;FCA;Soja;Terminal Integrador Uberaba;MG;Santos;SP;36.706;29.993.561
mar/25;FCA;Toras de Madeira;Calsete;MG;Aracruz;ES;67.540;47.872.216
mar/25;FNSTN;Álcool;Porto Nacional;TO;Itaqui Base Combustível;MA;5.146;6.422.192
mar/25;FNSTN;Celulose;Suzano;MA;Pátio Esso;MA;139.120;85.638.654
mar/25;FNSTN;Cloreto de Potássio;Ponta da Madeira;MA;Palmeirante;TO;9.421;9.132.453
mar/25;FNSTN;Gasolina;Itaqui Base Combustível;MA;Porto Nacional;TO;8.944;11.141.947
mar/25;FNSTN;Óleo Diesel;Itaqui Base Combustível;MA;Porto Nacional;TO;47.260;58.867.017
mar/25;FNSTN;Outros - adubos e Fertilizantes;Ponta da Madeira;MA;Palmeirante;TO;6.820;6.611.117
mar/25;FNSTN;Outros - Comb e derivado -  Perigoso;Porto Nacional;TO;Itaqui Base Combustível;MA;3.754;4.676.079
mar/25;FNSTN;Soja;Palmeirante;TO;Ponta da Madeira;MA;1.429;1.385.231
mar/25;FNSTN;Soja;Palmeirante;TO;Ponta da Madeira Pêra do Píer;MA;453.415;444.550.178
mar/25;FNSTN;Soja;Porto Franco;MA;Ponta da Madeira;MA;183;131.462
mar/25;FNSTN;Soja;Porto Franco;MA;Ponta da Madeira Pêra do Píer;MA;287.315;209.691.257
mar/25;FNSTN;Soja;Porto Nacional;TO;Ponta da Madeira Pêra do Píer;MA;482.189;603.792.523
mar/25;FTC;Carvão Mineral;Mina Novo Horizonte;SC;Capivari;SC;29.035;1.604.503
mar/25;FTC;Carvão Mineral;Rio Fiorita;SC;Capivari;SC;135.462;10.684.428
mar/25;FTC;Carvão Mineral;Sangão;SC;Capivari;SC;1.924;134.778
mar/25;FTC;Carvão Mineral;Urussanga;SC;Capivari;SC;43.410;2.802.375
mar/25;FTC;Contêiner Cheio de 20 Pés;Eng. Paz Ferreira;SC;Imbituba;SC;36.204;3.859.418
mar/25;FTC;Contêiner Cheio de 20 Pés;Imbituba;SC;Eng. Paz Ferreira;SC;136;14.497
mar/25;FTC;Contêiner Cheio de 40 Pés;Eng. Paz Ferreira;SC;Imbituba;SC;5.675;604.966
mar/25;FTC;Contêiner Cheio de 40 Pés;Imbituba;SC;Eng. Paz Ferreira;SC;1.805;192.416
mar/25;FTC;Contêiner Vazio de 20 Pés;Imbituba;SC;Eng. Paz Ferreira;SC;2.997;319.486
mar/25;FTC;Contêiner Vazio de 40 Pés;Eng. Paz Ferreira;SC;Imbituba;SC;17;1.812
mar/25;FTC;Contêiner Vazio de 40 Pés;Imbituba;SC;Eng. Paz Ferreira;SC;443;47.224
mar/25;FTL;Álcool;Itaqui;MA;Itarare;PI;133;61.598
mar/25;FTL;Areia;Aracapé;CE;Crateus;CE;40;17.526
mar/25;FTL;Areia;Aracapé;CE;Sobral;CE;40;9.223
mar/25;FTL;Areia;Aracapé;CE;Teresina;PI;40;29.220
mar/25;FTL;Areia;Cristino Cruz Novo;MA;Teresina;PI;80;3.807
mar/25;FTL;Celulose;Pátio Esso;MA;Itaqui;MA;143.120;286.240
mar/25;FTL;Cimento acondicionado;Fábrica Votorantim Pecém;CE;Aracapé;CE;8.916;417.661
mar/25;FTL;Cimento acondicionado;Pecem;CE;São Luis - Tirirical;MA;2.101;2.447.419
mar/25;FTL;Cimento acondicionado;Pecem;CE;Teresina;PI;427;302.693
mar/25;FTL;Cimento acondicionado;Poty;CE;Teresina;PI;15.799;7.931.161
mar/25;FTL;Clínquer;Poty;CE;Fábrica Votorantim Pecém;CE;4.645;930.407
mar/25;FTL;Clínquer;Poty;CE;São Luis - Tirirical;MA;9.027;8.647.902
mar/25;FTL;Coque;Mucuripe;CE;Poty;CE;4.855;1.235.053
mar/25;FTL;Demais Produtos;Cana Brava;PI;Crateus;CE;7;541
mar/25;FTL;Demais Produtos;Carga Ferro Gusa e Cruz;MA;AMV km 26 Itaqui;MA;224;7.425
mar/25;FTL;Demais Produtos;Carga Ferro Gusa e Cruz;MA;Carema Novo;MA;3.501;115.182
mar/25;FTL;Demais Produtos;Carga Ferro Gusa e Cruz;MA;Catanhede Novo;MA;347;33.659
mar/25;FTL;Demais Produtos;Carga Ferro Gusa e Cruz;MA;Caxias Nova;MA;91;28.960
mar/25;FTL;Demais Produtos;Carga Ferro Gusa e Cruz;MA;Codó;MA;623;142.313
mar/25;FTL;Demais Produtos;Carga Ferro Gusa e Cruz;MA;Pirapemas Novo;MA;46;5.796
mar/25;FTL;Demais Produtos;Catanhede Novo;MA;Pirapemas Novo;MA;46;1.334
mar/25;FTL;Demais Produtos;Caxias Nova;MA;Carema Novo;MA;15;4.280
mar/25;FTL;Demais Produtos;Crateus;CE;Aracapé;CE;1;438
mar/25;FTL;Demais Produtos;Crateus;CE;Oficina Demostenes Rockert;CE;2;877
mar/25;FTL;Demais Produtos;Itapecuru Mirim;MA;Carga Ferro Gusa e Cruz;MA;4;273
mar/25;FTL;Demais Produtos;Oficina Demostenes Rockert;CE;São Luis - Tirirical;MA;16;18.992
mar/25;FTL;Demais Produtos;Pecem;CE;Aracapé;CE;161;9.276
mar/25;FTL;Demais Produtos;São Luis - Tirirical;MA;Itapecuru Mirim;MA;26;3.311
mar/25;FTL;Demais Produtos;Sobral;CE;Aracapé;CE;1;230
mar/25;FTL;Demais Produtos;Teresina;PI;Aracapé;CE;1;730
mar/25;FTL;Demais Produtos;Teresina;PI;Pecem;CE;6;4.253
mar/25;FTL;Dormentes de Madeira;Carga Ferro Gusa e Cruz;MA;Itapecuru Mirim;MA;449;30.691
mar/25;FTL;Dormentes de Madeira;Caxias Nova;MA;Codó;MA;20;1.739
mar/25;FTL;Dormentes de Madeira;Caxias Nova;MA;Morro Alegre;PI;80;16.020
mar/25;FTL;Dormentes de Madeira;Caxias Nova;MA;São Luis - Tirirical;MA;144;54.324
mar/25;FTL;Dormentes de Madeira;Pecem;CE;Aracapé;CE;60;3.456
mar/25;FTL;Gasolina;Itaqui;MA;Itarare;PI;11.123;5.151.614
mar/25;FTL;Gasolina;Itaqui;MA;Teresina;PI;6.583;3.022.879
mar/25;FTL;Óleo Diesel;Itaqui;MA;Itarare;PI;12.852;5.951.982
mar/25;FTL;Óleo Diesel;Itaqui;MA;Teresina;PI;6.271;2.880.592
mar/25;FTL;Outros - Indústria Cimenteira e Construção;Fábrica Votorantim Pecém;CE;Aracapé;CE;205;9.603
mar/25;FTL;Pallets de Madeira;São Luis - Tirirical;MA;Pecem;CE;7;8.154
mar/25;FTL;Pallets de Madeira;Teresina;PI;Pecem;CE;42;29.772
mar/25;FTL;Prd. Siderúrgicos - Bobina - BF;Pecem;CE;Teresina;PI;10.235;8.027.909
mar/25;MRS;Açúcar;Itirapina;SP;Santos;SP;57.044;22.408.480
mar/25;MRS;Açúcar;Pradopolis;SP;Santos;SP;67.660;36.505.185
mar/25;MRS;Açúcar;Rio Preto Paulista;SP;Santos;SP;38.805;26.021.934
mar/25;MRS;Açúcar;Votuporanga;SP;Santos;SP;7.979;6.153.428
mar/25;MRS;Areia;Cruzeiro;SP;Mooca;SP;19.194;4.495.925
mar/25;MRS;Areia;Cruzeiro;SP;Santo André;SP;2.924;726.552
mar/25;MRS;Areia;Parque Industrial;MG;Água Branca;SP;7.070;5.387.651
mar/25;MRS;Areia;Roseira;SP;Água Branca;SP;9.381;1.731.282
mar/25;MRS;Areia;Roseira;SP;Mooca;SP;9.730;1.733.788
mar/25;MRS;Bauxita;Barão de Angra;RJ;Alumínio;SP;31.536;21.408.938
mar/25;MRS;Calcário Siderúrgico;Itutinga;MG;Volta Redonda;RJ;8.996;1.860.174
mar/25;MRS;Carvão Mineral;Baia Sepetiba;RJ;Volta Redonda;RJ;60.656;7.217.821
mar/25;MRS;Carvão Mineral;Curuputuba;SP;Volta Redonda;RJ;12.402;2.152.230
mar/25;MRS;Carvão Mineral;Porto Sudeste;RJ;Ouro Branco;MG;21.626;10.215.689
mar/25;MRS;Celulose;Pederneiras;SP;Santos;SP;193.434;100.791.880
mar/25;MRS;Celulose;Santos;SP;Pederneiras;SP;376;195.920
mar/25;MRS;Celulose;São Silvestre;SP;Barnabé;SP;87.472;8.831.173
mar/25;MRS;Cimento a Granel;Barbacena;MG;Santo André;SP;39.789;26.344.933
mar/25;MRS;Cimento a Granel;Pedra do Sino;MG;São Bento;SP;42.434;27.651.055
mar/25;MRS;Cimento a Granel;Terminal Cimento Barroso;MG;Deodoro;RJ;8.429;3.007.762
mar/25;MRS;Cimento acondicionado;Capuava;SP;Água Branca;SP;140;3.934
mar/25;MRS;Cimento acondicionado;Pedra do Sino;MG;Arará;RJ;9.481;5.030.030
mar/25;MRS;Cimento acondicionado;Volta Redonda;RJ;Água Branca;SP;287;99.906
mar/25;MRS;Cimento acondicionado;Volta Redonda;RJ;Arará;RJ;27.918;4.038.701
mar/25;MRS;Cimento acondicionado;Volta Redonda;RJ;Benfica;MG;1.584;342.972
mar/25;MRS;Cimento acondicionado;Volta Redonda;RJ;Capuava;SP;2.081;749.320
mar/25;MRS;Cimento acondicionado;Volta Redonda;RJ;Mogi das Cruzes;SP;359;119.365
mar/25;MRS;Cimento acondicionado;Volta Redonda;RJ;Pedrasil;SP;4.823;808.209
mar/25;MRS;Cimento acondicionado;Volta Redonda;RJ;São José dos Campos;SP;6.141;1.449.220
mar/25;MRS;Cimento acondicionado;Wilson Lobato;MG;Água Branca;SP;1.400;1.188.910
mar/25;MRS;Cimento acondicionado;Wilson Lobato;MG;Capuava;SP;420;361.701
mar/25;MRS;Contêiner Cheio de 20 Pés;Arará;RJ;Conceiçãozinha;SP;51;27.049
mar/25;MRS;Contêiner Cheio de 20 Pés;Arará;RJ;Couto e Silva;MG;374;246.352
mar/25;MRS;Contêiner Cheio de 20 Pés;Arará;RJ;Eldorado;MG;4.368;2.806.924
mar/25;MRS;Contêiner Cheio de 20 Pés;Arará;RJ;Floriano;RJ;4.375;753.331
mar/25;MRS;Contêiner Cheio de 20 Pés;Arará;RJ;Itatiaia;RJ;39;7.914
mar/25;MRS;Contêiner Cheio de 20 Pés;Barnabé;SP;Edmar Alves;SP;2.227;347.318
mar/25;MRS;Contêiner Cheio de 20 Pés;Barnabé;SP;Jundiaí;SP;90;11.599
mar/25;MRS;Contêiner Cheio de 20 Pés;Conceiçãozinha;SP;Curuputuba;SP;4.237;898.968
mar/25;MRS;Contêiner Cheio de 20 Pés;Conceiçãozinha;SP;Eng. Neiva;SP;2.342;568.175
mar/25;MRS;Contêiner Cheio de 20 Pés;Conceiçãozinha;SP;Jundiaí;SP;710;97.314
mar/25;MRS;Contêiner Cheio de 20 Pés;Curuputuba;SP;Arará;RJ;330;105.006
mar/25;MRS;Contêiner Cheio de 20 Pés;Curuputuba;SP;Barnabé;SP;743;151.577
mar/25;MRS;Contêiner Cheio de 20 Pés;Curuputuba;SP;Brisamar;RJ;416;119.614
mar/25;MRS;Contêiner Cheio de 20 Pés;Curuputuba;SP;Conceiçãozinha;SP;9.649;2.047.237
mar/25;MRS;Contêiner Cheio de 20 Pés;Dias Tavares;MG;Arará;RJ;53;35.970
mar/25;MRS;Contêiner Cheio de 20 Pés;Eldorado;MG;Arará;RJ;5.645;3.289.910
mar/25;MRS;Contêiner Cheio de 20 Pés;Eldorado;MG;Barnabé;SP;519;411.299
mar/25;MRS;Contêiner Cheio de 20 Pés;Eldorado;MG;Brisamar;RJ;285;157.358
mar/25;MRS;Contêiner Cheio de 20 Pés;Eldorado;MG;Conceiçãozinha;SP;730;584.472
mar/25;MRS;Contêiner Cheio de 20 Pés;Eldorado;MG;Final Ramal das Fábricas;SP;448;361.366
mar/25;MRS;Contêiner Cheio de 20 Pés;Final Ramal das Fábricas;SP;Eldorado;MG;4.041;3.889.587
mar/25;MRS;Contêiner Cheio de 20 Pés;Itutinga;MG;Conceiçãozinha;SP;1.935;1.101.571
mar/25;MRS;Contêiner Cheio de 20 Pés;Itutinga;MG;Final Ramal das Fábricas;SP;1.174;675.356
mar/25;MRS;Contêiner Cheio de 20 Pés;Jundiaí;SP;Conceiçãozinha;SP;2.298;314.967
mar/25;MRS;Contêiner Cheio de 20 Pés - Perigoso;Conceiçãozinha;SP;Eng. Neiva;SP;1.540;373.607
mar/25;MRS;Contêiner Cheio de 40 Pés;Arará;RJ;Barnabé;SP;19;9.921
mar/25;MRS;Contêiner Cheio de 40 Pés;Arará;RJ;Conceiçãozinha;SP;83;44.020
mar/25;MRS;Contêiner Cheio de 40 Pés;Arará;RJ;Couto e Silva;MG;91;59.940
mar/25;MRS;Contêiner Cheio de 40 Pés;Arará;RJ;Dias Tavares;MG;117;34.336
mar/25;MRS;Contêiner Cheio de 40 Pés;Arará;RJ;Edmar Alves;SP;2.169;794.400
mar/25;MRS;Contêiner Cheio de 40 Pés;Arará;RJ;Floriano;RJ;1.876;323.028
mar/25;MRS;Contêiner Cheio de 40 Pés;Arará;RJ;Itatiaia;RJ;608;123.381
mar/25;MRS;Contêiner Cheio de 40 Pés;Arará;RJ;Manoel Feio;SP;376;170.744
mar/25;MRS;Contêiner Cheio de 40 Pés;Arará;RJ;MultiTerminais;RJ;571;113.564
mar/25;MRS;Contêiner Cheio de 40 Pés;Barnabé;SP;Curuputuba;SP;849;173.202
mar/25;MRS;Contêiner Cheio de 40 Pés;Barnabé;SP;Jundiaí;SP;7.876;1.015.206
mar/25;MRS;Contêiner Cheio de 40 Pés;Boa Vista Velha;SP;Brisamar;RJ;2.671;1.519.668
mar/25;MRS;Contêiner Cheio de 40 Pés;Brisamar;RJ;Floriano;RJ;10.589;1.498.586
mar/25;MRS;Contêiner Cheio de 40 Pés;Brisamar;RJ;MultiTerminais;RJ;891;149.885
mar/25;MRS;Contêiner Cheio de 40 Pés;Conceiçãozinha;SP;Cragea;SP;3.204;171.048
mar/25;MRS;Contêiner Cheio de 40 Pés;Conceiçãozinha;SP;Curuputuba;SP;5.684;1.205.979
mar/25;MRS;Contêiner Cheio de 40 Pés;Conceiçãozinha;SP;Eng. Neiva;SP;611;148.230
mar/25;MRS;Contêiner Cheio de 40 Pés;Conceiçãozinha;SP;Jundiaí;SP;9.909;1.358.145
mar/25;MRS;Contêiner Cheio de 40 Pés;Cragea;SP;Barnabé;SP;321;14.516
mar/25;MRS;Contêiner Cheio de 40 Pés;Cragea;SP;Conceiçãozinha;SP;344;18.364
mar/25;MRS;Contêiner Cheio de 40 Pés;Curuputuba;SP;Brisamar;RJ;1.119;321.751
mar/25;MRS;Contêiner Cheio de 40 Pés;Curuputuba;SP;Conceiçãozinha;SP;1.011;214.504
mar/25;MRS;Contêiner Cheio de 40 Pés;Eldorado;MG;Brisamar;RJ;130;71.777
mar/25;MRS;Contêiner Cheio de 40 Pés;Eldorado;MG;Conceiçãozinha;SP;144;115.293
mar/25;MRS;Contêiner Cheio de 40 Pés;Floriano;RJ;Arará;RJ;1.027;176.839
mar/25;MRS;Contêiner Cheio de 40 Pés;Floriano;RJ;Brisamar;RJ;491;69.487
mar/25;MRS;Contêiner Cheio de 40 Pés;Jundiaí;SP;Barnabé;SP;5.962;768.494
mar/25;MRS;Contêiner Cheio de 40 Pés;Jundiaí;SP;Conceiçãozinha;SP;21.799;2.987.813
mar/25;MRS;Contêiner Cheio de 40 Pés;Manoel Feio;SP;Arará;RJ;135;61.304
mar/25;MRS;Contêiner Cheio de 40 Pés;Manoel Feio;SP;Barnabé;SP;258;18.213
mar/25;MRS;Contêiner Cheio de 40 Pés;Manoel Feio;SP;Conceiçãozinha;SP;196;15.436
mar/25;MRS;Contêiner Cheio de 40 Pés - Perigoso;Conceiçãozinha;SP;Eng. Neiva;SP;1.499;363.661
mar/25;MRS;Contêiner Cheio de 40 Pés - Perigoso;Final Ramal das Fábricas;SP;Jundiaí;SP;536;76.666
mar/25;MRS;Contêiner Vazio de 20 Pés;Arará;RJ;Dias Tavares;MG;5;1.467
mar/25;MRS;Contêiner Vazio de 20 Pés;Arará;RJ;Eldorado;MG;127;81.609
mar/25;MRS;Contêiner Vazio de 20 Pés;Arará;RJ;Itutinga;MG;92;57.105
mar/25;MRS;Contêiner Vazio de 20 Pés;Brisamar;RJ;Eldorado;MG;16;9.791
mar/25;MRS;Contêiner Vazio de 20 Pés;Couto e Silva;MG;Arará;RJ;44;26.351
mar/25;MRS;Contêiner Vazio de 20 Pés;Curuputuba;SP;Conceiçãozinha;SP;124;26.309
mar/25;MRS;Contêiner Vazio de 20 Pés;Eldorado;MG;Arará;RJ;307;178.918
mar/25;MRS;Contêiner Vazio de 20 Pés;Eng. Neiva;SP;Conceiçãozinha;SP;235;57.010
mar/25;MRS;Contêiner Vazio de 20 Pés;Final Ramal das Fábricas;SP;Eldorado;MG;150;144.379
mar/25;MRS;Contêiner Vazio de 20 Pés;Final Ramal das Fábricas;SP;Itutinga;MG;317;182.357
mar/25;MRS;Contêiner Vazio de 20 Pés;Floriano;RJ;Arará;RJ;465;80.068
mar/25;MRS;Contêiner Vazio de 20 Pés;Itatiaia;RJ;Arará;RJ;5;1.014
mar/25;MRS;Contêiner Vazio de 20 Pés;Itutinga;MG;Final Ramal das Fábricas;SP;2;1.150
mar/25;MRS;Contêiner Vazio de 40 Pés;Arará;RJ;Eldorado;MG;34;21.848
mar/25;MRS;Contêiner Vazio de 40 Pés;Barnabé;SP;Jundiaí;SP;17;2.191
mar/25;MRS;Contêiner Vazio de 40 Pés;Brisamar;RJ;Boa Vista Velha;SP;245;139.392
mar/25;MRS;Contêiner Vazio de 40 Pés;Conceiçãozinha;SP;Curuputuba;SP;7;1.485
mar/25;MRS;Contêiner Vazio de 40 Pés;Conceiçãozinha;SP;Jundiaí;SP;255;34.950
mar/25;MRS;Contêiner Vazio de 40 Pés;Conceiçãozinha;SP;Manoel Feio;SP;170;13.389
mar/25;MRS;Contêiner Vazio de 40 Pés;Couto e Silva;MG;Arará;RJ;10;5.988
mar/25;MRS;Contêiner Vazio de 40 Pés;Curuputuba;SP;Conceiçãozinha;SP;340;72.138
mar/25;MRS;Contêiner Vazio de 40 Pés;Edmar Alves;SP;Arará;RJ;248;90.830
mar/25;MRS;Contêiner Vazio de 40 Pés;Eldorado;MG;Arará;RJ;7;4.079
mar/25;MRS;Contêiner Vazio de 40 Pés;Eng. Neiva;SP;Conceiçãozinha;SP;377;91.461
mar/25;MRS;Contêiner Vazio de 40 Pés;Floriano;RJ;Arará;RJ;228;39.259
mar/25;MRS;Contêiner Vazio de 40 Pés;Floriano;RJ;Brisamar;RJ;796;112.652
mar/25;MRS;Contêiner Vazio de 40 Pés;Itatiaia;RJ;Arará;RJ;245;49.717
mar/25;MRS;Contêiner Vazio de 40 Pés;Itatiaia;RJ;Eldorado;MG;14;8.807
mar/25;MRS;Contêiner Vazio de 40 Pés;Manoel Feio;SP;Arará;RJ;68;30.879
mar/25;MRS;Contêiner Vazio de 40 Pés;MultiTerminais;RJ;Brisamar;RJ;241;40.541
mar/25;MRS;Coque;Baia Sepetiba;RJ;Sarzedo Novo;MG;5.776;3.377.931
mar/25;MRS;Coque;Baia Sepetiba;RJ;Volta Redonda;RJ;84.956;10.109.424
mar/25;MRS;Coque;Baia Sepetiba;RJ;Wilson Lobato;MG;4.056;2.851.862
mar/25;MRS;Coque;Curuputuba;SP;Ouro Branco;MG;16.960;10.206.918
mar/25;MRS;Coque;Curuputuba;SP;Vespasiano;MG;7.472;6.009.169
mar/25;MRS;Coque;Vespasiano;MG;Ouro Branco;MG;10.427;2.310.122
mar/25;MRS;Escória;Ouro Branco;MG;Wilson Lobato;MG;16.121;3.996.266
mar/25;MRS;Escória;Siderúrgica do Atlântico;RJ;São Bento;SP;4.340;1.818.225
mar/25;MRS;Ferro Gusa;Cel. João Carlos Guedes;MG;Arará;RJ;4.050;1.819.470
mar/25;MRS;Ferro Gusa;Prudente de Morais;MG;Arará;RJ;41.316;28.398.422
mar/25;MRS;Ferro Gusa;São Bento;SP;Arará;RJ;31.903;13.833.555
mar/25;MRS;Ferro Gusa;Sarzedo Novo;MG;Arará;RJ;94.554;52.068.886
mar/25;MRS;Ferro Gusa;Sarzedo Novo;MG;Itaguai;RJ;11.360;5.998.216
mar/25;MRS;Minério de Ferro;Carlos Newlands;MG;Brisamar;RJ;373.018;189.018.291
mar/25;MRS;Minério de Ferro;Carlos Newlands;MG;Porto Sudeste;RJ;108.738;55.426.693
mar/25;MRS;Minério de Ferro;Casa de Pedra;MG;Baia Sepetiba;RJ;1.653.084;729.193.535
mar/25;MRS;Minério de Ferro;Casa de Pedra;MG;Volta Redonda;RJ;204.684;65.931.786
mar/25;MRS;Minério de Ferro;Dr. Joaquim Murtinho;MG;Baia Sepetiba;RJ;100.669;45.906.976
mar/25;MRS;Minério de Ferro;Dr. Joaquim Murtinho;MG;Brisamar;RJ;315.038;142.088.123
mar/25;MRS;Minério de Ferro;Dr. Joaquim Murtinho;MG;Porto Sudeste;RJ;265.920;120.732.730
mar/25;MRS;Minério de Ferro;Guaiba;RJ;Pires;MG;20.800;11.317.716
mar/25;MRS;Minério de Ferro;Itutinga;MG;Baia Sepetiba;RJ;21.169;6.896.309
mar/25;MRS;Minério de Ferro;Itutinga;MG;Volta Redonda;RJ;88.617;18.324.045
mar/25;MRS;Minério de Ferro;Olhos D Água;MG;Baia Sepetiba;RJ;191.757;105.655.614
mar/25;MRS;Minério de Ferro;Olhos D Água;MG;Guaiba;RJ;397.023;227.536.660
mar/25;MRS;Minério de Ferro;Olhos D Água;MG;Siderúrgica do Atlântico;RJ;74.924;42.106.313
mar/25;MRS;Minério de Ferro;Otavio Dapieve;MG;Baia Sepetiba;RJ;729.749;353.620.310
mar/25;MRS;Minério de Ferro;Otavio Dapieve;MG;Guaiba;RJ;1.643.325;832.669.490
mar/25;MRS;Minério de Ferro;Otavio Dapieve;MG;Siderúrgica do Atlântico;RJ;197.288;97.771.592
mar/25;MRS;Minério de Ferro;Otavio Dapieve;MG;Volta Redonda;RJ;102.066;37.313.492
mar/25;MRS;Minério de Ferro;Pires;MG;Baia Sepetiba;RJ;837.878;379.905.614
mar/25;MRS;Minério de Ferro;Pires;MG;Guaiba;RJ;282.844;134.501.938
mar/25;MRS;Minério de Ferro;Pires;MG;Sarzedo Novo;MG;10.395;1.311.734
mar/25;MRS;Minério de Ferro;Pires;MG;Siderúrgica do Atlântico;RJ;294.353;136.701.654
mar/25;MRS;Minério de Ferro;Sarzedo;MG;Baia Sepetiba;RJ;56.496;29.852.994
mar/25;MRS;Minério de Ferro;Sarzedo;MG;Brisamar;RJ;351.564;184.011.761
mar/25;MRS;Minério de Ferro;Sarzedo;MG;Guaiba;RJ;102.321;56.330.677
mar/25;MRS;Minério de Ferro;Sarzedo;MG;Porto Sudeste;RJ;13.056;6.872.795
mar/25;MRS;Minério de Ferro;Sarzedo Novo;MG;Baia Sepetiba;RJ;182.027;95.566.359
mar/25;MRS;Minério de Ferro;Sarzedo Novo;MG;Brisamar;RJ;52.224;27.157.106
mar/25;MRS;Minério de Ferro;Sarzedo Novo;MG;Guaiba;RJ;15.271;8.355.252
mar/25;MRS;Minério de Ferro;Sarzedo Novo;MG;Porto Sudeste;RJ;1.082.235;566.021.888
mar/25;MRS;Minério de Ferro;Viga;MG;Baia Sepetiba;RJ;29.646;12.951.507
mar/25;MRS;Minério de Ferro;Viga;MG;Guaiba;RJ;206.291;94.685.918
mar/25;MRS;Minério de Ferro Especial - MRS distancia menor 100 km;Cel. João Carlos Guedes;MG;Dias Tavares;MG;24.483;12.885.427
mar/25;MRS;Minério de Ferro Especial - MRS distancia menor 100 km;Itaguai;RJ;Pires;MG;5.482;2.502.061
mar/25;MRS;Minério de Ferro Especial - MRS distancia menor 100 km;Otavio Dapieve;MG;Ouro Branco;MG;25.840;2.530.640
mar/25;MRS;Óleo Diesel;Embiruçu;MG;Cel. João Carlos Guedes;MG;4.091;593.379
mar/25;MRS;Outras - Carga Geral Não Conteinerizada;Arará;RJ;Prudente de Morais;MG;344;257.022
mar/25;MRS;Outros Graneis Minerais;Arará;RJ;Terminal Paraibuna de Metais;MG;8.585;2.526.445
mar/25;MRS;Outros Graneis Minerais;Dias Tavares;MG;Prudente de Morais;MG;2.088;947.288
mar/25;MRS;Prd. Siderúrgicos - Bobina - BF;Arará;RJ;Pulverizacao;RJ;481;53.224
mar/25;MRS;Prd. Siderúrgicos - Bobina - BF;Lafaiete Bandeira;MG;Boa Vista Velha;SP;15.011;11.875.802
mar/25;MRS;Prd. Siderúrgicos - Bobina - BF;Lafaiete Bandeira;MG;Usiminas;SP;5.175;2.786.214
mar/25;MRS;Prd. Siderúrgicos - Bobina - BF;Ouro Branco;MG;Arará;RJ;136;66.811
mar/25;MRS;Prd. Siderúrgicos - Bobina - BF;Ouro Branco;MG;Caçapava;SP;991;531.881
mar/25;MRS;Prd. Siderúrgicos - Bobina - BF;Ouro Branco;MG;Ipiranga;SP;546;364.806
mar/25;MRS;Prd. Siderúrgicos - Bobina - BF;Ouro Branco;MG;Parque Industrial;MG;11.974;1.924.389
mar/25;MRS;Prd. Siderúrgicos - Bobina - BF;Ouro Branco;MG;São Bento;SP;14.052;8.604.713
mar/25;MRS;Prd. Siderúrgicos - Bobina - BF;Ouro Branco;MG;São Caetano do Sul;SP;137;92.109
mar/25;MRS;Prd. Siderúrgicos - Bobina - BF;Parque Industrial;MG;Boa Vista Velha;SP;421;365.803
mar/25;MRS;Prd. Siderúrgicos - Bobina - BF;Piaçaguera;SP;Barbará;RJ;1.948;708.259
mar/25;MRS;Prd. Siderúrgicos - Bobina - BF;Piaçaguera;SP;Ipiranga;SP;4.684;246.625
mar/25;MRS;Prd. Siderúrgicos - Bobina - BF;Piaçaguera;SP;Pinheirinho;SP;1.574;104.416
mar/25;MRS;Prd. Siderúrgicos - Bobina - BF;Piaçaguera;SP;São Caetano do Sul;SP;1.773;85.924
mar/25;MRS;Prd. Siderúrgicos - Bobina - BF;Piaçaguera;SP;Utinga;SP;18.533;831.371
mar/25;MRS;Prd. Siderúrgicos - Bobina - BF;Volta Redonda;RJ;Ipiranga;SP;2.900;999.760
mar/25;MRS;Prd. Siderúrgicos - Bobina - BF;Volta Redonda;RJ;Paulínia;SP;406;188.897
mar/25;MRS;Prd. Siderúrgicos - Bobina - BQ;Lafaiete Bandeira;MG;Barbará;RJ;7.212;2.554.907
mar/25;MRS;Prd. Siderúrgicos - Bobina - BQ;Lafaiete Bandeira;MG;Cruzeiro;SP;2.857;1.267.630
mar/25;MRS;Prd. Siderúrgicos - Bobina - BQ;Lafaiete Bandeira;MG;Ipiranga;SP;5.918;4.029.743
mar/25;MRS;Prd. Siderúrgicos - Bobina - BQ;Lafaiete Bandeira;MG;Manoel Feio;SP;2.698;1.741.907
mar/25;MRS;Prd. Siderúrgicos - Bobina - BQ;Lafaiete Bandeira;MG;São Caetano do Sul;SP;772;528.912
mar/25;MRS;Prd. Siderúrgicos - Bobina - BQ;Lafaiete Bandeira;MG;Usiminas;SP;972;523.323
mar/25;MRS;Prd. Siderúrgicos - Bobina - BQ;Parque Industrial;MG;Cruzeiro;SP;1.161;605.398
mar/25;MRS;Prd. Siderúrgicos - Bobina - BQ;Parque Industrial;MG;Utinga;SP;642;492.078
mar/25;MRS;Prd. Siderúrgicos - Bobina - BQ;Piaçaguera;SP;Cruzeiro;SP;3.364;1.234.991
mar/25;MRS;Prd. Siderúrgicos - Bobina - BQ;Piaçaguera;SP;Ipiranga;SP;1.331;70.081
mar/25;MRS;Prd. Siderúrgicos - Bobina - BQ;Piaçaguera;SP;Replan;SP;8.988;1.723.035
mar/25;MRS;Prd. Siderúrgicos - Bobina - BQ;Piaçaguera;SP;Usiminas;SP;675;112.384
mar/25;MRS;Prd. Siderúrgicos - Bobina - BQ;Piaçaguera;SP;Utinga;SP;70;3.140
mar/25;MRS;Prd. Siderúrgicos - Bobina - BQ;Volta Redonda;RJ;Brisamar;RJ;60;6.839
mar/25;MRS;Prd. Siderúrgicos - Fio Máquina;Dias Tavares;MG;Caçapava;SP;4.544;3.041.740
mar/25;MRS;Prd. Siderúrgicos - Fio Máquina;Dias Tavares;MG;Eldorado;MG;193;67.383
mar/25;MRS;Prd. Siderúrgicos - Fio Máquina;Dias Tavares;MG;Parque Industrial;MG;2.169;755.106
mar/25;MRS;Prd. Siderúrgicos - Fio Máquina;Dias Tavares;MG;Pinheirinho;SP;352;286.243
mar/25;MRS;Prd. Siderúrgicos - Fio Máquina;Itaguai;RJ;São Bento;SP;6.722;2.762.379
mar/25;MRS;Prd. Siderúrgicos - Fio Máquina;Ouro Branco;MG;Barbará;RJ;1.045;356.837
mar/25;MRS;Prd. Siderúrgicos - Fio Máquina;Ouro Branco;MG;Caçapava;SP;15.574;8.358.752
mar/25;MRS;Prd. Siderúrgicos - Fio Máquina;Ouro Branco;MG;Itaguai;RJ;436;204.306
mar/25;MRS;Prd. Siderúrgicos - Outros;Barbará;RJ;Cruzeiro;SP;2.733;279.807
mar/25;MRS;Prd. Siderúrgicos - Outros;Brisamar;RJ;Manoel Feio;SP;420;177.844
mar/25;MRS;Prd. Siderúrgicos - Outros;Brisamar;RJ;São Bento;SP;3.429;1.381.701
mar/25;MRS;Prd. Siderúrgicos - Outros;Brisamar;RJ;Volta Redonda;RJ;24.071;2.743.997
mar/25;MRS;Prd. Siderúrgicos - Outros;Dias Tavares;MG;Parque Industrial;MG;4.549;1.583.669
mar/25;MRS;Prd. Siderúrgicos - Outros;Floriano;RJ;Cruzeiro;SP;2.287;182.916
mar/25;MRS;Prd. Siderúrgicos - Outros;Floriano;RJ;Ipiranga;SP;780;247.430
mar/25;MRS;Prd. Siderúrgicos - Outros;Itaguai;RJ;Caçapava;SP;3.135;1.051.196
mar/25;MRS;Prd. Siderúrgicos - Outros;Itaguai;RJ;Parque Industrial;MG;1.638;1.013.830
mar/25;MRS;Prd. Siderúrgicos - Outros;Itaguai;RJ;Pinheirinho;SP;495;210.062
mar/25;MRS;Prd. Siderúrgicos - Outros;Lafaiete Bandeira;MG;Curuputuba;SP;5.514;2.810.617
mar/25;MRS;Prd. Siderúrgicos - Outros;Lafaiete Bandeira;MG;Manoel Feio;SP;13.627;8.797.986
mar/25;MRS;Prd. Siderúrgicos - Outros;Lafaiete Bandeira;MG;Piaçaguera;SP;1.767;1.674.746
mar/25;MRS;Prd. Siderúrgicos - Outros;Lafaiete Bandeira;MG;Utinga;SP;5.600;3.856.853
mar/25;MRS;Prd. Siderúrgicos - Outros;Manoel Feio;SP;Ipiranga;SP;1.717;60.611
mar/25;MRS;Prd. Siderúrgicos - Outros;Manoel Feio;SP;Mogi das Cruzes;SP;403;9.289
mar/25;MRS;Prd. Siderúrgicos - Outros;Manoel Feio;SP;Volta Redonda;RJ;60;18.566
mar/25;MRS;Prd. Siderúrgicos - Outros;Ouro Branco;MG;Arará;RJ;1.827;897.533
mar/25;MRS;Prd. Siderúrgicos - Outros;Ouro Branco;MG;Brisamar;RJ;3.525;1.623.593
mar/25;MRS;Prd. Siderúrgicos - Outros;Ouro Branco;MG;Caçapava;SP;8.788;4.716.625
mar/25;MRS;Prd. Siderúrgicos - Outros;Ouro Branco;MG;Eng. Cesar de Souza;SP;3.838;2.537.942
mar/25;MRS;Prd. Siderúrgicos - Outros;Ouro Branco;MG;Itutinga;MG;15.631;2.185.526
mar/25;MRS;Prd. Siderúrgicos - Outros;Ouro Branco;MG;Parque Industrial;MG;4.497;722.730
mar/25;MRS;Prd. Siderúrgicos - Outros;Parque Industrial;MG;Ouro Branco;MG;136;21.857
mar/25;MRS;Prd. Siderúrgicos - Outros;Piaçaguera;SP;Manoel Feio;SP;16.402;1.012.971
mar/25;MRS;Prd. Siderúrgicos - Outros;Pulverizacao;RJ;Volta Redonda;RJ;127;4.319
mar/25;MRS;Prd. Siderúrgicos - Outros;Saudade;RJ;Eldorado;MG;1.225;522.509
mar/25;MRS;Prd. Siderúrgicos - Outros;Saudade;RJ;Floriano;RJ;2.470;39.338
mar/25;MRS;Prd. Siderúrgicos - Outros;Saudade;RJ;Pinheirinho;SP;6.193;1.800.750
mar/25;MRS;Prd. Siderúrgicos - Outros;Siderúrgica do Atlântico;RJ;Lafaiete Bandeira;MG;8.185;4.005.583
mar/25;MRS;Prd. Siderúrgicos - Outros;Siderúrgica do Atlântico;RJ;Piaçaguera;SP;103.063;51.655.072
mar/25;MRS;Prd. Siderúrgicos - Outros;Volta Redonda;RJ;Arará;RJ;921;133.234
mar/25;MRS;Prd. Siderúrgicos - Outros;Volta Redonda;RJ;Barbará;RJ;7.993;40.980
mar/25;MRS;Prd. Siderúrgicos - Outros;Volta Redonda;RJ;Caçapava;SP;3.111;663.619
mar/25;MRS;Prd. Siderúrgicos - Outros;Volta Redonda;RJ;Cruzeiro;SP;163;17.523
mar/25;MRS;Prd. Siderúrgicos - Outros;Volta Redonda;RJ;Eldorado;MG;684;390.460
mar/25;MRS;Prd. Siderúrgicos - Outros;Volta Redonda;RJ;Floriano;RJ;662;18.222
mar/25;MRS;Prd. Siderúrgicos - Outros;Volta Redonda;RJ;Manoel Feio;SP;42.482;13.145.800
mar/25;MRS;Prd. Siderúrgicos - Outros;Volta Redonda;RJ;Mogi das Cruzes;SP;402;133.662
mar/25;MRS;Prd. Siderúrgicos - Outros;Volta Redonda;RJ;Pulverizacao;RJ;7.765;264.086
mar/25;MRS;Prd. Siderúrgicos - Outros;Volta Redonda;RJ;São Bento;SP;12.550;3.626.322
mar/25;MRS;Prd. Siderúrgicos - Placa;Brisamar;RJ;Manoel Feio;SP;120;50.812
mar/25;MRS;Prd. Siderúrgicos - Placa;Brisamar;RJ;Volta Redonda;RJ;48.789;5.561.750
mar/25;MRS;Prd. Siderúrgicos - Placa;Cel. João Carlos Guedes;MG;Barreiro;MG;21.086;2.706.809
mar/25;MRS;Prd. Siderúrgicos - Placa;Dias Tavares;MG;Parque Industrial;MG;3.465;1.206.291
mar/25;MRS;Prd. Siderúrgicos - Placa;Ouro Branco;MG;Arará;RJ;68;33.405
mar/25;MRS;Prd. Siderúrgicos - Placa;Ouro Branco;MG;Barbará;RJ;3.462;1.182.172
mar/25;MRS;Prd. Siderúrgicos - Placa;Ouro Branco;MG;Brisamar;RJ;2.328;1.072.262
mar/25;MRS;Prd. Siderúrgicos - Placa;Ouro Branco;MG;Caçapava;SP;3.275;1.757.729
mar/25;MRS;Prd. Siderúrgicos - Placa;Ouro Branco;MG;Curuputuba;SP;204;101.375
mar/25;MRS;Prd. Siderúrgicos - Placa;Ouro Branco;MG;Itaguai;RJ;9.564;4.481.633
mar/25;MRS;Prd. Siderúrgicos - Placa;Ouro Branco;MG;Manoel Feio;SP;2.068;1.308.717
mar/25;MRS;Prd. Siderúrgicos - Placa;Ouro Branco;MG;Parque Industrial;MG;9.342;1.501.389
mar/25;MRS;Prd. Siderúrgicos - Placa;Ouro Branco;MG;Pinheirinho;SP;3.764;2.355.397
mar/25;MRS;Prd. Siderúrgicos - Placa;Ouro Branco;MG;São Bento;SP;2.103;1.287.767
mar/25;MRS;Prd. Siderúrgicos - Placa;Siderúrgica do Atlântico;RJ;Eldorado;MG;1.644;1.032.339
mar/25;MRS;Prd. Siderúrgicos - Tubos;Barreiro;MG;Arará;RJ;7.941;4.586.896
mar/25;MRS;Prd. Siderúrgicos - Tubos;Brisamar;RJ;Curuputuba;SP;1.150;330.665
mar/25;MRS;Prd. Siderúrgicos - Tubos;Cel. João Carlos Guedes;MG;Arará;RJ;12.470;5.602.172
mar/25;MRS;Prd. Siderúrgicos - Tubos;Cel. João Carlos Guedes;MG;Barreiro;MG;10.324;1.325.291
mar/25;MRS;Prd. Siderúrgicos - Tubos;Curuputuba;SP;Arará;RJ;3.297;1.049.111
mar/25;MRS;Prd. Siderúrgicos - Vergalhões;Dias Tavares;MG;Arará;RJ;2.002;661.881
mar/25;MRS;Prd. Siderúrgicos - Vergalhões;Dias Tavares;MG;Manoel Feio;SP;75;61.519
mar/25;MRS;Prd. Siderúrgicos - Vergalhões;Itaguai;RJ;Caçapava;SP;534;179.055
mar/25;MRS;Prd. Siderúrgicos - Vergalhões;Volta Redonda;RJ;Eldorado;MG;1.772;1.011.542
mar/25;MRS;Prd. Siderúrgicos - Vergalhões;Volta Redonda;RJ;Manoel Feio;SP;9.129;2.824.914
mar/25;MRS;Soja;Pederneiras;SP;Conceiçãozinha;SP;66.861;35.284.488
mar/25;MRS;Soja;Pederneiras;SP;Santos;SP;129.433;67.443.131
mar/25;MRS;Sucata;Eldorado;MG;Itaguai;RJ;1.394;780.826
mar/25;MRS;Veículos;Parque Industrial;MG;Piaçaguera;SP;1.170;915.698
mar/25;RMC;Açúcar;Iturama;MG;Santos;SP;28.293;25.493.179
mar/25;RMC;Adubo Orgânico a Granel;Cubatão;SP;Rio Verde;GO;3.184;3.806.981
mar/25;RMC;Alumínio;Anápolis;GO;Alumínio;SP;57.062;78.467.668
mar/25;RMC;Cloreto de Potássio;Conceiçãozinha;SP;Rio Verde;GO;12.362;14.964.923
mar/25;RMC;Contêiner Vazio de 40 Pés;Anápolis;GO;Tutóia;SP;433;462.631
mar/25;RMN;Álcool;Chapadao do Sul;MS;Replan;SP;48.733;45.852.534
mar/25;RMN;Álcool;Rondonópolis;MT;Replan;SP;149.358;208.132.150
mar/25;RMN;Álcool;T. Olacyr F. Morais;MS;Replan;SP;4.879;5.134.986
mar/25;RMN;Celulose;Aparecida do Taboado;MS;Barnabé;SP;229.558;212.650.884
mar/25;RMN;Celulose;Aparecida do Taboado;MS;Santos;SP;64;59.352
mar/25;RMN;Celulose;Chapadao do Sul;MS;Barnabé;SP;116.452;138.587.079
mar/25;RMN;Celulose;Chapadao do Sul;MS;Santos;SP;93.656;111.598.522
mar/25;RMN;Contêiner cheio 53 pés;Rondonópolis;MT;Boa Vista Nova;SP;206;283.050
mar/25;RMN;Contêiner Cheio de 20 Pés;Rondonópolis;MT;Cubatão;SP;7.682;12.506.933
mar/25;RMN;Contêiner Cheio de 40 Pés;Rondonópolis;MT;Boa Vista Nova;SP;53.280;73.207.744
mar/25;RMN;Contêiner Cheio de 40 Pés;Rondonópolis;MT;Cubatão;SP;58.810;95.747.560
mar/25;RMN;Contêiner Vazio de 40 Pés;Rondonópolis;MT;Boa Vista Nova;SP;235;321.988
mar/25;RMN;Farelo de Soja;Alto Araguaia;MT;Santos;SP;84.511;118.383.853
mar/25;RMN;Farelo de Soja;Rondonópolis;MT;Santos;SP;471.183;774.065.749
mar/25;RMN;Grãos - Milho;Alto Araguaia;MT;Santos;SP;1.251;1.752.413
mar/25;RMN;Óleo Diesel;Rondonópolis;MT;Replan;SP;10.349;14.421.455
mar/25;RMN;Soja;Alto Araguaia;MT;Conceiçãozinha;SP;38.981;55.023.483
mar/25;RMN;Soja;Chapadao do Sul;MS;Conceiçãozinha;SP;13.431;16.093.585
mar/25;RMN;Soja;Chapadao do Sul;MS;Santos;SP;264.666;315.370.437
mar/25;RMN;Soja;Itiquira;MT;Conceiçãozinha;SP;36.575;55.677.572
mar/25;RMN;Soja;Rondonópolis;MT;Conceiçãozinha;SP;426.547;702.995.734
mar/25;RMN;Soja;Rondonópolis;MT;Santos;SP;702.310;1.154.099.284
mar/25;RMO;Minério de Ferro;Antônio Maria Coelho;MS;Porto Esperança;MS;258.501;12.013.833
mar/25;RMP;Açúcar;Fernandopolis;SP;Santos;SP;7.492;6.039.735
mar/25;RMP;Açúcar;Rio Preto Paulista;SP;Santos;SP;19.609;13.156.102
mar/25;RMP;Açúcar;Votuporanga;SP;Santos;SP;7.428;5.715.191
mar/25;RMP;Adubo Orgânico a Granel;Cubatão;SP;Rondonópolis;MT;22.398;36.475.760
mar/25;RMP;Adubo Orgânico a Granel;Estação TUF;SP;Rondonópolis;MT;2.617;4.280.681
mar/25;RMP;Cloreto de Potássio;Conceiçãozinha;SP;Rondonópolis;MT;74.193;122.375.578
mar/25;RMP;Cloreto de Potássio;Cubatão;SP;Rondonópolis;MT;432;703.367
mar/25;RMP;Cloreto de Potássio;Estação TUF;SP;Rondonópolis;MT;10.661;17.438.421
mar/25;RMP;Cloreto de Potássio;Santos;SP;Rondonópolis;MT;912;1.499.508
mar/25;RMP;Contêiner Cheio de 40 Pés;Boa Vista Nova;SP;Anápolis;GO;945;1.202.398
mar/25;RMP;Contêiner Cheio de 40 Pés;Boa Vista Nova;SP;Rondonópolis;MT;255;349.414
mar/25;RMP;Contêiner Cheio de 40 Pés;Boa Vista Velha;SP;Rondonópolis;MT;20.226;27.686.622
mar/25;RMP;Contêiner Cheio de 40 Pés;Cubatão;SP;Boa Vista Nova;SP;102;26.390
mar/25;RMP;Contêiner Cheio de 40 Pés;Cubatão;SP;Rondonópolis;MT;298;485.168
mar/25;RMP;Contêiner vazio 53 pés;Boa Vista Nova;SP;Rondonópolis;MT;27;37.098
mar/25;RMP;Contêiner Vazio de 20 Pés;Cubatão;SP;Rondonópolis;MT;694;1.132.205
mar/25;RMP;Contêiner Vazio de 40 Pés;Boa Vista Velha;SP;Rondonópolis;MT;4.419;6.049.005
mar/25;RMP;Contêiner Vazio de 40 Pés;Cubatão;SP;Rondonópolis;MT;7.328;11.955.045
mar/25;RMP;Contêiner Vazio de 40 Pés;Tutóia;SP;Rondonópolis;MT;433;504.194
mar/25;RMP;Farelo de Soja;Rio Verde;GO;Santos;SP;146.145;175.870.161
mar/25;RMP;Farelo de Soja;São Simão;GO;Santos;SP;16.989;16.806.640
mar/25;RMP;Gasolina;Replan;SP;Rondonópolis;MT;10.632;14.815.817
mar/25;RMP;Gasolina;Replan;SP;T. Olacyr F. Morais;MS;1.879;1.977.585
mar/25;RMP;Óleo Diesel;Replan;SP;Rio Preto Paulista;SP;2.426;1.018.666
mar/25;RMP;Óleo Diesel;Replan;SP;Rondonópolis;MT;85.042;118.507.041
mar/25;RMP;Óleo Diesel;Replan;SP;T. Olacyr F. Morais;MS;5.724;6.024.320
mar/25;RMP;Soja;Porto Nacional;TO;Santos;SP;30.055;69.025.785
mar/25;RMP;Soja;Rio Verde;GO;Conceiçãozinha;SP;297.232;359.667.937
mar/25;RMP;Soja;Rio Verde;GO;Santos;SP;304.491;366.422.914
mar/25;RMP;Soja;São Simão;GO;Conceiçãozinha;SP;29.406;29.286.281
mar/25;RMP;Soja;São Simão;GO;Santos;SP;47.459;46.949.569
mar/25;RMP;Ureia;Cubatão;SP;Rondonópolis;MT;686;1.116.925
mar/25;RMS;Açúcar;km 5;PR;Rolandia;PR;364;222.470
mar/25;RMS;Açúcar;Londrina;PR;D Pedro II;PR;22.327;14.088.515
mar/25;RMS;Açúcar;Marialva;PR;D Pedro II;PR;92.011;57.063.929
mar/25;RMS;Açúcar;Maringa;PR;D Pedro II;PR;80.314;52.345.234
mar/25;RMS;Açúcar;Rolandia;PR;D Pedro II;PR;51.603;31.834.797
mar/25;RMS;Adubo Orgânico a Granel;km 5;PR;Cascavel;PR;3.264;2.384.269
mar/25;RMS;Adubo Orgânico a Granel;km 5;PR;Maringa;PR;524;339.254
mar/25;RMS;Álcool;Londrina;PR;Araucária Terminal;PR;9.973;5.046.532
mar/25;RMS;Álcool;Sarandi;PR;Araucária Terminal;PR;3.533;1.805.119
mar/25;RMS;Celulose;Ortigueira;PR;km 5;PR;41.792;19.103.081
mar/25;RMS;Cimento acondicionado;Apiai;SP;Londrina;PR;17.608;10.173.779
mar/25;RMS;Cimento acondicionado;Apiai;SP;Uvaranas;PR;20.544;3.996.259
mar/25;RMS;Cimento acondicionado;Rio Branco do Sul;PR;Cascavel;PR;8.608;5.900.801
mar/25;RMS;Cimento acondicionado;Rio Branco do Sul;PR;Londrina;PR;10.232;5.952.066
mar/25;RMS;Cimento acondicionado;Rio Branco do Sul;PR;Maringa;PR;19.420;11.699.773
mar/25;RMS;Cloreto de Potássio;km 5;PR;Cará-Cará;PR;524;123.429
mar/25;RMS;Contêiner Cheio de 40 Pés;Cambe;PR;D Pedro II;PR;46.172;28.805.232
mar/25;RMS;Contêiner Cheio de 40 Pés;Cascavel;PR;D Pedro II;PR;47.135;34.634.750
mar/25;RMS;Contêiner Cheio de 40 Pés;Ortigueira;PR;D Pedro II;PR;47.342;21.844.687
mar/25;RMS;Contêiner Vazio de 40 Pés;D Pedro II;PR;Cambe;PR;6.093;3.801.227
mar/25;RMS;Contêiner Vazio de 40 Pés;D Pedro II;PR;Cascavel;PR;6.694;4.918.744
mar/25;RMS;Contêiner Vazio de 40 Pés;D Pedro II;PR;Ortigueira;PR;7.080;3.266.874
mar/25;RMS;Farelo de Soja;Cruz Alta;RS;Rio Grande;RS;35.914;26.502.448
mar/25;RMS;Farelo de Soja;D Pedro II;PR;Maringa;PR;237;154.466
mar/25;RMS;Farelo de Soja;Desvio Ribas;PR;D Pedro II;PR;83.698;19.262.590
mar/25;RMS;Farelo de Soja;Ijuí;RS;Rio Grande;RS;24.492;19.383.899
mar/25;RMS;Farelo de Soja;Londrina;PR;D Pedro II;PR;19.979;12.606.906
mar/25;RMS;Farelo de Soja;Maringa;PR;D Pedro II;PR;16.762;10.924.750
mar/25;RMS;Fosfato;km 5;PR;Cará-Cará;PR;1.410;332.129
mar/25;RMS;Gasolina;Araucária Terminal;PR;Eng. Vicente Montanha;PR;7.149;3.672.225
mar/25;RMS;Gasolina;Araucária Terminal;PR;Lages;SC;2.314;921.724
mar/25;RMS;Gasolina;Araucária Terminal;PR;Londrina;PR;7.462;3.775.920
mar/25;RMS;Gasolina;Araucária Terminal;PR;Sarandi;PR;3.121;1.594.615
mar/25;RMS;Grãos - Milho;Cacequi;RS;Rio Grande;RS;13.496;6.507.608
mar/25;RMS;Grãos - Milho;Cruz Alta;RS;Rio Grande;RS;19.152;14.133.062
mar/25;RMS;Grãos - Milho;Ijuí;RS;Rio Grande;RS;791;626.027
mar/25;RMS;Grãos - Trigo;Cruz Alta;RS;Rio Grande;RS;9.769;7.208.955
mar/25;RMS;Grãos - Trigo;Ijuí;RS;Rio Grande;RS;768;607.824
mar/25;RMS;Grãos - Trigo;km 5;PR;Rolandia;PR;10.336;6.317.197
mar/25;RMS;Óleo Diesel;Araucária Terminal;PR;Eng. Vicente Montanha;PR;37.407;19.214.851
mar/25;RMS;Óleo Diesel;Araucária Terminal;PR;Lages;SC;1.994;794.259
mar/25;RMS;Óleo Diesel;Araucária Terminal;PR;Londrina;PR;12.161;6.153.707
mar/25;RMS;Óleo Diesel;Araucária Terminal;PR;Sarandi;PR;1.269;648.371
mar/25;RMS;Óleo Diesel;D Pedro II;PR;Araucária Terminal;PR;46.844;5.854.935
mar/25;RMS;Óleo Diesel;D Pedro II;PR;Londrina;PR;4.643;2.929.770
mar/25;RMS;Óleo Diesel;D Pedro II;PR;Sarandi;PR;806;509.068
mar/25;RMS;Prd. Siderúrgicos - Bobina - BF;São Francisco do Sul;SC;Araucária Carga;PR;758;237.177
mar/25;RMS;Soja;Cascavel;PR;D Pedro II;PR;25.078;18.427.284
mar/25;RMS;Soja;Cruz Alta;RS;Rio Grande;RS;43.884;32.383.843
mar/25;RMS;Soja;D Pedro II;PR;Maringa;PR;113;73.648
mar/25;RMS;Soja;J.De Castilhos;RS;Rio Grande;RS;25.661;16.901.231
mar/25;RMS;Soja;Londrina;PR;D Pedro II;PR;47.875;30.209.505
mar/25;RMS;Soja;Londrina;PR;São Francisco do Sul;SC;44.363;32.725.605
mar/25;RMS;Soja;Marialva;PR;D Pedro II;PR;66.134;41.015.376
mar/25;RMS;Soja;Marialva;PR;São Francisco do Sul;SC;23.046;16.751.122
mar/25;RMS;Soja;Maringa;PR;D Pedro II;PR;115.426;75.229.807
mar/25;RMS;Soja;Maringa;PR;São Francisco do Sul;SC;168.299;127.642.546
mar/25;RMS;Soja;Rolandia;PR;D Pedro II;PR;41.062;25.273.988
mar/25;RMS;Soja;Rolandia;PR;São Francisco do Sul;SC;26.094;18.826.651
mar/25;RMS;Ureia;km 5;PR;Maringa;PR;654;423.421
abr/25;EFC;Carvão Mineral;Ponta da Madeira;MA;Paraupebas;PA;22.913;19.728.093
abr/25;EFC;Cobre;Paraupebas;PA;Ponta da Madeira Cobre;MA;79.743;69.535.896
abr/25;EFC;Ferro Gusa;Açailândia;MA;Ponta da Madeira Pêra do Píer;MA;16.491;8.669.318
abr/25;EFC;Ferro Gusa;Marabá;PA;Ponta da Madeira Pêra do Píer;MA;32.227;24.193.917
abr/25;EFC;Gasolina;Itaqui Base Combustível;MA;Açailândia;MA;7.230;3.781.290
abr/25;EFC;Gasolina;Itaqui Base Combustível;MA;Marabá;PA;9.932;7.444.507
abr/25;EFC;Minério de Ferro;Açailândia;MA;Ponta da Madeira;MA;56.218;28.839.834
abr/25;EFC;Minério de Ferro;Carajás;PA;Açailândia;MA;88.961;33.627.258
abr/25;EFC;Minério de Ferro;Carajás;PA;Marabá;PA;9.909;1.516.077
abr/25;EFC;Minério de Ferro;Carajás;PA;Ponta da Madeira;MA;4.990.120;4.469.397.753
abr/25;EFC;Minério de Ferro;Marabá;PA;Ponta da Madeira;MA;34.150;25.202.700
abr/25;EFC;Minério de Ferro;Serra Leste;PA;Açailândia;MA;32.432;10.324.467
abr/25;EFC;Minério de Ferro;Serra Leste;PA;Marabá;PA;15.466;1.443.627
abr/25;EFC;Minério de Ferro;Serra Leste;PA;Ponta da Madeira;MA;712.218;592.096.735
abr/25;EFC;Minério de Ferro;Serra Sul;PA;Ponta da Madeira;MA;6.735.536;6.374.416.972
abr/25;EFC;Óleo Diesel;Itaqui Base Combustível;MA;Açailândia;MA;25.407;13.287.861
abr/25;EFC;Óleo Diesel;Itaqui Base Combustível;MA;Marabá;PA;40.059;30.010.531
abr/25;EFPO;Cimento acondicionado;Agrária;PR;Cascavel;PR;5.844;1.406.054
abr/25;EFPO;Soja;Cascavel;PR;Agrária;PR;20.685;4.976.769
abr/25;EFVM;Antracito;Tubarão;ES;Intendente Câmara;MG;72.823;31.540.442
abr/25;EFVM;Carvão Mineral;Tubarão;ES;Bela Vista de Minas;MG;2.767;1.449.614
abr/25;EFVM;Carvão Mineral;Tubarão;ES;Intendente Câmara;MG;57.077;24.720.675
abr/25;EFVM;Carvão Mineral;Tubarão;ES;Ouro Branco;MG;104.137;69.863.014
abr/25;EFVM;Celulose;Aracruz;ES;Frederico Selow;MG;100;37.057
abr/25;EFVM;Celulose;Frederico Selow;MG;Aracruz;ES;98.700;36.575.555
abr/25;EFVM;Cloreto de Potássio;Tubarão;ES;Brejo Alegre;MG;31.420;44.333.855
abr/25;EFVM;Contêiner Cheio de 20 Pés;Tubarão;ES;Nova Granja;MG;7.625;5.192.335
abr/25;EFVM;Coque;Tubarão;ES;Prudente de Morais;MG;21.224;15.292.358
abr/25;EFVM;Coque Metalúrgico;Tubarão;ES;Bela Vista de Minas;MG;24.684;12.931.799
abr/25;EFVM;Ferro Gusa;Aroaba;ES;Pedro Nolasco;ES;29.585;712.199
abr/25;EFVM;Ferro Gusa;Funil;MG;Pedro Nolasco;ES;375;240.383
abr/25;EFVM;Ferro Gusa;Funil;MG;Tubarão;ES;5.446;3.477.972
abr/25;EFVM;Minério de Ferro;Barão de Cocais;MG;Intendente Câmara;MG;54.774;9.210.631
abr/25;EFVM;Minério de Ferro;Barão de Cocais;MG;Tubarão;ES;139.334;83.777.074
abr/25;EFVM;Minério de Ferro;Brucutu;MG;Tubarão;ES;2.096.952;1.225.375.625
abr/25;EFVM;Minério de Ferro;Capitão Eduardo;MG;Intendente Câmara;MG;12.666;2.747.230
abr/25;EFVM;Minério de Ferro;Conceição;MG;Tubarão;ES;1.540.123;837.042.103
abr/25;EFVM;Minério de Ferro;Fazendão;MG;Tubarão;ES;766.170;455.986.724
abr/25;EFVM;Minério de Ferro;João Correia;MG;Tubarão;ES;100.145;42.555.113
abr/25;EFVM;Minério de Ferro;João Paulo;MG;Tubarão;ES;542.005;293.806.966
abr/25;EFVM;Minério de Ferro;Mário Carvalho;MG;Intendente Câmara;MG;6.463;89.344
abr/25;EFVM;Minério de Ferro;Mário Carvalho;MG;Tubarão;ES;202.979;90.718.418
abr/25;EFVM;Minério de Ferro;Ouro Branco;MG;Mário Carvalho;MG;13.485;3.019.843
abr/25;EFVM;Minério de Ferro;Ouro Branco;MG;Piraqueaçu;ES;5.551;3.320.841
abr/25;EFVM;Minério de Ferro;Ouro Branco;MG;Tubarão;ES;62.259;42.236.630
abr/25;EFVM;Minério de Ferro;Pátio 206;MG;Intendente Câmara;MG;12.614;2.067.674
abr/25;EFVM;Minério de Ferro;Pátio 206;MG;Tubarão;ES;280.440;167.678.170
abr/25;EFVM;Minério de Ferro;Piraqueaçu;ES;Tubarão;ES;14.500;1.053.192
abr/25;EFVM;Minério de Ferro;Timbopeba;MG;Piraqueaçu;ES;4.735;2.584.519
abr/25;EFVM;Minério de Ferro;Timbopeba;MG;Tubarão;ES;714.375;437.021.898
abr/25;EFVM;Minério de Ferro;Tubarão;ES;Intendente Câmara;MG;21.547;9.332.242
abr/25;EFVM;Minério de Ferro;Tubarão;ES;Mário Carvalho;MG;28.670;12.813.625
abr/25;EFVM;Minério de Ferro;Tubarão;ES;Pedro Nolasco;ES;1.653;44.986
abr/25;EFVM;Outros - adubos e Fertilizantes;Tubarão;ES;Brejo Alegre;MG;8.147;11.481.863
abr/25;EFVM;Prd. Siderúrgicos - Bobina - BF;Capitão Eduardo;MG;Intendente Câmara;MG;563;122.113
abr/25;EFVM;Prd. Siderúrgicos - Bobina - BF;Intendente Câmara;MG;Capitão Eduardo;MG;33.839;7.365.868
abr/25;EFVM;Prd. Siderúrgicos - Bobina - BF;Intendente Câmara;MG;Carreira Comprida;MG;2.233;498.919
abr/25;EFVM;Prd. Siderúrgicos - Bobina - BF;Intendente Câmara;MG;Couto e Silva;MG;1.622;411.914
abr/25;EFVM;Prd. Siderúrgicos - Bobina - BF;Intendente Câmara;MG;Embiruçu;MG;37.465;9.342.642
abr/25;EFVM;Prd. Siderúrgicos - Bobina - BF;Intendente Câmara;MG;Lafaiete Bandeira;MG;29.611;6.596.594
abr/25;EFVM;Prd. Siderúrgicos - Bobina - BF;Intendente Câmara;MG;Tubarão;ES;10.397;4.503.054
abr/25;EFVM;Prd. Siderúrgicos - Bobina - BF;Mário Carvalho;MG;Capitão Eduardo;MG;1.360;276.180
abr/25;EFVM;Prd. Siderúrgicos - Bobina - BF;Tubarão;ES;Lafaiete Bandeira;MG;19.274;12.641.351
abr/25;EFVM;Prd. Siderúrgicos - Bobina - BF;Tubarão;ES;Parque Industrial;MG;2.915;1.958.820
abr/25;EFVM;Prd. Siderúrgicos - Fio Máquina;João Monlevade;MG;Aracruz;ES;3.778;1.892.853
abr/25;EFVM;Prd. Siderúrgicos - Fio Máquina;João Monlevade;MG;Capitão Eduardo;MG;4.533;559.167
abr/25;EFVM;Prd. Siderúrgicos - Fio Máquina;João Monlevade;MG;Eldorado;MG;17.546;2.532.337
abr/25;EFVM;Prd. Siderúrgicos - Fio Máquina;João Monlevade;MG;Governador Valadares;MG;6.449;1.316.498
abr/25;EFVM;Prd. Siderúrgicos - Fio Máquina;João Monlevade;MG;Nova Granja;MG;433;68.199
abr/25;EFVM;Prd. Siderúrgicos - Fio Máquina;João Monlevade;MG;Pedro Nolasco;ES;2.799;1.480.801
abr/25;EFVM;Prd. Siderúrgicos - Fio Máquina;João Monlevade;MG;Tubarão;ES;1.142;601.437
abr/25;EFVM;Prd. Siderúrgicos - Fio Máquina;Ouro Branco;MG;Tubarão;ES;678;454.853
abr/25;EFVM;Prd. Siderúrgicos - Outros;Capitão Eduardo;MG;Intendente Câmara;MG;82;17.785
abr/25;EFVM;Prd. Siderúrgicos - Outros;Intendente Câmara;MG;Capitão Eduardo;MG;5.342;1.159.937
abr/25;EFVM;Prd. Siderúrgicos - Outros;Intendente Câmara;MG;Carreira Comprida;MG;1.125;251.358
abr/25;EFVM;Prd. Siderúrgicos - Outros;Intendente Câmara;MG;Lafaiete Bandeira;MG;9.337;2.099.542
abr/25;EFVM;Prd. Siderúrgicos - Outros;Intendente Câmara;MG;Tubarão;ES;11.057;4.788.907
abr/25;EFVM;Prd. Siderúrgicos - Outros;Ouro Branco;MG;Pedro Nolasco;ES;1.007;677.981
abr/25;EFVM;Prd. Siderúrgicos - Outros;Ouro Branco;MG;Tubarão;ES;12.083;8.197.131
abr/25;EFVM;Prd. Siderúrgicos - Placa;Intendente Câmara;MG;Lafaiete Bandeira;MG;1.756;391.175
abr/25;EFVM;Prd. Siderúrgicos - Placa;Lafaiete Bandeira;MG;Intendente Câmara;MG;2.849;634.657
abr/25;EFVM;Prd. Siderúrgicos - Placa;Ouro Branco;MG;Mário Carvalho;MG;4.034;903.377
abr/25;EFVM;Prd. Siderúrgicos - Placa;Ouro Branco;MG;Tubarão;ES;22.945;15.565.933
abr/25;EFVM;Prd. Siderúrgicos - Placa;Tubarão;ES;Divinopolis;MG;208;169.233
abr/25;EFVM;Prd. Siderúrgicos - Placa;Tubarão;ES;Intendente Câmara;MG;7.659;3.317.197
abr/25;EFVM;Prd. Siderúrgicos - Tarugo;Ouro Branco;MG;Tubarão;ES;13.460;9.029.990
abr/25;EFVM;Toras de Madeira;Desembargador Drumond;MG;Frederico Selow;MG;19.313;2.098.048
abr/25;EFVM;Toras de Madeira;Eng. Costa Lacerda;MG;Frederico Selow;MG;25.420;4.340.973
abr/25;FCA;Açúcar;Guará;SP;Estação TUF;SP;175.726;112.443.537
abr/25;FCA;Açúcar;Ribeirão Preto;SP;Estação TUF;SP;6.255;3.412.799
abr/25;FCA;Açúcar;Ribeirão Preto;SP;Santos;SP;50.040;27.794.113
abr/25;FCA;Areia;Capitão Eduardo;MG;Carreira Comprida;MG;27.707;180.982
abr/25;FCA;Areia;Pedreira Rio das Velhas;MG;Dr. Lund;MG;22.245;1.057.727
abr/25;FCA;Areia;Roncador Novo;GO;Brasília;DF;3.585;876.772
abr/25;FCA;Bauxita;Bauxita;MG;Alumínio;SP;27.180;7.604.828
abr/25;FCA;Calcário Britado;Terminal Siderúrgico;MG;Calcario;RJ;72.227;34.777.877
abr/25;FCA;Calcário Corretivo;Matozinhos;MG;Tubarão;ES;13.260;9.374.581
abr/25;FCA;Calcário Siderúrgico;Matozinhos;MG;Intendente Câmara;MG;33.552;9.441.432
abr/25;FCA;Calcário Siderúrgico;Matozinhos;MG;Tubarão;ES;11.042;7.806.495
abr/25;FCA;Calcário Siderúrgico;Nova Granja;MG;Tubarão;ES;13.547;9.224.992
abr/25;FCA;Celulose;LD Celulose;MG;Aracruz;ES;45.696;61.558.269
abr/25;FCA;Clínquer;Terminal Siderúrgico;MG;Calcario;RJ;23.113;11.129.094
abr/25;FCA;Cloreto de Potássio;Fosfago;GO;Final Ramal das Fábricas;SP;32.505;33.221.150
abr/25;FCA;Contêiner Cheio de 20 Pés;Batista Almeida;MG;Calcario;RJ;2.595;1.238.612
abr/25;FCA;Contêiner Cheio de 20 Pés;Batista Almeida;MG;Tubarão;ES;6.057;5.918.581
abr/25;FCA;Cromita;Campo Formoso;BA;Irapui;BA;5.669;2.184.764
abr/25;FCA;Cromita;Itiuba;BA;Irapui;BA;15.217;4.595.214
abr/25;FCA;Demais Produtos;Nova Granja;MG;Tubarão;ES;11.843;8.064.632
abr/25;FCA;Dolomita;Terminal Siderúrgico;MG;Calcario;RJ;27.797;13.384.477
abr/25;FCA;Enxofre;Conceiçãozinha;SP;Fosfago;GO;6.175;6.512.346
abr/25;FCA;Enxofre;Estação TUF;SP;Valefertil;MG;45.021;31.279.574
abr/25;FCA;Farelo de Soja;Brejo Alegre;MG;Estação TUF;SP;30.523;28.963.426
abr/25;FCA;Farelo de Soja;Ipameri;GO;Santos;SP;25.672;26.536.170
abr/25;FCA;Ferro Gusa;Calsete;MG;Pedro Nolasco;ES;4.951;3.610.764
abr/25;FCA;Ferro Gusa;Calsete;MG;Tubarão;ES;4.014;2.917.803
abr/25;FCA;Ferro Gusa;Paulo Menicucci;MG;Tubarão;ES;2.000;1.649.600
abr/25;FCA;Fosfato;Catalão;GO;Valefertil;MG;43.223;14.506.612
abr/25;FCA;Fosfato;Estação TUF;SP;Valefertil;MG;5.712;3.948.682
abr/25;FCA;Gasolina;Embiruçu;MG;Governador Valadares;MG;1.533;551.821
abr/25;FCA;Magnesita;Catiboaba;BA;Parque Industrial;MG;12.619;12.932.925
abr/25;FCA;Magnesita;Catiboaba;BA;Porto de Aratu;BA;11.865;7.193.059
abr/25;FCA;Minério de Ferro;Nova Granja;MG;Tubarão;ES;27.778;19.124.819
abr/25;FCA;Minério de Ferro;Terminal de Patrocínio;MG;Terminal de Fosfatados;MG;345.757;66.956.188
abr/25;FCA;Óleo Diesel;Embiruçu;MG;Governador Valadares;MG;573;206.258
abr/25;FCA;Outros - adubos e Fertiliz - Perigoso;Estação TUF;SP;Valefertil;MG;5.788;4.016.373
abr/25;FCA;Prd. Siderúrgicos - Placa;Parque Industrial;MG;Intendente Câmara;MG;2.836;677.432
abr/25;FCA;Soja;Brejo Alegre;MG;Estação TUF;SP;11.977;11.361.979
abr/25;FCA;Soja;Brejo Alegre;MG;Tubarão;ES;207.847;292.343.708
abr/25;FCA;Soja;Pirapora;MG;Tubarão;ES;30.036;31.896.540
abr/25;FCA;Soja;Terminal Integrador Uberaba;MG;Conceiçãozinha;SP;54.308;44.956.537
abr/25;FCA;Soja;Terminal Integrador Uberaba;MG;Estação TUF;SP;678.443;555.308.702
abr/25;FCA;Soja;Terminal Integrador Uberaba;MG;Santos;SP;36.979;30.046.164
abr/25;FCA;Toras de Madeira;Calsete;MG;Aracruz;ES;63.977;45.346.769
abr/25;FCA;Ureia;Estação TUF;SP;Valefertil;MG;5.474;3.804.424
abr/25;FNSTN;Álcool;Porto Nacional;TO;Itaqui Base Combustível;MA;6.807;8.490.382
abr/25;FNSTN;Celulose;Suzano;MA;Pátio Esso;MA;125.840;77.463.832
abr/25;FNSTN;Cloreto de Potássio;Ponta da Madeira;MA;Palmeirante;TO;12.697;12.239.908
abr/25;FNSTN;Fosfato;Ponta da Madeira Pêra do Píer;MA;Palmeirante;TO;16.132;15.756.124
abr/25;FNSTN;Gasolina;Itaqui Base Combustível;MA;Porto Nacional;TO;8.627;10.747.984
abr/25;FNSTN;Grãos - Milho;Palmeirante;TO;Ponta da Madeira Pêra do Píer;MA;236;231.768
abr/25;FNSTN;Óleo Diesel;Itaqui Base Combustível;MA;Porto Nacional;TO;34.697;43.217.937
abr/25;FNSTN;Óleo Diesel;Porto Nacional;TO;Itaqui Base Combustível;MA;444;553.001
abr/25;FNSTN;Outros - Comb e derivado -  Perigoso;Porto Nacional;TO;Itaqui Base Combustível;MA;4.785;5.960.694
abr/25;FNSTN;Soja;Alvorada;TO;Porto Nacional;TO;17.934;5.775.967
abr/25;FNSTN;Soja;Palmeirante;TO;Ponta da Madeira;MA;2.219;2.151.035
abr/25;FNSTN;Soja;Palmeirante;TO;Ponta da Madeira Pêra do Píer;MA;418.732;410.565.231
abr/25;FNSTN;Soja;Porto Franco;MA;Ponta da Madeira Pêra do Píer;MA;288.911;210.793.491
abr/25;FNSTN;Soja;Porto Nacional;TO;Ponta da Madeira Pêra do Píer;MA;478.021;598.625.628
abr/25;FTC;Carvão Mineral;Mina Novo Horizonte;SC;Capivari;SC;24.454;1.351.352
abr/25;FTC;Carvão Mineral;Rio Fiorita;SC;Capivari;SC;115.576;9.115.941
abr/25;FTC;Carvão Mineral;Sangão;SC;Capivari;SC;3.310;231.868
abr/25;FTC;Carvão Mineral;Urussanga;SC;Capivari;SC;38.187;2.465.205
abr/25;FTC;Contêiner Cheio de 20 Pés;Eng. Paz Ferreira;SC;Imbituba;SC;41.854;4.461.720
abr/25;FTC;Contêiner Cheio de 20 Pés;Imbituba;SC;Eng. Paz Ferreira;SC;234;24.944
abr/25;FTC;Contêiner Cheio de 40 Pés;Eng. Paz Ferreira;SC;Imbituba;SC;5.950;634.281
abr/25;FTC;Contêiner Cheio de 40 Pés;Imbituba;SC;Eng. Paz Ferreira;SC;3.126;333.237
abr/25;FTC;Contêiner Vazio de 20 Pés;Imbituba;SC;Eng. Paz Ferreira;SC;3.198;340.913
abr/25;FTC;Contêiner Vazio de 40 Pés;Eng. Paz Ferreira;SC;Imbituba;SC;58;6.182
abr/25;FTC;Contêiner Vazio de 40 Pés;Imbituba;SC;Eng. Paz Ferreira;SC;410;43.706
abr/25;FTL;Álcool;Itaqui;MA;Itarare;PI;133;61.598
abr/25;FTL;Areia;Aracapé;CE;Crateus;CE;40;17.526
abr/25;FTL;Areia;Aracapé;CE;São Luis - Tirirical;MA;40;47.345
abr/25;FTL;Areia;Aracapé;CE;Sobral;CE;20;4.611
abr/25;FTL;Areia;Aracapé;CE;Teresina;PI;80;58.440
abr/25;FTL;Areia;Cristino Cruz Novo;MA;Teresina;PI;50;2.379
abr/25;FTL;Celulose;Pátio Esso;MA;Itaqui;MA;133.600;267.200
abr/25;FTL;Cimento acondicionado;Fábrica Votorantim Pecém;CE;Aracapé;CE;9.280;434.712
abr/25;FTL;Cimento acondicionado;Pecem;CE;São Luis - Tirirical;MA;2.321;2.703.693
abr/25;FTL;Cimento acondicionado;Pecem;CE;Teresina;PI;1.631;1.156.188
abr/25;FTL;Cimento acondicionado;Poty;CE;Teresina;PI;13.083;6.567.718
abr/25;FTL;Clínquer;Poty;CE;Fábrica Votorantim Pecém;CE;5.471;1.095.857
abr/25;FTL;Clínquer;Poty;CE;São Luis - Tirirical;MA;8.788;8.418.939
abr/25;FTL;Coque;Mucuripe;CE;Poty;CE;1.819;462.731
abr/25;FTL;Demais Produtos;Carga Ferro Gusa e Cruz;MA;Caxias Nova;MA;274;87.200
abr/25;FTL;Demais Produtos;Carga Ferro Gusa e Cruz;MA;Codó;MA;2.867;654.914
abr/25;FTL;Demais Produtos;Caxias Nova;MA;Altos;PI;24;2.826
abr/25;FTL;Demais Produtos;Crateus;CE;Aracapé;CE;4;1.752
abr/25;FTL;Demais Produtos;Crateus;CE;Croatá;CE;4;1.476
abr/25;FTL;Demais Produtos;Crateus;CE;Reriutaba;CE;4;591
abr/25;FTL;Demais Produtos;Nova Russas;CE;Crateus;CE;20;1.186
abr/25;FTL;Demais Produtos;Oficina Demostenes Rockert;CE;Aracapé;CE;1;19
abr/25;FTL;Demais Produtos;Pecem;CE;Aracapé;CE;578;33.302
abr/25;FTL;Demais Produtos;São Luis - Tirirical;MA;Oficina Demostenes Rockert;CE;12;14.209
abr/25;FTL;Demais Produtos;Teresina;PI;Aracapé;CE;1;730
abr/25;FTL;Dormente de Concreto;Carga Ferro Gusa e Cruz;MA;Teresina;PI;254;100.543
abr/25;FTL;Dormentes de Madeira;Cana Brava;PI;Água Branca;PI;5;88
abr/25;FTL;Dormentes de Madeira;Carga Ferro Gusa e Cruz;MA;Itapecuru Mirim;MA;2.015;137.737
abr/25;FTL;Dormentes de Madeira;Caxias Nova;MA;Castelo;PI;24;5.744
abr/25;FTL;Dormentes de Madeira;Caxias Nova;MA;Codó;MA;8;695
abr/25;FTL;Dormentes de Madeira;Caxias Nova;MA;Coroatá;MA;16;2.248
abr/25;FTL;Dormentes de Madeira;Caxias Nova;MA;Cristino Cruz Novo;MA;29;903
abr/25;FTL;Dormentes de Madeira;Caxias Nova;MA;Morro Alegre;PI;59;11.815
abr/25;FTL;Dormentes de Madeira;Caxias Nova;MA;São Luis - Tirirical;MA;24;9.054
abr/25;FTL;Dormentes de Madeira;Caxias Nova;MA;Sombra;PI;24;4.199
abr/25;FTL;Dormentes de Madeira;Crateus;CE;Cariré;CE;4;699
abr/25;FTL;Dormentes de Madeira;Crateus;CE;Itapipoca;CE;4;1.213
abr/25;FTL;Dormentes de Madeira;Crateus;CE;Miraíma;CE;4;1.028
abr/25;FTL;Dormentes de Madeira;Pecem;CE;Aracapé;CE;170;9.794
abr/25;FTL;Gasolina;Itaqui;MA;Itarare;PI;11.598;5.371.612
abr/25;FTL;Gasolina;Itaqui;MA;Teresina;PI;5.871;2.695.376
abr/25;FTL;Óleo Diesel;Itaqui;MA;Itarare;PI;13.221;6.123.197
abr/25;FTL;Óleo Diesel;Itaqui;MA;Teresina;PI;6.429;2.953.734
abr/25;FTL;Óleo Diesel;Itarare;PI;Itaqui;MA;253;117.176
abr/25;FTL;Óleo Diesel;Teresina;PI;Itaqui;MA;319;146.787
abr/25;FTL;Outros - Indústria Cimenteira e Construção;Fábrica Votorantim Pecém;CE;Aracapé;CE;40;1.873
abr/25;FTL;Pallets de Madeira;São Luis - Tirirical;MA;Pecem;CE;6;6.989
abr/25;FTL;Pallets de Madeira;Teresina;PI;Pecem;CE;5;3.544
abr/25;FTL;Pó de Pedra;Carga Ferro Gusa e Cruz;MA;Altos;PI;89;38.549
abr/25;FTL;Prd. Siderúrgicos - Bobina - BF;Aracapé;CE;Teresina;PI;9.424;6.884.268
abr/25;FTL;Prd. Siderúrgicos - Bobina - BF;Pecem;CE;Teresina;PI;565;469.798
abr/25;MRS;Açúcar;Itirapina;SP;Santos;SP;48.774;19.159.792
abr/25;MRS;Açúcar;Pradopolis;SP;Santos;SP;60.842;32.839.066
abr/25;MRS;Açúcar;Rio Preto Paulista;SP;Santos;SP;16.875;11.316.071
abr/25;MRS;Açúcar;Votuporanga;SP;Santos;SP;23.966;18.482.651
abr/25;MRS;Areia;Cruzeiro;SP;Mooca;SP;19.838;4.646.773
abr/25;MRS;Areia;Cruzeiro;SP;Santo André;SP;3.145;781.466
abr/25;MRS;Areia;Parque Industrial;MG;Água Branca;SP;1.330;1.013.518
abr/25;MRS;Areia;Roseira;SP;Água Branca;SP;12.280;2.266.298
abr/25;MRS;Areia;Roseira;SP;Mooca;SP;9.475;1.688.350
abr/25;MRS;Bauxita;Barão de Angra;RJ;Alumínio;SP;36.821;24.996.782
abr/25;MRS;Calcário Siderúrgico;Itutinga;MG;Volta Redonda;RJ;11.899;2.460.451
abr/25;MRS;Carvão Mineral;Baia Sepetiba;RJ;Volta Redonda;RJ;54.309;6.462.553
abr/25;MRS;Carvão Mineral;Curuputuba;SP;Volta Redonda;RJ;6.829;1.185.097
abr/25;MRS;Carvão Mineral;Porto Sudeste;RJ;Ouro Branco;MG;32.110;15.168.121
abr/25;MRS;Celulose;Pederneiras;SP;Santos;SP;207.736;108.244.166
abr/25;MRS;Celulose;São Silvestre;SP;Barnabé;SP;67.584;6.823.280
abr/25;MRS;Cimento a Granel;Barbacena;MG;Santo André;SP;39.962;26.459.479
abr/25;MRS;Cimento a Granel;Pedra do Sino;MG;São Bento;SP;42.076;27.417.773
abr/25;MRS;Cimento a Granel;Terminal Cimento Barroso;MG;Deodoro;RJ;3.382;1.206.815
abr/25;MRS;Cimento acondicionado;Capuava;SP;Água Branca;SP;350;9.835
abr/25;MRS;Cimento acondicionado;Pedra do Sino;MG;Arará;RJ;8.525;4.522.836
abr/25;MRS;Cimento acondicionado;Volta Redonda;RJ;Água Branca;SP;1.076;374.562
abr/25;MRS;Cimento acondicionado;Volta Redonda;RJ;Arará;RJ;24.290;3.513.864
abr/25;MRS;Cimento acondicionado;Volta Redonda;RJ;Benfica;MG;1.449;313.741
abr/25;MRS;Cimento acondicionado;Volta Redonda;RJ;Capuava;SP;3.444;1.240.105
abr/25;MRS;Cimento acondicionado;Volta Redonda;RJ;Pedrasil;SP;3.584;600.585
abr/25;MRS;Cimento acondicionado;Volta Redonda;RJ;São José dos Campos;SP;4.596;1.084.614
abr/25;MRS;Cimento acondicionado;Wilson Lobato;MG;Água Branca;SP;1.890;1.605.029
abr/25;MRS;Cimento acondicionado;Wilson Lobato;MG;Capuava;SP;560;482.268
abr/25;MRS;Contêiner Cheio de 20 Pés;Arará;RJ;Conceiçãozinha;SP;9;4.773
abr/25;MRS;Contêiner Cheio de 20 Pés;Arará;RJ;Couto e Silva;MG;177;106.876
abr/25;MRS;Contêiner Cheio de 20 Pés;Arará;RJ;Eldorado;MG;3.208;2.061.495
abr/25;MRS;Contêiner Cheio de 20 Pés;Arará;RJ;Floriano;RJ;5.991;1.031.590
abr/25;MRS;Contêiner Cheio de 20 Pés;Arará;RJ;MultiTerminais;RJ;9;1.796
abr/25;MRS;Contêiner Cheio de 20 Pés;Barnabé;SP;Curuputuba;SP;2.741;559.185
abr/25;MRS;Contêiner Cheio de 20 Pés;Barnabé;SP;Jundiaí;SP;118;15.210
abr/25;MRS;Contêiner Cheio de 20 Pés;Conceiçãozinha;SP;Curuputuba;SP;1.086;230.417
abr/25;MRS;Contêiner Cheio de 20 Pés;Conceiçãozinha;SP;Eng. Neiva;SP;2.973;721.258
abr/25;MRS;Contêiner Cheio de 20 Pés;Curuputuba;SP;Arará;RJ;1.099;349.703
abr/25;MRS;Contêiner Cheio de 20 Pés;Curuputuba;SP;Barnabé;SP;1.415;288.671
abr/25;MRS;Contêiner Cheio de 20 Pés;Curuputuba;SP;Brisamar;RJ;2.025;582.258
abr/25;MRS;Contêiner Cheio de 20 Pés;Curuputuba;SP;Conceiçãozinha;SP;2.547;540.399
abr/25;MRS;Contêiner Cheio de 20 Pés;Eldorado;MG;Arará;RJ;5.358;3.122.646
abr/25;MRS;Contêiner Cheio de 20 Pés;Eldorado;MG;Barnabé;SP;442;350.278
abr/25;MRS;Contêiner Cheio de 20 Pés;Eldorado;MG;Brisamar;RJ;218;120.365
abr/25;MRS;Contêiner Cheio de 20 Pés;Eldorado;MG;Conceiçãozinha;SP;1.626;1.305.444
abr/25;MRS;Contêiner Cheio de 20 Pés;Final Ramal das Fábricas;SP;Eldorado;MG;1.371;1.319.630
abr/25;MRS;Contêiner Cheio de 20 Pés;Itutinga;MG;Conceiçãozinha;SP;287;163.385
abr/25;MRS;Contêiner Cheio de 20 Pés;Itutinga;MG;Final Ramal das Fábricas;SP;1.597;918.855
abr/25;MRS;Contêiner Cheio de 20 Pés;Jundiaí;SP;Barnabé;SP;17;2.191
abr/25;MRS;Contêiner Cheio de 20 Pés - Perigoso;Conceiçãozinha;SP;Eng. Neiva;SP;1.571;381.128
abr/25;MRS;Contêiner Cheio de 40 Pés;Arará;RJ;Conceiçãozinha;SP;113;59.931
abr/25;MRS;Contêiner Cheio de 40 Pés;Arará;RJ;Curuputuba;SP;422;134.606
abr/25;MRS;Contêiner Cheio de 40 Pés;Arará;RJ;Edmar Alves;SP;2.332;854.099
abr/25;MRS;Contêiner Cheio de 40 Pés;Arará;RJ;Eldorado;MG;62;39.841
abr/25;MRS;Contêiner Cheio de 40 Pés;Arará;RJ;Floriano;RJ;2.308;397.414
abr/25;MRS;Contêiner Cheio de 40 Pés;Arará;RJ;Itatiaia;RJ;191;38.759
abr/25;MRS;Contêiner Cheio de 40 Pés;Arará;RJ;Manoel Feio;SP;1.476;670.261
abr/25;MRS;Contêiner Cheio de 40 Pés;Arará;RJ;MultiTerminais;RJ;320;63.688
abr/25;MRS;Contêiner Cheio de 40 Pés;Arará;RJ;Prudente de Morais;MG;113;84.413
abr/25;MRS;Contêiner Cheio de 40 Pés;Barnabé;SP;Curuputuba;SP;542;110.572
abr/25;MRS;Contêiner Cheio de 40 Pés;Barnabé;SP;Jundiaí;SP;6.594;849.958
abr/25;MRS;Contêiner Cheio de 40 Pés;Boa Vista Velha;SP;Brisamar;RJ;960;546.192
abr/25;MRS;Contêiner Cheio de 40 Pés;Brisamar;RJ;Boa Vista Velha;SP;49;28.049
abr/25;MRS;Contêiner Cheio de 40 Pés;Brisamar;RJ;Floriano;RJ;4.781;676.621
abr/25;MRS;Contêiner Cheio de 40 Pés;Brisamar;RJ;MultiTerminais;RJ;657;110.521
abr/25;MRS;Contêiner Cheio de 40 Pés;Brisamar;RJ;Prudente de Morais;MG;112;80.246
abr/25;MRS;Contêiner Cheio de 40 Pés;Conceiçãozinha;SP;Cragea;SP;404;21.567
abr/25;MRS;Contêiner Cheio de 40 Pés;Conceiçãozinha;SP;Curuputuba;SP;3.895;826.406
abr/25;MRS;Contêiner Cheio de 40 Pés;Conceiçãozinha;SP;Eng. Neiva;SP;652;158.177
abr/25;MRS;Contêiner Cheio de 40 Pés;Conceiçãozinha;SP;Jundiaí;SP;11.850;1.624.183
abr/25;MRS;Contêiner Cheio de 40 Pés;Cragea;SP;Conceiçãozinha;SP;603;32.191
abr/25;MRS;Contêiner Cheio de 40 Pés;Curuputuba;SP;Barnabé;SP;1.411;287.855
abr/25;MRS;Contêiner Cheio de 40 Pés;Curuputuba;SP;Brisamar;RJ;102;29.328
abr/25;MRS;Contêiner Cheio de 40 Pés;Eldorado;MG;Brisamar;RJ;125;69.016
abr/25;MRS;Contêiner Cheio de 40 Pés;Eldorado;MG;Conceiçãozinha;SP;185;148.119
abr/25;MRS;Contêiner Cheio de 40 Pés;Floriano;RJ;Arará;RJ;497;85.578
abr/25;MRS;Contêiner Cheio de 40 Pés;Floriano;RJ;Brisamar;RJ;309;43.730
abr/25;MRS;Contêiner Cheio de 40 Pés;Floriano;RJ;Final Ramal das Fábricas;SP;123;44.791
abr/25;MRS;Contêiner Cheio de 40 Pés;Jundiaí;SP;Barnabé;SP;5.413;697.654
abr/25;MRS;Contêiner Cheio de 40 Pés;Jundiaí;SP;Brisamar;RJ;1.432;739.974
abr/25;MRS;Contêiner Cheio de 40 Pés;Jundiaí;SP;Conceiçãozinha;SP;22.774;3.121.449
abr/25;MRS;Contêiner Cheio de 40 Pés;Manoel Feio;SP;Arará;RJ;335;152.125
abr/25;MRS;Contêiner Cheio de 40 Pés;Manoel Feio;SP;Barnabé;SP;1.497;105.682
abr/25;MRS;Contêiner Cheio de 40 Pés;Manoel Feio;SP;Conceiçãozinha;SP;583;45.916
abr/25;MRS;Contêiner Cheio de 40 Pés - Perigoso;Conceiçãozinha;SP;Eng. Neiva;SP;743;180.254
abr/25;MRS;Contêiner Vazio de 20 Pés;Arará;RJ;Curuputuba;SP;78;24.819
abr/25;MRS;Contêiner Vazio de 20 Pés;Arará;RJ;Eldorado;MG;180;115.668
abr/25;MRS;Contêiner Vazio de 20 Pés;Arará;RJ;Itutinga;MG;138;85.658
abr/25;MRS;Contêiner Vazio de 20 Pés;Brisamar;RJ;Eldorado;MG;5;3.059
abr/25;MRS;Contêiner Vazio de 20 Pés;Couto e Silva;MG;Arará;RJ;14;8.453
abr/25;MRS;Contêiner Vazio de 20 Pés;Curuputuba;SP;Conceiçãozinha;SP;55;11.669
abr/25;MRS;Contêiner Vazio de 20 Pés;Eldorado;MG;Arará;RJ;309;180.084
abr/25;MRS;Contêiner Vazio de 20 Pés;Eldorado;MG;Final Ramal das Fábricas;SP;12;9.679
abr/25;MRS;Contêiner Vazio de 20 Pés;Eng. Neiva;SP;Conceiçãozinha;SP;375;90.975
abr/25;MRS;Contêiner Vazio de 20 Pés;Final Ramal das Fábricas;SP;Itutinga;MG;152;87.439
abr/25;MRS;Contêiner Vazio de 20 Pés;Floriano;RJ;Arará;RJ;541;93.154
abr/25;MRS;Contêiner Vazio de 40 Pés;Arará;RJ;Eldorado;MG;34;21.848
abr/25;MRS;Contêiner Vazio de 40 Pés;Brisamar;RJ;Boa Vista Velha;SP;119;67.705
abr/25;MRS;Contêiner Vazio de 40 Pés;Conceiçãozinha;SP;Manoel Feio;SP;255;20.083
abr/25;MRS;Contêiner Vazio de 40 Pés;Curuputuba;SP;Conceiçãozinha;SP;367;77.866
abr/25;MRS;Contêiner Vazio de 40 Pés;Edmar Alves;SP;Arará;RJ;357;130.751
abr/25;MRS;Contêiner Vazio de 40 Pés;Eldorado;MG;Arará;RJ;10;5.827
abr/25;MRS;Contêiner Vazio de 40 Pés;Eng. Neiva;SP;Conceiçãozinha;SP;333;80.786
abr/25;MRS;Contêiner Vazio de 40 Pés;Floriano;RJ;Arará;RJ;435;74.904
abr/25;MRS;Contêiner Vazio de 40 Pés;Floriano;RJ;Brisamar;RJ;615;87.036
abr/25;MRS;Contêiner Vazio de 40 Pés;Itatiaia;RJ;Arará;RJ;156;31.657
abr/25;MRS;Contêiner Vazio de 40 Pés;Manoel Feio;SP;Arará;RJ;105;47.681
abr/25;MRS;Contêiner Vazio de 40 Pés;MultiTerminais;RJ;Brisamar;RJ;20;3.364
abr/25;MRS;Contêiner Vazio de 40 Pés;Prudente de Morais;MG;Arará;RJ;17;11.684
abr/25;MRS;Coque;Baia Sepetiba;RJ;Sarzedo Novo;MG;9.424;5.511.362
abr/25;MRS;Coque;Baia Sepetiba;RJ;Volta Redonda;RJ;75.013;8.926.246
abr/25;MRS;Coque;Curuputuba;SP;Ouro Branco;MG;15.059;9.062.852
abr/25;MRS;Coque;Curuputuba;SP;Vespasiano;MG;4.379;3.521.701
abr/25;MRS;Coque;Vespasiano;MG;Ouro Branco;MG;9.133;2.023.434
abr/25;MRS;Escória;Ouro Branco;MG;Wilson Lobato;MG;20.949;5.193.089
abr/25;MRS;Escória;Siderúrgica do Atlântico;RJ;São Bento;SP;3.120;1.307.111
abr/25;MRS;Ferro Gusa;Prudente de Morais;MG;Arará;RJ;38.999;26.823.110
abr/25;MRS;Ferro Gusa;São Bento;SP;Arará;RJ;26.147;11.337.679
abr/25;MRS;Ferro Gusa;Sarzedo Novo;MG;Arará;RJ;103.467;56.995.479
abr/25;MRS;Ferro Gusa;Sarzedo Novo;MG;Itaguai;RJ;16.850;8.897.002
abr/25;MRS;Minério de Ferro;Carlos Newlands;MG;Brisamar;RJ;253.211;128.308.849
abr/25;MRS;Minério de Ferro;Carlos Newlands;MG;Porto Sudeste;RJ;117.081;59.679.345
abr/25;MRS;Minério de Ferro;Casa de Pedra;MG;Baia Sepetiba;RJ;1.341.100;591.573.961
abr/25;MRS;Minério de Ferro;Casa de Pedra;MG;Volta Redonda;RJ;200.342;64.533.163
abr/25;MRS;Minério de Ferro;Curuputuba;SP;Volta Redonda;RJ;30.695;5.326.933
abr/25;MRS;Minério de Ferro;Dr. Joaquim Murtinho;MG;Baia Sepetiba;RJ;303.144;138.239.423
abr/25;MRS;Minério de Ferro;Dr. Joaquim Murtinho;MG;Brisamar;RJ;194.954;87.927.958
abr/25;MRS;Minério de Ferro;Dr. Joaquim Murtinho;MG;Porto Sudeste;RJ;183.396;83.265.267
abr/25;MRS;Minério de Ferro;Guaiba;RJ;Pires;MG;15.600;8.488.287
abr/25;MRS;Minério de Ferro;Itutinga;MG;Volta Redonda;RJ;154.167;31.878.343
abr/25;MRS;Minério de Ferro;Olhos D Água;MG;Baia Sepetiba;RJ;176.817;97.423.868
abr/25;MRS;Minério de Ferro;Olhos D Água;MG;Guaiba;RJ;396.347;227.149.240
abr/25;MRS;Minério de Ferro;Olhos D Água;MG;Siderúrgica do Atlântico;RJ;15.201;8.542.764
abr/25;MRS;Minério de Ferro;Otavio Dapieve;MG;Baia Sepetiba;RJ;978.447;474.133.890
abr/25;MRS;Minério de Ferro;Otavio Dapieve;MG;Guaiba;RJ;1.134.224;574.709.032
abr/25;MRS;Minério de Ferro;Otavio Dapieve;MG;Siderúrgica do Atlântico;RJ;262.231;129.955.914
abr/25;MRS;Minério de Ferro;Otavio Dapieve;MG;Volta Redonda;RJ;51.082;18.674.659
abr/25;MRS;Minério de Ferro;Pires;MG;Baia Sepetiba;RJ;1.118.762;507.262.352
abr/25;MRS;Minério de Ferro;Pires;MG;Guaiba;RJ;133.233;63.356.821
abr/25;MRS;Minério de Ferro;Pires;MG;Siderúrgica do Atlântico;RJ;279.162;129.646.741
abr/25;MRS;Minério de Ferro;Sarzedo;MG;Baia Sepetiba;RJ;82.364;43.521.878
abr/25;MRS;Minério de Ferro;Sarzedo;MG;Brisamar;RJ;85.243;44.616.953
abr/25;MRS;Minério de Ferro;Sarzedo;MG;Guaiba;RJ;42.357;23.318.756
abr/25;MRS;Minério de Ferro;Sarzedo;MG;Porto Sudeste;RJ;237.270;126.070.142
abr/25;MRS;Minério de Ferro;Sarzedo Novo;MG;Baia Sepetiba;RJ;241.773;126.933.725
abr/25;MRS;Minério de Ferro;Sarzedo Novo;MG;Brisamar;RJ;66.423;34.540.757
abr/25;MRS;Minério de Ferro;Sarzedo Novo;MG;Guaiba;RJ;29.591;16.190.183
abr/25;MRS;Minério de Ferro;Sarzedo Novo;MG;Porto Sudeste;RJ;850.050;444.586.347
abr/25;MRS;Minério de Ferro;Viga;MG;Baia Sepetiba;RJ;59.654;26.061.162
abr/25;MRS;Minério de Ferro;Viga;MG;Guaiba;RJ;148.642;68.225.488
abr/25;MRS;Minério de Ferro Especial - MRS distancia menor 100 km;Cel. João Carlos Guedes;MG;Dias Tavares;MG;24.139;12.704.379
abr/25;MRS;Minério de Ferro Especial - MRS distancia menor 100 km;Itaguai;RJ;Pires;MG;16.503;7.532.200
abr/25;MRS;Minério de Ferro Especial - MRS distancia menor 100 km;Otavio Dapieve;MG;Ouro Branco;MG;41.363;3.975.024
abr/25;MRS;Óleo Diesel;Embiruçu;MG;Cel. João Carlos Guedes;MG;4.140;600.486
abr/25;MRS;Outras - Carga Geral Não Conteinerizada;Arará;RJ;Prudente de Morais;MG;4.002;2.990.122
abr/25;MRS;Outros Graneis Minerais;Arará;RJ;Dias Tavares;MG;2.000;586.950
abr/25;MRS;Outros Graneis Minerais;Arará;RJ;Prudente de Morais;MG;2.088;1.560.063
abr/25;MRS;Outros Graneis Minerais;Arará;RJ;Terminal Paraibuna de Metais;MG;6.981;2.054.410
abr/25;MRS;Outros Graneis Minerais;Dias Tavares;MG;Prudente de Morais;MG;1.392;631.525
abr/25;MRS;Prd. Siderúrgicos - Bobina - BF;Lafaiete Bandeira;MG;Boa Vista Velha;SP;11.217;8.874.216
abr/25;MRS;Prd. Siderúrgicos - Bobina - BF;Lafaiete Bandeira;MG;Usiminas;SP;6.749;3.633.654
abr/25;MRS;Prd. Siderúrgicos - Bobina - BF;Manoel Feio;SP;Boa Vista Velha;SP;1.192;173.472
abr/25;MRS;Prd. Siderúrgicos - Bobina - BF;Ouro Branco;MG;Ipiranga;SP;967;646.094
abr/25;MRS;Prd. Siderúrgicos - Bobina - BF;Ouro Branco;MG;Parque Industrial;MG;7.184;1.154.569
abr/25;MRS;Prd. Siderúrgicos - Bobina - BF;Ouro Branco;MG;Pulverizacao;RJ;583;223.347
abr/25;MRS;Prd. Siderúrgicos - Bobina - BF;Ouro Branco;MG;São Bento;SP;9.807;6.005.295
abr/25;MRS;Prd. Siderúrgicos - Bobina - BF;Parque Industrial;MG;Boa Vista Velha;SP;2.298;1.996.716
abr/25;MRS;Prd. Siderúrgicos - Bobina - BF;Piaçaguera;SP;Barbará;RJ;683;248.327
abr/25;MRS;Prd. Siderúrgicos - Bobina - BF;Piaçaguera;SP;Ipiranga;SP;3.462;182.283
abr/25;MRS;Prd. Siderúrgicos - Bobina - BF;Piaçaguera;SP;Pinheirinho;SP;6.031;400.084
abr/25;MRS;Prd. Siderúrgicos - Bobina - BF;Piaçaguera;SP;São Caetano do Sul;SP;1.014;49.141
abr/25;MRS;Prd. Siderúrgicos - Bobina - BF;Piaçaguera;SP;Utinga;SP;11.414;512.020
abr/25;MRS;Prd. Siderúrgicos - Bobina - BF;Pulverizacao;RJ;Ouro Branco;MG;224;88.114
abr/25;MRS;Prd. Siderúrgicos - Bobina - BF;Volta Redonda;RJ;Boa Vista Velha;SP;2.276;1.041.691
abr/25;MRS;Prd. Siderúrgicos - Bobina - BF;Volta Redonda;RJ;Ipiranga;SP;1.175;405.074
abr/25;MRS;Prd. Siderúrgicos - Bobina - BF;Volta Redonda;RJ;Paulínia;SP;323;150.280
abr/25;MRS;Prd. Siderúrgicos - Bobina - BQ;Lafaiete Bandeira;MG;Barbará;RJ;1.936;685.843
abr/25;MRS;Prd. Siderúrgicos - Bobina - BQ;Lafaiete Bandeira;MG;Cruzeiro;SP;1.719;762.708
abr/25;MRS;Prd. Siderúrgicos - Bobina - BQ;Lafaiete Bandeira;MG;Ipiranga;SP;5.369;3.655.913
abr/25;MRS;Prd. Siderúrgicos - Bobina - BQ;Lafaiete Bandeira;MG;Manoel Feio;SP;3.997;2.580.579
abr/25;MRS;Prd. Siderúrgicos - Bobina - BQ;Lafaiete Bandeira;MG;São Caetano do Sul;SP;916;627.569
abr/25;MRS;Prd. Siderúrgicos - Bobina - BQ;Lafaiete Bandeira;MG;Usiminas;SP;65;34.995
abr/25;MRS;Prd. Siderúrgicos - Bobina - BQ;Parque Industrial;MG;Barbará;RJ;643;277.783
abr/25;MRS;Prd. Siderúrgicos - Bobina - BQ;Parque Industrial;MG;Cruzeiro;SP;1.730;902.101
abr/25;MRS;Prd. Siderúrgicos - Bobina - BQ;Parque Industrial;MG;Utinga;SP;503;385.537
abr/25;MRS;Prd. Siderúrgicos - Bobina - BQ;Piaçaguera;SP;Cruzeiro;SP;695;255.148
abr/25;MRS;Prd. Siderúrgicos - Bobina - BQ;Piaçaguera;SP;Horto Florestal;MG;69;65.863
abr/25;MRS;Prd. Siderúrgicos - Bobina - BQ;Piaçaguera;SP;Ipiranga;SP;1.203;63.341
abr/25;MRS;Prd. Siderúrgicos - Bobina - BQ;Piaçaguera;SP;Replan;SP;4.919;942.991
abr/25;MRS;Prd. Siderúrgicos - Bobina - BQ;Piaçaguera;SP;Usiminas;SP;846;140.855
abr/25;MRS;Prd. Siderúrgicos - Bobina - BQ;Volta Redonda;RJ;Brisamar;RJ;5.211;594.033
abr/25;MRS;Prd. Siderúrgicos - Fio Máquina;Dias Tavares;MG;Caçapava;SP;7.347;4.899.173
abr/25;MRS;Prd. Siderúrgicos - Fio Máquina;Dias Tavares;MG;Eldorado;MG;402;140.352
abr/25;MRS;Prd. Siderúrgicos - Fio Máquina;Dias Tavares;MG;Parque Industrial;MG;74;25.762
abr/25;MRS;Prd. Siderúrgicos - Fio Máquina;Dias Tavares;MG;Pinheirinho;SP;1.616;1.314.118
abr/25;MRS;Prd. Siderúrgicos - Fio Máquina;Itaguai;RJ;São Bento;SP;3.254;1.337.218
abr/25;MRS;Prd. Siderúrgicos - Fio Máquina;Ouro Branco;MG;Caçapava;SP;16.083;8.631.939
abr/25;MRS;Prd. Siderúrgicos - Fio Máquina;Ouro Branco;MG;Itaguai;RJ;736;344.885
abr/25;MRS;Prd. Siderúrgicos - Outros;Barbará;RJ;Brisamar;RJ;3.281;390.842
abr/25;MRS;Prd. Siderúrgicos - Outros;Barbará;RJ;Cruzeiro;SP;2.413;247.045
abr/25;MRS;Prd. Siderúrgicos - Outros;Brisamar;RJ;Volta Redonda;RJ;30.178;3.440.171
abr/25;MRS;Prd. Siderúrgicos - Outros;Caçapava;SP;Curuputuba;SP;832;33.092
abr/25;MRS;Prd. Siderúrgicos - Outros;Caçapava;SP;São Caetano do Sul;SP;974;127.409
abr/25;MRS;Prd. Siderúrgicos - Outros;Dias Tavares;MG;Parque Industrial;MG;3.325;1.157.551
abr/25;MRS;Prd. Siderúrgicos - Outros;Floriano;RJ;Cruzeiro;SP;1.117;89.338
abr/25;MRS;Prd. Siderúrgicos - Outros;Itaguai;RJ;Caçapava;SP;5.263;1.764.735
abr/25;MRS;Prd. Siderúrgicos - Outros;Itaguai;RJ;Parque Industrial;MG;2.087;1.291.736
abr/25;MRS;Prd. Siderúrgicos - Outros;Itaguai;RJ;Pinheirinho;SP;720;305.544
abr/25;MRS;Prd. Siderúrgicos - Outros;Lafaiete Bandeira;MG;Curuputuba;SP;2.930;1.493.491
abr/25;MRS;Prd. Siderúrgicos - Outros;Lafaiete Bandeira;MG;Manoel Feio;SP;17.128;11.058.333
abr/25;MRS;Prd. Siderúrgicos - Outros;Lafaiete Bandeira;MG;Piaçaguera;SP;1.491;1.413.156
abr/25;MRS;Prd. Siderúrgicos - Outros;Lafaiete Bandeira;MG;Utinga;SP;7.900;5.440.919
abr/25;MRS;Prd. Siderúrgicos - Outros;Manoel Feio;SP;São Caetano do Sul;SP;1.831;72.308
abr/25;MRS;Prd. Siderúrgicos - Outros;Manoel Feio;SP;Volta Redonda;RJ;431;133.370
abr/25;MRS;Prd. Siderúrgicos - Outros;Ouro Branco;MG;Arará;RJ;231;113.481
abr/25;MRS;Prd. Siderúrgicos - Outros;Ouro Branco;MG;Brisamar;RJ;4.515;2.079.581
abr/25;MRS;Prd. Siderúrgicos - Outros;Ouro Branco;MG;Caçapava;SP;6.724;3.608.851
abr/25;MRS;Prd. Siderúrgicos - Outros;Ouro Branco;MG;Eng. Cesar de Souza;SP;1.578;1.043.479
abr/25;MRS;Prd. Siderúrgicos - Outros;Ouro Branco;MG;Itutinga;MG;10.539;1.473.562
abr/25;MRS;Prd. Siderúrgicos - Outros;Ouro Branco;MG;Parque Industrial;MG;6.043;971.194
abr/25;MRS;Prd. Siderúrgicos - Outros;Piaçaguera;SP;Manoel Feio;SP;17.821;1.100.607
abr/25;MRS;Prd. Siderúrgicos - Outros;Pulverizacao;RJ;Volta Redonda;RJ;1.308;44.485
abr/25;MRS;Prd. Siderúrgicos - Outros;Saudade;RJ;Caçapava;SP;1.054;212.606
abr/25;MRS;Prd. Siderúrgicos - Outros;Saudade;RJ;Eldorado;MG;2.811;1.243.900
abr/25;MRS;Prd. Siderúrgicos - Outros;Saudade;RJ;Floriano;RJ;350;5.574
abr/25;MRS;Prd. Siderúrgicos - Outros;Saudade;RJ;Pinheirinho;SP;5.115;1.487.297
abr/25;MRS;Prd. Siderúrgicos - Outros;Siderúrgica do Atlântico;RJ;Piaçaguera;SP;114.158;57.215.875
abr/25;MRS;Prd. Siderúrgicos - Outros;Utinga;SP;Piaçaguera;SP;60;2.691
abr/25;MRS;Prd. Siderúrgicos - Outros;Volta Redonda;RJ;Arará;RJ;368;53.235
abr/25;MRS;Prd. Siderúrgicos - Outros;Volta Redonda;RJ;Barbará;RJ;10.026;51.403
abr/25;MRS;Prd. Siderúrgicos - Outros;Volta Redonda;RJ;Brisamar;RJ;267;30.436
abr/25;MRS;Prd. Siderúrgicos - Outros;Volta Redonda;RJ;Caçapava;SP;825;175.984
abr/25;MRS;Prd. Siderúrgicos - Outros;Volta Redonda;RJ;Cruzeiro;SP;429;46.120
abr/25;MRS;Prd. Siderúrgicos - Outros;Volta Redonda;RJ;Eldorado;MG;505;288.278
abr/25;MRS;Prd. Siderúrgicos - Outros;Volta Redonda;RJ;Floriano;RJ;2.608;71.789
abr/25;MRS;Prd. Siderúrgicos - Outros;Volta Redonda;RJ;Manoel Feio;SP;40.341;12.483.280
abr/25;MRS;Prd. Siderúrgicos - Outros;Volta Redonda;RJ;Mogi das Cruzes;SP;413;137.320
abr/25;MRS;Prd. Siderúrgicos - Outros;Volta Redonda;RJ;Pulverizacao;RJ;8.256;280.784
abr/25;MRS;Prd. Siderúrgicos - Outros;Volta Redonda;RJ;São Bento;SP;16.633;4.806.105
abr/25;MRS;Prd. Siderúrgicos - Placa;Brisamar;RJ;Volta Redonda;RJ;50.049;5.705.385
abr/25;MRS;Prd. Siderúrgicos - Placa;Cel. João Carlos Guedes;MG;Barreiro;MG;24.383;3.130.045
abr/25;MRS;Prd. Siderúrgicos - Placa;Dias Tavares;MG;Parque Industrial;MG;6.008;2.091.601
abr/25;MRS;Prd. Siderúrgicos - Placa;Itaguai;RJ;Parque Industrial;MG;2.895;1.618.692
abr/25;MRS;Prd. Siderúrgicos - Placa;Ouro Branco;MG;Caçapava;SP;2.702;1.450.195
abr/25;MRS;Prd. Siderúrgicos - Placa;Ouro Branco;MG;Itaguai;RJ;9.508;4.455.391
abr/25;MRS;Prd. Siderúrgicos - Placa;Ouro Branco;MG;Manoel Feio;SP;2.132;1.349.219
abr/25;MRS;Prd. Siderúrgicos - Placa;Ouro Branco;MG;Parque Industrial;MG;6.295;1.011.694
abr/25;MRS;Prd. Siderúrgicos - Placa;Ouro Branco;MG;Pinheirinho;SP;2.631;1.646.400
abr/25;MRS;Prd. Siderúrgicos - Placa;Ouro Branco;MG;São Bento;SP;1.731;1.059.974
abr/25;MRS;Prd. Siderúrgicos - Placa;Pinheirinho;SP;Ouro Branco;MG;204;150.407
abr/25;MRS;Prd. Siderúrgicos - Tubos;Barreiro;MG;Arará;RJ;5.050;2.916.991
abr/25;MRS;Prd. Siderúrgicos - Tubos;Barreiro;MG;Eldorado;MG;678;3.511
abr/25;MRS;Prd. Siderúrgicos - Tubos;Cel. João Carlos Guedes;MG;Arará;RJ;7.354;3.303.799
abr/25;MRS;Prd. Siderúrgicos - Tubos;Cel. João Carlos Guedes;MG;Barreiro;MG;7.252;930.938
abr/25;MRS;Prd. Siderúrgicos - Tubos;Curuputuba;SP;Arará;RJ;8.326;2.649.603
abr/25;MRS;Prd. Siderúrgicos - Vergalhões;Dias Tavares;MG;Arará;RJ;1.786;580.001
abr/25;MRS;Prd. Siderúrgicos - Vergalhões;Itaguai;RJ;Caçapava;SP;153;51.302
abr/25;MRS;Prd. Siderúrgicos - Vergalhões;Volta Redonda;RJ;Eldorado;MG;1.741;993.846
abr/25;MRS;Prd. Siderúrgicos - Vergalhões;Volta Redonda;RJ;Manoel Feio;SP;7.144;2.210.667
abr/25;MRS;Soja;Pederneiras;SP;Conceiçãozinha;SP;74.604;39.308.533
abr/25;MRS;Soja;Pederneiras;SP;Estação TUF;SP;25.306;12.879.184
abr/25;MRS;Soja;Pederneiras;SP;Santos;SP;122.856;64.016.081
abr/25;MRS;Sucata;Eldorado;MG;Itaguai;RJ;999;559.573
abr/25;MRS;Veículos;Parque Industrial;MG;Piaçaguera;SP;390;305.232
abr/25;RMC;Açúcar;Iturama;MG;Santos;SP;77.337;69.676.829
abr/25;RMC;Adubo Orgânico a Granel;Estação TUF;SP;Rio Verde;GO;6.589;7.933.353
abr/25;RMC;Alumínio;Anápolis;GO;Alumínio;SP;89.826;123.522.427
abr/25;RMC;Fosfato;Estação TUF;SP;Rio Verde;GO;3.387;4.034.804
abr/25;RMN;Álcool;Chapadao do Sul;MS;Replan;SP;41.335;38.891.810
abr/25;RMN;Álcool;Rondonópolis;MT;Replan;SP;142.935;199.351.789
abr/25;RMN;Álcool;T. Olacyr F. Morais;MS;Replan;SP;3.313;3.486.823
abr/25;RMN;Celulose;Aparecida do Taboado;MS;Barnabé;SP;217.716;201.683.828
abr/25;RMN;Celulose;Chapadao do Sul;MS;Barnabé;SP;120.976;143.970.997
abr/25;RMN;Celulose;Chapadao do Sul;MS;Santos;SP;96.836;115.387.744
abr/25;RMN;Contêiner cheio 53 pés;Rondonópolis;MT;Boa Vista Nova;SP;29;39.846
abr/25;RMN;Contêiner Cheio de 20 Pés;Rondonópolis;MT;Cubatão;SP;7.047;11.473.100
abr/25;RMN;Contêiner Cheio de 40 Pés;Rondonópolis;MT;Boa Vista Nova;SP;46.770;64.263.381
abr/25;RMN;Contêiner Cheio de 40 Pés;Rondonópolis;MT;Cubatão;SP;59.039;96.120.391
abr/25;RMN;Contêiner Vazio de 40 Pés;Rondonópolis;MT;Boa Vista Nova;SP;44;60.287
abr/25;RMN;Contêiner Vazio de 40 Pés;Rondonópolis;MT;Boa Vista Velha;SP;418;572.184
abr/25;RMN;Farelo de Soja;Alto Araguaia;MT;Santos;SP;78.932;110.443.761
abr/25;RMN;Farelo de Soja;Rondonópolis;MT;Santos;SP;421.841;692.986.883
abr/25;RMN;Óleo Diesel;Rondonópolis;MT;Replan;SP;10.846;15.114.031
abr/25;RMN;Óleo Diesel;T. Olacyr F. Morais;MS;Replan;SP;92;96.827
abr/25;RMN;Soja;Alto Araguaia;MT;Conceiçãozinha;SP;37.428;52.792.457
abr/25;RMN;Soja;Chapadao do Sul;MS;Conceiçãozinha;SP;46.352;55.540.495
abr/25;RMN;Soja;Chapadao do Sul;MS;Santos;SP;162.686;193.774.625
abr/25;RMN;Soja;Itiquira;MT;Conceiçãozinha;SP;27.408;41.722.785
abr/25;RMN;Soja;Rondonópolis;MT;Conceiçãozinha;SP;642.515;1.058.796.224
abr/25;RMN;Soja;Rondonópolis;MT;Estação TUF;SP;30.488;50.103.541
abr/25;RMN;Soja;Rondonópolis;MT;Santos;SP;916.969;1.507.566.495
abr/25;RMO;Minério de Ferro;Antônio Maria Coelho;MS;Porto Esperança;MS;217.800;10.122.255
abr/25;RMP;Açúcar;Fernandopolis;SP;Santos;SP;7.960;6.417.016
abr/25;RMP;Açúcar;Itirapina;SP;Santos;SP;3.845;1.500.219
abr/25;RMP;Açúcar;Pradopolis;SP;Santos;SP;58.102;31.188.541
abr/25;RMP;Açúcar;Rio Preto Paulista;SP;Santos;SP;35.787;23.998.117
abr/25;RMP;Açúcar;Santa Adélia;SP;Santos;SP;8.231;4.760.785
abr/25;RMP;Açúcar;Votuporanga;SP;Santos;SP;8.030;6.178.376
abr/25;RMP;Adubo Orgânico a Granel;Estação TUF;SP;Rondonópolis;MT;13.043;21.360.493
abr/25;RMP;Cloreto de Potássio;Conceiçãozinha;SP;Rondonópolis;MT;57.238;94.357.062
abr/25;RMP;Cloreto de Potássio;Santos;SP;Rondonópolis;MT;248;407.761
abr/25;RMP;Contêiner cheio 53 pés;Boa Vista Nova;SP;Rondonópolis;MT;16;21.984
abr/25;RMP;Contêiner Cheio de 40 Pés;Boa Vista Nova;SP;Rondonópolis;MT;103;141.135
abr/25;RMP;Contêiner Cheio de 40 Pés;Boa Vista Velha;SP;Rondonópolis;MT;20.636;28.247.855
abr/25;RMP;Contêiner Cheio de 40 Pés;Cubatão;SP;Rondonópolis;MT;1.489;2.424.214
abr/25;RMP;Contêiner Vazio de 20 Pés;Cubatão;SP;Rondonópolis;MT;623;1.016.374
abr/25;RMP;Contêiner Vazio de 40 Pés;Boa Vista Velha;SP;Rondonópolis;MT;2.902;3.972.440
abr/25;RMP;Contêiner Vazio de 40 Pés;Cubatão;SP;Rondonópolis;MT;7.347;11.986.042
abr/25;RMP;Farelo de Soja;Rio Verde;GO;Santos;SP;105.746;127.254.207
abr/25;RMP;Farelo de Soja;São Simão;GO;Santos;SP;20.300;20.082.099
abr/25;RMP;Fosfato;Estação TUF;SP;Rondonópolis;MT;583;958.094
abr/25;RMP;Gasolina;Replan;SP;Rondonópolis;MT;11.368;15.841.442
abr/25;RMP;Gasolina;Replan;SP;T. Olacyr F. Morais;MS;1.340;1.410.305
abr/25;RMP;Óleo Diesel;Replan;SP;Rio Preto Paulista;SP;2.240;940.567
abr/25;RMP;Óleo Diesel;Replan;SP;Rondonópolis;MT;74.885;104.353.140
abr/25;RMP;Óleo Diesel;Replan;SP;T. Olacyr F. Morais;MS;5.154;5.424.414
abr/25;RMP;Soja;Rio Verde;GO;Conceiçãozinha;SP;171.146;207.051.770
abr/25;RMP;Soja;Rio Verde;GO;Santos;SP;196.219;235.941.279
abr/25;RMP;Soja;São Simão;GO;Conceiçãozinha;SP;7.190;7.136.747
abr/25;RMP;Soja;São Simão;GO;Santos;SP;2.576;2.545.041
abr/25;RMS;Açúcar;Londrina;PR;D Pedro II;PR;3.538;2.232.506
abr/25;RMS;Açúcar;Marialva;PR;D Pedro II;PR;81.488;50.537.769
abr/25;RMS;Açúcar;Maringa;PR;D Pedro II;PR;104.557;68.145.764
abr/25;RMS;Açúcar;Rolandia;PR;D Pedro II;PR;61.907;38.181.349
abr/25;RMS;Adubo Orgânico a Granel;D Pedro II;PR;Maringa;PR;1.000;651.762
abr/25;RMS;Adubo Orgânico a Granel;km 5;PR;Cará-Cará;PR;481;113.300
abr/25;RMS;Adubo Orgânico a Granel;km 5;PR;Maringa;PR;556;359.972
abr/25;RMS;Adubo Orgânico a Granel;Rio Grande;RS;Cruz Alta;RS;12.476;9.206.561
abr/25;RMS;Álcool;Eng. Vicente Montanha;PR;Araucária Terminal;PR;582;298.955
abr/25;RMS;Álcool;Londrina;PR;Araucária Terminal;PR;11.823;5.982.672
abr/25;RMS;Álcool;Sarandi;PR;Araucária Terminal;PR;5.691;2.907.707
abr/25;RMS;Calcário Corretivo;Tranqueira;PR;Maringa;PR;8.080;4.741.344
abr/25;RMS;Celulose;Ortigueira;PR;km 5;PR;57.216;26.153.376
abr/25;RMS;Cimento acondicionado;Apiai;SP;Londrina;PR;9.116;5.267.160
abr/25;RMS;Cimento acondicionado;Apiai;SP;Uvaranas;PR;16.828;3.273.416
abr/25;RMS;Cimento acondicionado;Rio Branco do Sul;PR;Cascavel;PR;8.816;6.043.385
abr/25;RMS;Cimento acondicionado;Rio Branco do Sul;PR;Londrina;PR;9.164;5.330.799
abr/25;RMS;Cimento acondicionado;Rio Branco do Sul;PR;Maringa;PR;21.208;12.776.971
abr/25;RMS;Cloreto de Potássio;km 5;PR;Desvio Ribas;PR;2.054;463.834
abr/25;RMS;Cloreto de Potássio;km 5;PR;Guarapuava;PR;3.827;1.846.072
abr/25;RMS;Cloreto de Potássio;km 5;PR;Maringa;PR;1.734;1.122.648
abr/25;RMS;Cloreto de Potássio;Rio Grande;RS;Cruz Alta;RS;9.224;6.806.777
abr/25;RMS;Contêiner Cheio de 40 Pés;Cambe;PR;D Pedro II;PR;43.434;27.097.082
abr/25;RMS;Contêiner Cheio de 40 Pés;Cascavel;PR;D Pedro II;PR;40.450;29.722.619
abr/25;RMS;Contêiner Cheio de 40 Pés;Ortigueira;PR;D Pedro II;PR;53.456;24.665.827
abr/25;RMS;Contêiner Vazio de 40 Pés;D Pedro II;PR;Cambe;PR;6.863;4.281.606
abr/25;RMS;Contêiner Vazio de 40 Pés;D Pedro II;PR;Cascavel;PR;5.879;4.319.883
abr/25;RMS;Contêiner Vazio de 40 Pés;D Pedro II;PR;Ortigueira;PR;7.512;3.466.209
abr/25;RMS;Farelo de Soja;Cruz Alta;RS;Rio Grande;RS;48.261;35.613.818
abr/25;RMS;Farelo de Soja;Desvio Ribas;PR;D Pedro II;PR;78.956;18.171.248
abr/25;RMS;Farelo de Soja;Ijuí;RS;Rio Grande;RS;16.412;12.989.080
abr/25;RMS;Farelo de Soja;Londrina;PR;D Pedro II;PR;6.531;4.121.113
abr/25;RMS;Farelo de Soja;Maringa;PR;D Pedro II;PR;19.244;12.542.411
abr/25;RMS;Fosfato;km 5;PR;Cará-Cará;PR;3.975;936.323
abr/25;RMS;Fosfato;Rio Grande;RS;Cruz Alta;RS;1.003;740.155
abr/25;RMS;Gasolina;Araucária Terminal;PR;Eng. Vicente Montanha;PR;6.583;3.381.488
abr/25;RMS;Gasolina;Araucária Terminal;PR;Lages;SC;945;376.416
abr/25;RMS;Gasolina;Araucária Terminal;PR;Londrina;PR;8.078;4.087.628
abr/25;RMS;Gasolina;Araucária Terminal;PR;Sarandi;PR;2.652;1.354.989
abr/25;RMS;Grãos - Cevada;km 5;PR;Guarapuava;PR;743;358.409
abr/25;RMS;Grãos - Milho;Rio Grande;RS;Cruz Alta;RS;267;197.030
abr/25;RMS;Grãos - Trigo;km 5;PR;Rolandia;PR;2.663;1.627.582
abr/25;RMS;Óleo Diesel;Araucária Terminal;PR;Eng. Vicente Montanha;PR;29.971;15.395.202
abr/25;RMS;Óleo Diesel;Araucária Terminal;PR;Lages;SC;1.941;773.148
abr/25;RMS;Óleo Diesel;Araucária Terminal;PR;Londrina;PR;10.812;5.471.086
abr/25;RMS;Óleo Diesel;Araucária Terminal;PR;Sarandi;PR;3.966;2.013.531
abr/25;RMS;Óleo Diesel;D Pedro II;PR;Araucária Terminal;PR;44.697;5.586.585
abr/25;RMS;Óleo Diesel;D Pedro II;PR;Londrina;PR;5.577;3.519.131
abr/25;RMS;Óleo Diesel;D Pedro II;PR;Sarandi;PR;3.192;2.016.063
abr/25;RMS;Prd. Siderúrgicos - Bobina - BF;São Francisco do Sul;SC;Araucária Carga;PR;758;237.177
abr/25;RMS;Soja;Cacequi;RS;Rio Grande;RS;1.550;747.391
abr/25;RMS;Soja;Cascavel;PR;D Pedro II;PR;25.613;18.820.418
abr/25;RMS;Soja;Cruz Alta;RS;Rio Grande;RS;24.311;17.940.107
abr/25;RMS;Soja;J.De Castilhos;RS;Rio Grande;RS;13.798;9.087.844
abr/25;RMS;Soja;Londrina;PR;D Pedro II;PR;38.357;24.203.688
abr/25;RMS;Soja;Londrina;PR;São Francisco do Sul;SC;33.556;24.753.521
abr/25;RMS;Soja;Marialva;PR;D Pedro II;PR;80.256;49.773.705
abr/25;RMS;Soja;Marialva;PR;São Francisco do Sul;SC;18.012;13.092.130
abr/25;RMS;Soja;Maringa;PR;D Pedro II;PR;124.671;81.255.514
abr/25;RMS;Soja;Maringa;PR;São Francisco do Sul;SC;117.747;89.302.520
abr/25;RMS;Soja;Rolandia;PR;D Pedro II;PR;20.778;12.802.217
abr/25;RMS;Soja;Rolandia;PR;São Francisco do Sul;SC;30.325;21.897.059
abr/25;RMS;Soja;Tigre;RS;Rio Grande;RS;4.808;2.683.008
abr/25;RMS;Ureia;km 5;PR;Maringa;PR;995;644.195
mai/25;EFC;Carvão Mineral;Ponta da Madeira;MA;Paraupebas;PA;3.667;3.157.287
mai/25;EFC;Cobre;Paraupebas;PA;Ponta da Madeira Cobre;MA;75.046;65.440.112
mai/25;EFC;Ferro Gusa;Açailândia;MA;Ponta da Madeira Pêra do Píer;MA;17.167;9.024.691
mai/25;EFC;Ferro Gusa;Marabá;PA;Ponta da Madeira Pêra do Píer;MA;31.604;23.725.947
mai/25;EFC;Gasolina;Itaqui Base Combustível;MA;Açailândia;MA;7.254;3.793.842
mai/25;EFC;Gasolina;Itaqui Base Combustível;MA;Marabá;PA;8.218;6.156.041
mai/25;EFC;Minério de Ferro;Açailândia;MA;Ponta da Madeira;MA;22.843;11.718.459
mai/25;EFC;Minério de Ferro;Carajás;PA;Açailândia;MA;14.950;5.651.100
mai/25;EFC;Minério de Ferro;Carajás;PA;Marabá;PA;25.488;3.899.664
mai/25;EFC;Minério de Ferro;Carajás;PA;Ponta da Madeira;MA;6.187.528;5.520.319.856
mai/25;EFC;Minério de Ferro;Serra Leste;PA;Açailândia;MA;15.813;5.033.942
mai/25;EFC;Minério de Ferro;Serra Leste;PA;Ponta da Madeira;MA;573.778;477.005.749
mai/25;EFC;Minério de Ferro;Serra Sul;PA;Ponta da Madeira;MA;7.951.803;7.525.475.033
mai/25;EFC;Óleo Diesel;Itaqui Base Combustível;MA;Açailândia;MA;26.860;14.047.780
mai/25;EFC;Óleo Diesel;Itaqui Base Combustível;MA;Marabá;PA;36.207;27.106.141
mai/25;EFPO;Cimento acondicionado;Agrária;PR;Cascavel;PR;5.668;1.363.709
mai/25;EFPO;Soja;Cascavel;PR;Agrária;PR;13.053;3.140.524
mai/25;EFVM;Antracito;Tubarão;ES;Intendente Câmara;MG;77.254;33.459.555
mai/25;EFVM;Carvão Mineral;Tubarão;ES;Bela Vista de Minas;MG;2.608;1.366.315
mai/25;EFVM;Carvão Mineral;Tubarão;ES;Intendente Câmara;MG;19.184;8.308.800
mai/25;EFVM;Carvão Mineral;Tubarão;ES;Ouro Branco;MG;107.701;72.254.016
mai/25;EFVM;Celulose;Aracruz;ES;Frederico Selow;MG;64;23.716
mai/25;EFVM;Celulose;Frederico Selow;MG;Aracruz;ES;113.100;41.911.806
mai/25;EFVM;Cloreto de Potássio;Tubarão;ES;Brejo Alegre;MG;25.608;36.215.371
mai/25;EFVM;Contêiner Cheio de 20 Pés;Tubarão;ES;Nova Granja;MG;7.994;5.443.610
mai/25;EFVM;Coque;Pedro Nolasco;ES;Prudente de Morais;MG;3.463;2.495.108
mai/25;EFVM;Coque;Tubarão;ES;Prudente de Morais;MG;20.512;14.779.347
mai/25;EFVM;Coque Metalúrgico;Tubarão;ES;Bela Vista de Minas;MG;27.718;14.521.293
mai/25;EFVM;Ferro Gusa;Aroaba;ES;Pedro Nolasco;ES;13.187;317.450
mai/25;EFVM;Ferro Gusa;Funil;MG;Pedro Nolasco;ES;3.350;2.147.180
mai/25;EFVM;Ferro Gusa;Funil;MG;Tubarão;ES;9.105;5.854.483
mai/25;EFVM;Minério de Ferro;Barão de Cocais;MG;Intendente Câmara;MG;60.493;10.172.321
mai/25;EFVM;Minério de Ferro;Barão de Cocais;MG;Tubarão;ES;97.779;58.791.383
mai/25;EFVM;Minério de Ferro;Brucutu;MG;Tubarão;ES;2.650.280;1.548.290.477
mai/25;EFVM;Minério de Ferro;Capitão Eduardo;MG;Intendente Câmara;MG;50.313;11.057.368
mai/25;EFVM;Minério de Ferro;Conceição;MG;Tubarão;ES;1.950.204;1.059.915.275
mai/25;EFVM;Minério de Ferro;Fábrica Muro;MG;Tubarão;ES;32.068;21.696.439
mai/25;EFVM;Minério de Ferro;Fazendão;MG;Tubarão;ES;1.012.465;602.585.309
mai/25;EFVM;Minério de Ferro;João Correia;MG;Tubarão;ES;123.306;52.397.033
mai/25;EFVM;Minério de Ferro;João Paulo;MG;Tubarão;ES;307.336;166.599.467
mai/25;EFVM;Minério de Ferro;Mário Carvalho;MG;Tubarão;ES;205.383;91.792.850
mai/25;EFVM;Minério de Ferro;Ouro Branco;MG;Intendente Câmara;MG;4.956;1.178.363
mai/25;EFVM;Minério de Ferro;Ouro Branco;MG;Mário Carvalho;MG;27.603;6.177.860
mai/25;EFVM;Minério de Ferro;Ouro Branco;MG;Piraqueaçu;ES;5.469;3.271.785
mai/25;EFVM;Minério de Ferro;Ouro Branco;MG;Tubarão;ES;61.226;41.535.840
mai/25;EFVM;Minério de Ferro;Pátio 206;MG;Intendente Câmara;MG;6.159;1.009.577
mai/25;EFVM;Minério de Ferro;Pátio 206;MG;Tubarão;ES;447.363;267.462.457
mai/25;EFVM;Minério de Ferro;Piraqueaçu;ES;Tubarão;ES;11.600;842.554
mai/25;EFVM;Minério de Ferro;Timbopeba;MG;Intendente Câmara;MG;12.024;2.228.720
mai/25;EFVM;Minério de Ferro;Timbopeba;MG;Piraqueaçu;ES;14.825;8.091.974
mai/25;EFVM;Minério de Ferro;Timbopeba;MG;Tubarão;ES;753.052;462.013.220
mai/25;EFVM;Minério de Ferro;Tubarão;ES;Intendente Câmara;MG;22.390;9.697.355
mai/25;EFVM;Minério de Ferro;Tubarão;ES;Mário Carvalho;MG;14.732;6.612.305
mai/25;EFVM;Minério de Ferro;Tubarão;ES;Pedro Nolasco;ES;2.266;61.669
mai/25;EFVM;Prd. Siderúrgicos - Bobina - BF;Aroaba;ES;Tubarão;ES;630;18.687
mai/25;EFVM;Prd. Siderúrgicos - Bobina - BF;Intendente Câmara;MG;Capitão Eduardo;MG;23.451;5.097.538
mai/25;EFVM;Prd. Siderúrgicos - Bobina - BF;Intendente Câmara;MG;Carreira Comprida;MG;1.685;376.479
mai/25;EFVM;Prd. Siderúrgicos - Bobina - BF;Intendente Câmara;MG;Couto e Silva;MG;2.576;654.187
mai/25;EFVM;Prd. Siderúrgicos - Bobina - BF;Intendente Câmara;MG;Embiruçu;MG;30.940;7.654.834
mai/25;EFVM;Prd. Siderúrgicos - Bobina - BF;Intendente Câmara;MG;Lafaiete Bandeira;MG;32.188;7.170.612
mai/25;EFVM;Prd. Siderúrgicos - Bobina - BF;Intendente Câmara;MG;Parque Industrial;MG;1.482;350.431
mai/25;EFVM;Prd. Siderúrgicos - Bobina - BF;Intendente Câmara;MG;Pedro Nolasco;ES;3.063;1.333.948
mai/25;EFVM;Prd. Siderúrgicos - Bobina - BF;Intendente Câmara;MG;Tubarão;ES;11.426;4.948.725
mai/25;EFVM;Prd. Siderúrgicos - Bobina - BF;Mário Carvalho;MG;Capitão Eduardo;MG;4.408;895.149
mai/25;EFVM;Prd. Siderúrgicos - Bobina - BF;Tubarão;ES;Lafaiete Bandeira;MG;19.665;12.897.798
mai/25;EFVM;Prd. Siderúrgicos - Bobina - BF;Tubarão;ES;Parque Industrial;MG;5.773;3.879.338
mai/25;EFVM;Prd. Siderúrgicos - Fio Máquina;João Monlevade;MG;Aracruz;ES;5.687;2.849.300
mai/25;EFVM;Prd. Siderúrgicos - Fio Máquina;João Monlevade;MG;Capitão Eduardo;MG;4.544;560.523
mai/25;EFVM;Prd. Siderúrgicos - Fio Máquina;João Monlevade;MG;Eldorado;MG;10.812;1.560.443
mai/25;EFVM;Prd. Siderúrgicos - Fio Máquina;João Monlevade;MG;Governador Valadares;MG;3.710;757.359
mai/25;EFVM;Prd. Siderúrgicos - Fio Máquina;João Monlevade;MG;Nova Granja;MG;637;98.255
mai/25;EFVM;Prd. Siderúrgicos - Fio Máquina;João Monlevade;MG;Parque Industrial;MG;692;100.565
mai/25;EFVM;Prd. Siderúrgicos - Fio Máquina;João Monlevade;MG;Pedro Nolasco;ES;5.401;2.857.381
mai/25;EFVM;Prd. Siderúrgicos - Fio Máquina;João Monlevade;MG;Tubarão;ES;1.259;663.057
mai/25;EFVM;Prd. Siderúrgicos - Fio Máquina;Ouro Branco;MG;Tubarão;ES;353;236.819
mai/25;EFVM;Prd. Siderúrgicos - Outros;Intendente Câmara;MG;Capitão Eduardo;MG;4.949;1.077.308
mai/25;EFVM;Prd. Siderúrgicos - Outros;Intendente Câmara;MG;Carreira Comprida;MG;773;172.711
mai/25;EFVM;Prd. Siderúrgicos - Outros;Intendente Câmara;MG;Lafaiete Bandeira;MG;7.211;1.612.659
mai/25;EFVM;Prd. Siderúrgicos - Outros;Intendente Câmara;MG;Tubarão;ES;24.450;10.589.563
mai/25;EFVM;Prd. Siderúrgicos - Outros;Ouro Branco;MG;Pedro Nolasco;ES;114;76.752
mai/25;EFVM;Prd. Siderúrgicos - Outros;Ouro Branco;MG;Tubarão;ES;6.474;4.391.974
mai/25;EFVM;Prd. Siderúrgicos - Outros;Pedro Nolasco;ES;Pedreira Rio das Velhas;MG;600;387.522
mai/25;EFVM;Prd. Siderúrgicos - Placa;Intendente Câmara;MG;Lafaiete Bandeira;MG;1.585;353.082
mai/25;EFVM;Prd. Siderúrgicos - Placa;Ouro Branco;MG;Mário Carvalho;MG;3.342;748.410
mai/25;EFVM;Prd. Siderúrgicos - Placa;Ouro Branco;MG;Tubarão;ES;26.464;17.953.230
mai/25;EFVM;Prd. Siderúrgicos - Placa;Tubarão;ES;Intendente Câmara;MG;10.454;4.527.742
mai/25;EFVM;Prd. Siderúrgicos - Tarugo;Ouro Branco;MG;Tubarão;ES;31.346;21.029.279
mai/25;EFVM;Toras de Madeira;Desembargador Drumond;MG;Frederico Selow;MG;16.426;1.784.422
mai/25;EFVM;Toras de Madeira;Eng. Costa Lacerda;MG;Frederico Selow;MG;24.335;4.155.687
mai/25;EFVM;Veículos;Frederico Selow;MG;Intendente Câmara;MG;96;3.542
mai/25;FCA;Açúcar;Guará;SP;Estação TUF;SP;422.814;270.545.191
mai/25;FCA;Açúcar;Ribeirão Preto;SP;Estação TUF;SP;12.507;6.840.840
mai/25;FCA;Açúcar;Ribeirão Preto;SP;Santos;SP;75.200;41.768.933
mai/25;FCA;Açúcar;Terminal Integrador Uberaba;MG;Estação TUF;SP;91.605;76.689.319
mai/25;FCA;Areia;Capitão Eduardo;MG;Carreira Comprida;MG;39.732;259.529
mai/25;FCA;Areia;Pedreira Rio das Velhas;MG;Capitão Eduardo;MG;4.252;27.774
mai/25;FCA;Areia;Roncador Novo;GO;Brasília;DF;4.182;1.022.779
mai/25;FCA;Bauxita;Bauxita;MG;Alumínio;SP;25.093;7.020.895
mai/25;FCA;Calcário Britado;Terminal Siderúrgico;MG;Calcario;RJ;36.183;17.422.403
mai/25;FCA;Calcário Corretivo;Matozinhos;MG;Tubarão;ES;26.137;18.478.388
mai/25;FCA;Calcário Siderúrgico;Matozinhos;MG;Intendente Câmara;MG;43.068;12.119.205
mai/25;FCA;Calcário Siderúrgico;Matozinhos;MG;Tubarão;ES;5.965;4.217.147
mai/25;FCA;Calcário Siderúrgico;Nova Granja;MG;Tubarão;ES;25.049;17.120.461
mai/25;FCA;Calcário Siderúrgico;Terminal Siderúrgico;MG;Calcario;RJ;28.830;13.881.874
mai/25;FCA;Celulose;LD Celulose;MG;Aracruz;ES;47.872;64.489.615
mai/25;FCA;Clínquer;Terminal Siderúrgico;MG;Calcario;RJ;41.939;20.193.963
mai/25;FCA;Cloreto de Potássio;Estação TUF;SP;Valefertil;MG;20.558;14.265.645
mai/25;FCA;Cloreto de Potássio;Fosfago;GO;Final Ramal das Fábricas;SP;43.236;44.188.575
mai/25;FCA;Contêiner Cheio de 20 Pés;Batista Almeida;MG;Calcario;RJ;2.087;996.140
mai/25;FCA;Contêiner Cheio de 20 Pés;Batista Almeida;MG;Tubarão;ES;7.494;7.324.166
mai/25;FCA;Contêiner Cheio de 20 Pés;Nova Granja;MG;Tubarão;ES;176;121.063
mai/25;FCA;Cromita;Campo Formoso;BA;Irapui;BA;4.723;1.820.187
mai/25;FCA;Cromita;Itiuba;BA;Irapui;BA;20.790;6.278.143
mai/25;FCA;Demais Produtos;Nova Granja;MG;Tubarão;ES;2.783;1.895.117
mai/25;FCA;Dolomita;Terminal Siderúrgico;MG;Calcario;RJ;35.701;17.190.316
mai/25;FCA;Enxofre;Estação TUF;SP;Fosfago;GO;7.219;7.235.885
mai/25;FCA;Enxofre;Estação TUF;SP;Valefertil;MG;64.680;44.713.023
mai/25;FCA;Farelo de Soja;Brejo Alegre;MG;Estação TUF;SP;30.734;28.621.273
mai/25;FCA;Farelo de Soja;Ipameri;GO;Santos;SP;18.397;19.016.279
mai/25;FCA;Ferro Gusa;Calsete;MG;Pedro Nolasco;ES;9.649;7.023.696
mai/25;FCA;Ferro Gusa;Paulo Menicucci;MG;Tubarão;ES;3.234;2.691.742
mai/25;FCA;Ferro Gusa;Prudente de Morais;MG;Pedro Nolasco;ES;4.650;3.361.554
mai/25;FCA;Fosfato;Catalão;GO;Valefertil;MG;62.727;19.008.978
mai/25;FCA;Gasolina;Embiruçu;MG;Governador Valadares;MG;1.534;552.181
mai/25;FCA;Magnesita;Catiboaba;BA;Parque Industrial;MG;12.021;12.320.049
mai/25;FCA;Magnesita;Catiboaba;BA;Porto de Aratu;BA;13.707;8.309.759
mai/25;FCA;Minério de Ferro;Nova Granja;MG;Tubarão;ES;29.753;20.484.583
mai/25;FCA;Minério de Ferro;Silva Oliveira;MG;Intendente Câmara;MG;167.617;51.854.664
mai/25;FCA;Minério de Ferro;Terminal de Patrocínio;MG;Terminal de Fosfatados;MG;296.506;57.418.683
mai/25;FCA;Óleo Diesel;Embiruçu;MG;Governador Valadares;MG;932;335.484
mai/25;FCA;Outros - adubos e Fertilizantes;Estação TUF;SP;Valefertil;MG;5.499;3.801.436
mai/25;FCA;Soja;Brejo Alegre;MG;Tubarão;ES;261.525;367.841.443
mai/25;FCA;Soja;Pirapora;MG;Tubarão;ES;39.924;42.239.355
mai/25;FCA;Soja;Terminal Integrador Uberaba;MG;Conceiçãozinha;SP;60.929;50.152.257
mai/25;FCA;Soja;Terminal Integrador Uberaba;MG;Estação TUF;SP;441.702;361.294.905
mai/25;FCA;Soja;Terminal Integrador Uberaba;MG;Santos;SP;36.680;30.085.622
mai/25;FCA;Toras de Madeira;Calsete;MG;Aracruz;ES;58.980;41.804.906
mai/25;FCA;Ureia;Estação TUF;SP;Valefertil;MG;4.835;3.360.320
mai/25;FNSTN;Álcool;Porto Nacional;TO;Itaqui Base Combustível;MA;5.584;6.966.104
mai/25;FNSTN;Celulose;Ponta da Madeira;MA;Suzano;MA;240;145.176
mai/25;FNSTN;Celulose;Suzano;MA;Pátio Esso;MA;143.620;88.408.737
mai/25;FNSTN;Cloreto de Potássio;Ponta da Madeira;MA;Palmeirante;TO;33.592;32.498.829
mai/25;FNSTN;Gasolina;Itaqui Base Combustível;MA;Porto Nacional;TO;7.093;8.836.951
mai/25;FNSTN;Gasolina;Porto Nacional;TO;Itaqui Base Combustível;MA;2.937;3.658.033
mai/25;FNSTN;Óleo Diesel;Itaqui Base Combustível;MA;Porto Nacional;TO;42.716;53.204.150
mai/25;FNSTN;Outros - adubos e Fertilizantes;Ponta da Madeira;MA;Palmeirante;TO;6.914;6.675.990
mai/25;FNSTN;Outros - Comb e derivado -  Perigoso;Porto Nacional;TO;Itaqui Base Combustível;MA;6.249;7.783.618
mai/25;FNSTN;Soja;Alvorada;TO;Porto Nacional;TO;29.639;9.545.773
mai/25;FNSTN;Soja;Palmeirante;TO;Ponta da Madeira;MA;291;282.087
mai/25;FNSTN;Soja;Palmeirante;TO;Ponta da Madeira Pêra do Píer;MA;480.934;470.979.862
mai/25;FNSTN;Soja;Porto Franco;MA;Ponta da Madeira Pêra do Píer;MA;304.820;222.316.451
mai/25;FNSTN;Soja;Porto Nacional;TO;Ponta da Madeira Pêra do Píer;MA;271.550;340.002.831
mai/25;FTC;Carvão Mineral;Mina Novo Horizonte;SC;Capivari;SC;30.137;1.665.400
mai/25;FTC;Carvão Mineral;Rio Fiorita;SC;Capivari;SC;144.362;11.386.409
mai/25;FTC;Carvão Mineral;Sangão;SC;Capivari;SC;3.321;232.639
mai/25;FTC;Carvão Mineral;Urussanga;SC;Capivari;SC;39.040;2.520.272
mai/25;FTC;Contêiner Cheio de 20 Pés;Eng. Paz Ferreira;SC;Imbituba;SC;35.332;3.766.461
mai/25;FTC;Contêiner Cheio de 20 Pés;Imbituba;SC;Eng. Paz Ferreira;SC;112;11.939
mai/25;FTC;Contêiner Cheio de 40 Pés;Eng. Paz Ferreira;SC;Imbituba;SC;7.949;847.379
mai/25;FTC;Contêiner Cheio de 40 Pés;Imbituba;SC;Eng. Paz Ferreira;SC;2.332;248.595
mai/25;FTC;Contêiner Vazio de 20 Pés;Imbituba;SC;Eng. Paz Ferreira;SC;2.785;296.886
mai/25;FTC;Contêiner Vazio de 40 Pés;Eng. Paz Ferreira;SC;Imbituba;SC;75;7.995
mai/25;FTC;Contêiner Vazio de 40 Pés;Imbituba;SC;Eng. Paz Ferreira;SC;583;62.148
mai/25;FTL;Areia;Aracapé;CE;Crateus;CE;80;35.052
mai/25;FTL;Areia;Aracapé;CE;Sobral;CE;40;9.223
mai/25;FTL;Areia;Aracapé;CE;Teresina;PI;80;58.440
mai/25;FTL;Areia;Crateus;CE;Aracapé;CE;1;438
mai/25;FTL;Celulose;Pátio Esso;MA;Itaqui;MA;140.700;281.400
mai/25;FTL;Cimento acondicionado;Fábrica Votorantim Pecém;CE;Aracapé;CE;11.721;549.058
mai/25;FTL;Cimento acondicionado;Pecem;CE;São Luis - Tirirical;MA;2.364;2.753.783
mai/25;FTL;Cimento acondicionado;Pecem;CE;Teresina;PI;1.673;1.185.961
mai/25;FTL;Cimento acondicionado;Poty;CE;Teresina;PI;14.816;7.437.691
mai/25;FTL;Cimento acondicionado;Teresina;PI;Pecem;CE;40;28.355
mai/25;FTL;Clínquer;Poty;CE;Fábrica Votorantim Pecém;CE;854;171.058
mai/25;FTL;Clínquer;Poty;CE;São Luis - Tirirical;MA;9.587;9.184.384
mai/25;FTL;Coque;Mucuripe;CE;Poty;CE;2.881;732.891
mai/25;FTL;Demais Produtos;Carga Ferro Gusa e Cruz;MA;Babaçu;MA;965;261.515
mai/25;FTL;Demais Produtos;Carga Ferro Gusa e Cruz;MA;Codó;MA;4.341;991.623
mai/25;FTL;Demais Produtos;Codó;MA;São Luis - Tirirical;MA;38;11.031
mai/25;FTL;Demais Produtos;Crateus;CE;Aracapé;CE;1;438
mai/25;FTL;Demais Produtos;Fábrica Votorantim Pecém;CE;Aracapé;CE;175;8.197
mai/25;FTL;Demais Produtos;Pecem;CE;Aracapé;CE;938;54.054
mai/25;FTL;Demais Produtos;Pecem;CE;Cana Brava;PI;41;20.413
mai/25;FTL;Demais Produtos;São Luis - Tirirical;MA;Aracapé;CE;1;1.183
mai/25;FTL;Demais Produtos;São Luis - Tirirical;MA;Carema Novo;MA;20;1.838
mai/25;FTL;Demais Produtos;São Luis - Tirirical;MA;Codó;MA;85;24.431
mai/25;FTL;Demais Produtos;Sobral;CE;Aracapé;CE;1;230
mai/25;FTL;Demais Produtos;Teresina;PI;Aracapé;CE;16;11.687
mai/25;FTL;Demais Produtos;Teresina;PI;Castelo;PI;23;3.694
mai/25;FTL;Dormentes de Madeira;Itapecuru Mirim;MA;Altos;PI;18;6.617
mai/25;FTL;Dormentes de Madeira;Itapecuru Mirim;MA;Castelo;PI;11;5.381
mai/25;FTL;Dormentes de Madeira;Itapecuru Mirim;MA;Pirapemas Novo;MA;20;1.152
mai/25;FTL;Dormentes de Madeira;Itapecuru Mirim;MA;Sombra;PI;11;4.673
mai/25;FTL;Dormentes de Madeira;Pecem;CE;Aracapé;CE;27;1.555
mai/25;FTL;Dormentes de Madeira;Pirapemas Novo;MA;Codó;MA;9;947
mai/25;FTL;Dormentes de Madeira;Pirapemas Novo;MA;Coroatá;MA;8;413
mai/25;FTL;Gasolina;Itaqui;MA;Itarare;PI;8.576;3.971.972
mai/25;FTL;Gasolina;Itaqui;MA;Teresina;PI;7.917;3.635.784
mai/25;FTL;Óleo Diesel;Itaqui;MA;Itarare;PI;5.805;2.688.581
mai/25;FTL;Óleo Diesel;Itaqui;MA;Teresina;PI;11.953;5.495.317
mai/25;FTL;Outros - Indústria Cimenteira e Construção;Fábrica Votorantim Pecém;CE;Aracapé;CE;120;5.621
mai/25;FTL;Pallets de Madeira;São Luis - Tirirical;MA;Pecem;CE;26;30.286
mai/25;FTL;Pó de Pedra;Carga Ferro Gusa e Cruz;MA;Codó;MA;224;51.810
mai/25;FTL;Pó de Pedra;Carga Ferro Gusa e Cruz;MA;Nova Russas;CE;134;100.321
mai/25;FTL;Pó de Pedra;Nova Russas;CE;Sucesso;CE;45;1.263
mai/25;FTL;Prd. Siderúrgicos - Bobina - BF;Aracapé;CE;Teresina;PI;10.002;7.306.499
mai/25;FTL;Produtos Químicos - Perigoso;Crateus;CE;Oficina Demostenes Rockert;CE;2;877
mai/25;MRS;Açúcar;Itirapina;SP;Santos;SP;104.425;41.021.063
mai/25;MRS;Açúcar;Pradopolis;SP;Santos;SP;94.701;51.097.639
mai/25;MRS;Açúcar;Rio Preto Paulista;SP;Santos;SP;12.434;8.338.016
mai/25;MRS;Açúcar;Votuporanga;SP;Santos;SP;15.296;11.796.321
mai/25;MRS;Areia;Cruzeiro;SP;Mooca;SP;19.491;4.565.493
mai/25;MRS;Areia;Cruzeiro;SP;Santo André;SP;1.687;419.184
mai/25;MRS;Areia;Parque Industrial;MG;Água Branca;SP;8.400;6.401.169
mai/25;MRS;Areia;Roseira;SP;Água Branca;SP;15.982;2.949.510
mai/25;MRS;Areia;Roseira;SP;Mooca;SP;13.597;2.422.849
mai/25;MRS;Bauxita;Barão de Angra;RJ;Alumínio;SP;37.012;25.126.447
mai/25;MRS;Calcário Siderúrgico;Itutinga;MG;Volta Redonda;RJ;7.277;1.504.723
mai/25;MRS;Carvão Mineral;Baia Sepetiba;RJ;Volta Redonda;RJ;58.775;6.993.989
mai/25;MRS;Carvão Mineral;Curuputuba;SP;Volta Redonda;RJ;20.390;3.538.460
mai/25;MRS;Carvão Mineral;Porto Sudeste;RJ;Ouro Branco;MG;33.503;15.826.147
mai/25;MRS;Celulose;Pederneiras;SP;Santos;SP;227.606;118.597.747
mai/25;MRS;Celulose;São Silvestre;SP;Barnabé;SP;69.168;6.983.201
mai/25;MRS;Cimento a Granel;Barbacena;MG;Santo André;SP;37.150;24.597.609
mai/25;MRS;Cimento a Granel;Pedra do Sino;MG;São Bento;SP;40.896;26.648.856
mai/25;MRS;Cimento acondicionado;Capuava;SP;Água Branca;SP;425;11.942
mai/25;MRS;Cimento acondicionado;Pedra do Sino;MG;Arará;RJ;6.172;3.274.480
mai/25;MRS;Cimento acondicionado;Volta Redonda;RJ;Água Branca;SP;72;25.063
mai/25;MRS;Cimento acondicionado;Volta Redonda;RJ;Arará;RJ;25.256;3.653.608
mai/25;MRS;Cimento acondicionado;Volta Redonda;RJ;Benfica;MG;1.822;394.504
mai/25;MRS;Cimento acondicionado;Volta Redonda;RJ;Capuava;SP;1.076;387.442
mai/25;MRS;Cimento acondicionado;Volta Redonda;RJ;Deodoro;RJ;144;17.655
mai/25;MRS;Cimento acondicionado;Volta Redonda;RJ;Pedrasil;SP;3.029;507.581
mai/25;MRS;Cimento acondicionado;Volta Redonda;RJ;São José dos Campos;SP;4.321;1.019.717
mai/25;MRS;Cimento acondicionado;Wilson Lobato;MG;Água Branca;SP;3.080;2.615.603
mai/25;MRS;Cimento acondicionado;Wilson Lobato;MG;Capuava;SP;140;120.567
mai/25;MRS;Contêiner Cheio de 20 Pés;Arará;RJ;Conceiçãozinha;SP;43;22.806
mai/25;MRS;Contêiner Cheio de 20 Pés;Arará;RJ;Eldorado;MG;7.039;4.523.336
mai/25;MRS;Contêiner Cheio de 20 Pés;Arará;RJ;Floriano;RJ;8.551;1.472.396
mai/25;MRS;Contêiner Cheio de 20 Pés;Barnabé;SP;Curuputuba;SP;2.733;557.553
mai/25;MRS;Contêiner Cheio de 20 Pés;Barnabé;SP;Jundiaí;SP;158;20.353
mai/25;MRS;Contêiner Cheio de 20 Pés;Brisamar;RJ;Eldorado;MG;115;70.373
mai/25;MRS;Contêiner Cheio de 20 Pés;Conceiçãozinha;SP;Eng. Neiva;SP;2.625;636.832
mai/25;MRS;Contêiner Cheio de 20 Pés;Conceiçãozinha;SP;Jundiaí;SP;269;36.869
mai/25;MRS;Contêiner Cheio de 20 Pés;Curuputuba;SP;Barnabé;SP;2.375;484.519
mai/25;MRS;Contêiner Cheio de 20 Pés;Curuputuba;SP;Brisamar;RJ;717;206.162
mai/25;MRS;Contêiner Cheio de 20 Pés;Curuputuba;SP;Conceiçãozinha;SP;2.767;587.076
mai/25;MRS;Contêiner Cheio de 20 Pés;Eldorado;MG;Arará;RJ;4.018;2.341.692
mai/25;MRS;Contêiner Cheio de 20 Pés;Eldorado;MG;Brisamar;RJ;320;176.682
mai/25;MRS;Contêiner Cheio de 20 Pés;Eldorado;MG;Conceiçãozinha;SP;1.197;961.375
mai/25;MRS;Contêiner Cheio de 20 Pés;Final Ramal das Fábricas;SP;Eldorado;MG;2.151;2.070.404
mai/25;MRS;Contêiner Cheio de 20 Pés;Itutinga;MG;Brisamar;RJ;598;191.822
mai/25;MRS;Contêiner Cheio de 20 Pés;Itutinga;MG;Conceiçãozinha;SP;1.219;693.962
mai/25;MRS;Contêiner Cheio de 20 Pés;Itutinga;MG;Final Ramal das Fábricas;SP;702;403.971
mai/25;MRS;Contêiner Cheio de 20 Pés;Jundiaí;SP;Conceiçãozinha;SP;106;14.528
mai/25;MRS;Contêiner Cheio de 20 Pés - Perigoso;Conceiçãozinha;SP;Eng. Neiva;SP;1.222;296.460
mai/25;MRS;Contêiner Cheio de 40 Pés;Arará;RJ;Edmar Alves;SP;1.553;568.789
mai/25;MRS;Contêiner Cheio de 40 Pés;Arará;RJ;Floriano;RJ;1.362;234.522
mai/25;MRS;Contêiner Cheio de 40 Pés;Arará;RJ;Itatiaia;RJ;35;7.102
mai/25;MRS;Contêiner Cheio de 40 Pés;Arará;RJ;Manoel Feio;SP;549;249.304
mai/25;MRS;Contêiner Cheio de 40 Pés;Arará;RJ;MultiTerminais;RJ;294;58.527
mai/25;MRS;Contêiner Cheio de 40 Pés;Arará;RJ;Prudente de Morais;MG;161;120.292
mai/25;MRS;Contêiner Cheio de 40 Pés;Barnabé;SP;Curuputuba;SP;3.955;806.851
mai/25;MRS;Contêiner Cheio de 40 Pés;Barnabé;SP;Jundiaí;SP;9.384;1.209.587
mai/25;MRS;Contêiner Cheio de 40 Pés;Boa Vista Velha;SP;Barnabé;SP;609;110.294
mai/25;MRS;Contêiner Cheio de 40 Pés;Brisamar;RJ;Floriano;RJ;2.652;375.318
mai/25;MRS;Contêiner Cheio de 40 Pés;Brisamar;RJ;MultiTerminais;RJ;1.060;178.787
mai/25;MRS;Contêiner Cheio de 40 Pés;Conceiçãozinha;SP;Curuputuba;SP;4.407;935.037
mai/25;MRS;Contêiner Cheio de 40 Pés;Conceiçãozinha;SP;Eng. Neiva;SP;974;236.295
mai/25;MRS;Contêiner Cheio de 40 Pés;Conceiçãozinha;SP;Jundiaí;SP;11.780;1.614.587
mai/25;MRS;Contêiner Cheio de 40 Pés;Cragea;SP;Conceiçãozinha;SP;525;28.027
mai/25;MRS;Contêiner Cheio de 40 Pés;Curuputuba;SP;Barnabé;SP;2.213;451.469
mai/25;MRS;Contêiner Cheio de 40 Pés;Curuputuba;SP;Brisamar;RJ;586;168.495
mai/25;MRS;Contêiner Cheio de 40 Pés;Eldorado;MG;Brisamar;RJ;151;83.372
mai/25;MRS;Contêiner Cheio de 40 Pés;Eldorado;MG;Conceiçãozinha;SP;125;100.081
mai/25;MRS;Contêiner Cheio de 40 Pés;Floriano;RJ;Arará;RJ;960;165.302
mai/25;MRS;Contêiner Cheio de 40 Pés;Floriano;RJ;Brisamar;RJ;362;51.231
mai/25;MRS;Contêiner Cheio de 40 Pés;Jundiaí;SP;Arará;RJ;851;465.844
mai/25;MRS;Contêiner Cheio de 40 Pés;Jundiaí;SP;Barnabé;SP;2.599;334.968
mai/25;MRS;Contêiner Cheio de 40 Pés;Jundiaí;SP;Brisamar;RJ;186;96.114
mai/25;MRS;Contêiner Cheio de 40 Pés;Jundiaí;SP;Conceiçãozinha;SP;21.168;2.901.262
mai/25;MRS;Contêiner Cheio de 40 Pés;Manoel Feio;SP;Arará;RJ;288;130.782
mai/25;MRS;Contêiner Cheio de 40 Pés;Manoel Feio;SP;Barnabé;SP;760;53.652
mai/25;MRS;Contêiner Cheio de 40 Pés;Manoel Feio;SP;Conceiçãozinha;SP;972;76.553
mai/25;MRS;Contêiner Cheio de 40 Pés - Perigoso;Conceiçãozinha;SP;Eng. Neiva;SP;1.370;332.366
mai/25;MRS;Contêiner Vazio de 20 Pés;Arará;RJ;Curuputuba;SP;51;16.228
mai/25;MRS;Contêiner Vazio de 20 Pés;Arará;RJ;Eldorado;MG;212;136.231
mai/25;MRS;Contêiner Vazio de 20 Pés;Arará;RJ;Floriano;RJ;2;344
mai/25;MRS;Contêiner Vazio de 20 Pés;Arará;RJ;Itutinga;MG;115;71.381
mai/25;MRS;Contêiner Vazio de 20 Pés;Couto e Silva;MG;Arará;RJ;7;4.192
mai/25;MRS;Contêiner Vazio de 20 Pés;Cragea;SP;Conceiçãozinha;SP;603;32.191
mai/25;MRS;Contêiner Vazio de 20 Pés;Curuputuba;SP;Conceiçãozinha;SP;37;7.850
mai/25;MRS;Contêiner Vazio de 20 Pés;Eldorado;MG;Arará;RJ;316;184.164
mai/25;MRS;Contêiner Vazio de 20 Pés;Eng. Neiva;SP;Conceiçãozinha;SP;267;64.774
mai/25;MRS;Contêiner Vazio de 20 Pés;Final Ramal das Fábricas;SP;Eldorado;MG;48;46.201
mai/25;MRS;Contêiner Vazio de 20 Pés;Final Ramal das Fábricas;SP;Itutinga;MG;90;51.773
mai/25;MRS;Contêiner Vazio de 20 Pés;Floriano;RJ;Arará;RJ;526;90.571
mai/25;MRS;Contêiner Vazio de 20 Pés;Floriano;RJ;Eldorado;MG;41;24.533
mai/25;MRS;Contêiner Vazio de 20 Pés;Itatiaia;RJ;Arará;RJ;2;405
mai/25;MRS;Contêiner Vazio de 40 Pés;Arará;RJ;Eldorado;MG;17;10.924
mai/25;MRS;Contêiner Vazio de 40 Pés;Conceiçãozinha;SP;Manoel Feio;SP;170;13.389
mai/25;MRS;Contêiner Vazio de 40 Pés;Curuputuba;SP;Conceiçãozinha;SP;245;51.981
mai/25;MRS;Contêiner Vazio de 40 Pés;Dias Tavares;MG;Eldorado;MG;14;4.875
mai/25;MRS;Contêiner Vazio de 40 Pés;Edmar Alves;SP;Arará;RJ;282;103.283
mai/25;MRS;Contêiner Vazio de 40 Pés;Eldorado;MG;Arará;RJ;7;4.079
mai/25;MRS;Contêiner Vazio de 40 Pés;Eng. Neiva;SP;Conceiçãozinha;SP;500;121.301
mai/25;MRS;Contêiner Vazio de 40 Pés;Floriano;RJ;Arará;RJ;248;42.702
mai/25;MRS;Contêiner Vazio de 40 Pés;Floriano;RJ;Brisamar;RJ;493;69.770
mai/25;MRS;Contêiner Vazio de 40 Pés;Floriano;RJ;Eldorado;MG;17;10.157
mai/25;MRS;Contêiner Vazio de 40 Pés;Itatiaia;RJ;Arará;RJ;105;21.307
mai/25;MRS;Contêiner Vazio de 40 Pés;Manoel Feio;SP;Arará;RJ;3;1.362
mai/25;MRS;Contêiner Vazio de 40 Pés;Nova Granja;MG;Brisamar;RJ;20;12.342
mai/25;MRS;Contêiner Vazio de 40 Pés;Prudente de Morais;MG;Arará;RJ;27;18.558
mai/25;MRS;Coque;Baia Sepetiba;RJ;Sarzedo Novo;MG;15.886;9.290.482
mai/25;MRS;Coque;Baia Sepetiba;RJ;Volta Redonda;RJ;85.888;10.220.328
mai/25;MRS;Coque;Baia Sepetiba;RJ;Wilson Lobato;MG;1.326;932.339
mai/25;MRS;Coque;Curuputuba;SP;Ouro Branco;MG;18.274;10.997.713
mai/25;MRS;Coque;Curuputuba;SP;Vespasiano;MG;6.000;4.825.350
mai/25;MRS;Coque;Vespasiano;MG;Ouro Branco;MG;10.043;2.225.046
mai/25;MRS;Escória;Ouro Branco;MG;Wilson Lobato;MG;14.711;3.646.739
mai/25;MRS;Escória;Siderúrgica do Atlântico;RJ;São Bento;SP;880;368.672
mai/25;MRS;Ferro Gusa;Prudente de Morais;MG;Arará;RJ;42.978;29.568.180
mai/25;MRS;Ferro Gusa;São Bento;SP;Arará;RJ;22.621;9.808.758
mai/25;MRS;Ferro Gusa;Sarzedo Novo;MG;Arará;RJ;135.710;74.797.280
mai/25;MRS;Ferro Gusa;Sarzedo Novo;MG;Itaguai;RJ;18.967;10.014.803
mai/25;MRS;Minério de Ferro;Carlos Newlands;MG;Baia Sepetiba;RJ;14.574;7.457.909
mai/25;MRS;Minério de Ferro;Carlos Newlands;MG;Brisamar;RJ;153.689;77.878.365
mai/25;MRS;Minério de Ferro;Carlos Newlands;MG;Porto Sudeste;RJ;227.771;116.101.027
mai/25;MRS;Minério de Ferro;Casa de Pedra;MG;Baia Sepetiba;RJ;1.761.753;777.128.626
mai/25;MRS;Minério de Ferro;Casa de Pedra;MG;Porto Sudeste;RJ;56.819;24.949.846
mai/25;MRS;Minério de Ferro;Casa de Pedra;MG;Volta Redonda;RJ;196.995;63.455.044
mai/25;MRS;Minério de Ferro;Curuputuba;SP;Volta Redonda;RJ;22.325;3.874.369
mai/25;MRS;Minério de Ferro;Dr. Joaquim Murtinho;MG;Baia Sepetiba;RJ;297.570;135.697.573
mai/25;MRS;Minério de Ferro;Dr. Joaquim Murtinho;MG;Brisamar;RJ;184.026;82.999.222
mai/25;MRS;Minério de Ferro;Dr. Joaquim Murtinho;MG;Porto Sudeste;RJ;242.591;110.140.922
mai/25;MRS;Minério de Ferro;Guaiba;RJ;Pires;MG;10.400;5.658.858
mai/25;MRS;Minério de Ferro;Itutinga;MG;Volta Redonda;RJ;95.372;19.720.831
mai/25;MRS;Minério de Ferro;Olhos D Água;MG;Baia Sepetiba;RJ;298.256;164.335.178
mai/25;MRS;Minério de Ferro;Olhos D Água;MG;Guaiba;RJ;634.866;363.846.148
mai/25;MRS;Minério de Ferro;Olhos D Água;MG;Siderúrgica do Atlântico;RJ;30.388;17.077.660
mai/25;MRS;Minério de Ferro;Otavio Dapieve;MG;Baia Sepetiba;RJ;930.266;450.786.437
mai/25;MRS;Minério de Ferro;Otavio Dapieve;MG;Guaiba;RJ;1.624.857;823.311.792
mai/25;MRS;Minério de Ferro;Otavio Dapieve;MG;Sarzedo Novo;MG;1.265;197.782
mai/25;MRS;Minério de Ferro;Otavio Dapieve;MG;Siderúrgica do Atlântico;RJ;219.933;108.993.956
mai/25;MRS;Minério de Ferro;Otavio Dapieve;MG;Volta Redonda;RJ;87.517;31.994.639
mai/25;MRS;Minério de Ferro;Pires;MG;Baia Sepetiba;RJ;1.287.743;583.880.703
mai/25;MRS;Minério de Ferro;Pires;MG;Guaiba;RJ;428.184;203.616.050
mai/25;MRS;Minério de Ferro;Pires;MG;Porto Sudeste;RJ;145.861;65.843.697
mai/25;MRS;Minério de Ferro;Pires;MG;Siderúrgica do Atlântico;RJ;217.141;100.843.320
mai/25;MRS;Minério de Ferro;Sarzedo;MG;Baia Sepetiba;RJ;85.718;45.294.162
mai/25;MRS;Minério de Ferro;Sarzedo;MG;Brisamar;RJ;309.745;162.123.320
mai/25;MRS;Minério de Ferro;Sarzedo;MG;Guaiba;RJ;27.192;14.969.984
mai/25;MRS;Minério de Ferro;Sarzedo;MG;Porto Sudeste;RJ;109.662;58.267.587
mai/25;MRS;Minério de Ferro;Sarzedo Novo;MG;Baia Sepetiba;RJ;331.805;174.201.606
mai/25;MRS;Minério de Ferro;Sarzedo Novo;MG;Brisamar;RJ;49.801;25.897.117
mai/25;MRS;Minério de Ferro;Sarzedo Novo;MG;Guaiba;RJ;29.406;16.088.963
mai/25;MRS;Minério de Ferro;Sarzedo Novo;MG;Porto Sudeste;RJ;954.445;499.186.186
mai/25;MRS;Minério de Ferro;Sarzedo Novo;MG;Siderúrgica do Atlântico;RJ;15.333;8.218.671
mai/25;MRS;Minério de Ferro;Viga;MG;Baia Sepetiba;RJ;59.829;26.137.614
mai/25;MRS;Minério de Ferro;Viga;MG;Guaiba;RJ;221.283;101.567.126
mai/25;MRS;Minério de Ferro Especial - MRS distancia menor 100 km;Cel. João Carlos Guedes;MG;Dias Tavares;MG;24.286;12.781.746
mai/25;MRS;Minério de Ferro Especial - MRS distancia menor 100 km;Itaguai;RJ;Pires;MG;16.642;7.595.641
mai/25;MRS;Minério de Ferro Especial - MRS distancia menor 100 km;Otavio Dapieve;MG;Ouro Branco;MG;53.021;5.154.448
mai/25;MRS;Minério de Ferro Especial - MRS distancia menor 100 km;Viga;MG;Ouro Branco;MG;5.554;159.521
mai/25;MRS;Óleo Diesel;Embiruçu;MG;Cel. João Carlos Guedes;MG;3.331;483.144
mai/25;MRS;Outras - Carga Geral Não Conteinerizada;Arará;RJ;Prudente de Morais;MG;1.012;756.122
mai/25;MRS;Outros Graneis Minerais;Arará;RJ;Prudente de Morais;MG;9.396;7.020.287
mai/25;MRS;Outros Graneis Minerais;Arará;RJ;Terminal Paraibuna de Metais;MG;12.285;3.615.303
mai/25;MRS;Prd. Siderúrgicos - Bobina - BF;Arará;RJ;Pulverizacao;RJ;841;93.059
mai/25;MRS;Prd. Siderúrgicos - Bobina - BF;Lafaiete Bandeira;MG;Boa Vista Velha;SP;11.808;9.341.780
mai/25;MRS;Prd. Siderúrgicos - Bobina - BF;Lafaiete Bandeira;MG;Usiminas;SP;5.188;2.793.214
mai/25;MRS;Prd. Siderúrgicos - Bobina - BF;Manoel Feio;SP;Boa Vista Velha;SP;3.136;456.385
mai/25;MRS;Prd. Siderúrgicos - Bobina - BF;Ouro Branco;MG;Barbará;RJ;503;171.759
mai/25;MRS;Prd. Siderúrgicos - Bobina - BF;Ouro Branco;MG;Ipiranga;SP;1.448;967.471
mai/25;MRS;Prd. Siderúrgicos - Bobina - BF;Ouro Branco;MG;Parque Industrial;MG;12.695;2.040.264
mai/25;MRS;Prd. Siderúrgicos - Bobina - BF;Ouro Branco;MG;São Bento;SP;15.171;9.289.930
mai/25;MRS;Prd. Siderúrgicos - Bobina - BF;Ouro Branco;MG;São Caetano do Sul;SP;142;95.471
mai/25;MRS;Prd. Siderúrgicos - Bobina - BF;Parque Industrial;MG;Boa Vista Velha;SP;1.209;1.050.491
mai/25;MRS;Prd. Siderúrgicos - Bobina - BF;Piaçaguera;SP;Barbará;RJ;1.558;566.462
mai/25;MRS;Prd. Siderúrgicos - Bobina - BF;Piaçaguera;SP;Curuputuba;SP;319;63.054
mai/25;MRS;Prd. Siderúrgicos - Bobina - BF;Piaçaguera;SP;Ipiranga;SP;2.942;154.905
mai/25;MRS;Prd. Siderúrgicos - Bobina - BF;Piaçaguera;SP;Pinheirinho;SP;8.225;545.630
mai/25;MRS;Prd. Siderúrgicos - Bobina - BF;Piaçaguera;SP;São Caetano do Sul;SP;2.125;102.983
mai/25;MRS;Prd. Siderúrgicos - Bobina - BF;Piaçaguera;SP;Utinga;SP;13.926;624.706
mai/25;MRS;Prd. Siderúrgicos - Bobina - BF;Volta Redonda;RJ;Boa Vista Velha;SP;1.594;729.549
mai/25;MRS;Prd. Siderúrgicos - Bobina - BF;Volta Redonda;RJ;Ipiranga;SP;1.401;482.987
mai/25;MRS;Prd. Siderúrgicos - Bobina - BF;Volta Redonda;RJ;Replan;SP;68;32.444
mai/25;MRS;Prd. Siderúrgicos - Bobina - BQ;Lafaiete Bandeira;MG;Barbará;RJ;2.220;786.452
mai/25;MRS;Prd. Siderúrgicos - Bobina - BQ;Lafaiete Bandeira;MG;Cruzeiro;SP;2.256;1.000.971
mai/25;MRS;Prd. Siderúrgicos - Bobina - BQ;Lafaiete Bandeira;MG;Ipiranga;SP;7.434;5.062.032
mai/25;MRS;Prd. Siderúrgicos - Bobina - BQ;Lafaiete Bandeira;MG;Manoel Feio;SP;3.109;2.007.260
mai/25;MRS;Prd. Siderúrgicos - Bobina - BQ;Lafaiete Bandeira;MG;Pinheirinho;SP;3.559;2.308.328
mai/25;MRS;Prd. Siderúrgicos - Bobina - BQ;Lafaiete Bandeira;MG;Usiminas;SP;3.458;1.861.783
mai/25;MRS;Prd. Siderúrgicos - Bobina - BQ;Parque Industrial;MG;Barbará;RJ;1.632;705.041
mai/25;MRS;Prd. Siderúrgicos - Bobina - BQ;Parque Industrial;MG;Cruzeiro;SP;1.134;591.319
mai/25;MRS;Prd. Siderúrgicos - Bobina - BQ;Parque Industrial;MG;Utinga;SP;578;443.023
mai/25;MRS;Prd. Siderúrgicos - Bobina - BQ;Piaçaguera;SP;Cruzeiro;SP;2.465;904.950
mai/25;MRS;Prd. Siderúrgicos - Bobina - BQ;Piaçaguera;SP;Ipiranga;SP;1.030;54.232
mai/25;MRS;Prd. Siderúrgicos - Bobina - BQ;Piaçaguera;SP;Replan;SP;7.686;1.473.465
mai/25;MRS;Prd. Siderúrgicos - Bobina - BQ;Piaçaguera;SP;Usiminas;SP;185;30.801
mai/25;MRS;Prd. Siderúrgicos - Bobina - BQ;Volta Redonda;RJ;Brisamar;RJ;12.117;1.381.289
mai/25;MRS;Prd. Siderúrgicos - Fio Máquina;Dias Tavares;MG;Caçapava;SP;4.633;3.137.897
mai/25;MRS;Prd. Siderúrgicos - Fio Máquina;Dias Tavares;MG;Eldorado;MG;308;107.533
mai/25;MRS;Prd. Siderúrgicos - Fio Máquina;Dias Tavares;MG;Parque Industrial;MG;1.281;445.961
mai/25;MRS;Prd. Siderúrgicos - Fio Máquina;Dias Tavares;MG;Pinheirinho;SP;437;355.364
mai/25;MRS;Prd. Siderúrgicos - Fio Máquina;Itaguai;RJ;São Bento;SP;8.783;3.609.338
mai/25;MRS;Prd. Siderúrgicos - Fio Máquina;Ouro Branco;MG;Barbará;RJ;1.915;653.916
mai/25;MRS;Prd. Siderúrgicos - Fio Máquina;Ouro Branco;MG;Caçapava;SP;14.523;7.794.668
mai/25;MRS;Prd. Siderúrgicos - Fio Máquina;Ouro Branco;MG;Itaguai;RJ;519;243.200
mai/25;MRS;Prd. Siderúrgicos - Outros;Barbará;RJ;Brisamar;RJ;10.635;1.266.873
mai/25;MRS;Prd. Siderúrgicos - Outros;Barbará;RJ;Cruzeiro;SP;2.343;239.878
mai/25;MRS;Prd. Siderúrgicos - Outros;Barbará;RJ;São Caetano do Sul;SP;516;177.404
mai/25;MRS;Prd. Siderúrgicos - Outros;Brisamar;RJ;Volta Redonda;RJ;35.578;4.055.749
mai/25;MRS;Prd. Siderúrgicos - Outros;Caçapava;SP;Curuputuba;SP;2.072;82.413
mai/25;MRS;Prd. Siderúrgicos - Outros;Dias Tavares;MG;Parque Industrial;MG;4.433;1.543.286
mai/25;MRS;Prd. Siderúrgicos - Outros;Eldorado;MG;Volta Redonda;RJ;60;26.538
mai/25;MRS;Prd. Siderúrgicos - Outros;Floriano;RJ;Cruzeiro;SP;1.256;100.456
mai/25;MRS;Prd. Siderúrgicos - Outros;Floriano;RJ;Ipiranga;SP;452;144.614
mai/25;MRS;Prd. Siderúrgicos - Outros;Itaguai;RJ;Caçapava;SP;4.413;1.479.722
mai/25;MRS;Prd. Siderúrgicos - Outros;Itaguai;RJ;Parque Industrial;MG;4.342;2.687.454
mai/25;MRS;Prd. Siderúrgicos - Outros;Itaguai;RJ;Pinheirinho;SP;356;151.075
mai/25;MRS;Prd. Siderúrgicos - Outros;Lafaiete Bandeira;MG;Curuputuba;SP;1.002;510.742
mai/25;MRS;Prd. Siderúrgicos - Outros;Lafaiete Bandeira;MG;Manoel Feio;SP;14.275;9.216.353
mai/25;MRS;Prd. Siderúrgicos - Outros;Lafaiete Bandeira;MG;Piaçaguera;SP;1.867;1.634.178
mai/25;MRS;Prd. Siderúrgicos - Outros;Lafaiete Bandeira;MG;Utinga;SP;6.334;4.362.377
mai/25;MRS;Prd. Siderúrgicos - Outros;Manoel Feio;SP;São Caetano do Sul;SP;3.519;138.968
mai/25;MRS;Prd. Siderúrgicos - Outros;Manoel Feio;SP;Volta Redonda;RJ;3.393;1.049.943
mai/25;MRS;Prd. Siderúrgicos - Outros;Ouro Branco;MG;Caçapava;SP;10.997;5.902.221
mai/25;MRS;Prd. Siderúrgicos - Outros;Ouro Branco;MG;Eng. Cesar de Souza;SP;1.158;765.747
mai/25;MRS;Prd. Siderúrgicos - Outros;Ouro Branco;MG;Itutinga;MG;16.421;2.295.984
mai/25;MRS;Prd. Siderúrgicos - Outros;Ouro Branco;MG;Parque Industrial;MG;6.599;1.060.551
mai/25;MRS;Prd. Siderúrgicos - Outros;Ouro Branco;MG;São Bento;SP;296;181.255
mai/25;MRS;Prd. Siderúrgicos - Outros;Ouro Branco;MG;São Caetano do Sul;SP;1.948;1.309.703
mai/25;MRS;Prd. Siderúrgicos - Outros;Piaçaguera;SP;Manoel Feio;SP;7.953;491.169
mai/25;MRS;Prd. Siderúrgicos - Outros;São Bento;SP;Volta Redonda;RJ;60;17.337
mai/25;MRS;Prd. Siderúrgicos - Outros;Saudade;RJ;Caçapava;SP;143;28.845
mai/25;MRS;Prd. Siderúrgicos - Outros;Saudade;RJ;Eldorado;MG;3.678;2.018.762
mai/25;MRS;Prd. Siderúrgicos - Outros;Saudade;RJ;Floriano;RJ;844;13.440
mai/25;MRS;Prd. Siderúrgicos - Outros;Saudade;RJ;Pinheirinho;SP;3.746;1.089.231
mai/25;MRS;Prd. Siderúrgicos - Outros;Siderúrgica do Atlântico;RJ;Lafaiete Bandeira;MG;1.020;499.168
mai/25;MRS;Prd. Siderúrgicos - Outros;Siderúrgica do Atlântico;RJ;Piaçaguera;SP;87.555;43.882.478
mai/25;MRS;Prd. Siderúrgicos - Outros;Volta Redonda;RJ;Arará;RJ;2.042;295.401
mai/25;MRS;Prd. Siderúrgicos - Outros;Volta Redonda;RJ;Barbará;RJ;14.273;73.177
mai/25;MRS;Prd. Siderúrgicos - Outros;Volta Redonda;RJ;Brisamar;RJ;432;49.246
mai/25;MRS;Prd. Siderúrgicos - Outros;Volta Redonda;RJ;Caçapava;SP;574;122.442
mai/25;MRS;Prd. Siderúrgicos - Outros;Volta Redonda;RJ;Cruzeiro;SP;333;35.800
mai/25;MRS;Prd. Siderúrgicos - Outros;Volta Redonda;RJ;Eldorado;MG;60;34.250
mai/25;MRS;Prd. Siderúrgicos - Outros;Volta Redonda;RJ;Floriano;RJ;2.935;80.791
mai/25;MRS;Prd. Siderúrgicos - Outros;Volta Redonda;RJ;Manoel Feio;SP;38.690;11.972.388
mai/25;MRS;Prd. Siderúrgicos - Outros;Volta Redonda;RJ;Mogi das Cruzes;SP;1.482;492.757
mai/25;MRS;Prd. Siderúrgicos - Outros;Volta Redonda;RJ;Pulverizacao;RJ;5.606;190.657
mai/25;MRS;Prd. Siderúrgicos - Outros;Volta Redonda;RJ;São Bento;SP;11.501;3.323.213
mai/25;MRS;Prd. Siderúrgicos - Placa;Brisamar;RJ;Volta Redonda;RJ;40.339;4.598.484
mai/25;MRS;Prd. Siderúrgicos - Placa;Cel. João Carlos Guedes;MG;Barreiro;MG;11.632;1.493.199
mai/25;MRS;Prd. Siderúrgicos - Placa;Dias Tavares;MG;Parque Industrial;MG;71;24.717
mai/25;MRS;Prd. Siderúrgicos - Placa;Itaguai;RJ;Parque Industrial;MG;8.213;4.592.167
mai/25;MRS;Prd. Siderúrgicos - Placa;Lafaiete Bandeira;MG;Usiminas;SP;78;41.995
mai/25;MRS;Prd. Siderúrgicos - Placa;Ouro Branco;MG;Caçapava;SP;2.421;1.299.379
mai/25;MRS;Prd. Siderúrgicos - Placa;Ouro Branco;MG;Itaguai;RJ;15.778;7.393.476
mai/25;MRS;Prd. Siderúrgicos - Placa;Ouro Branco;MG;Manoel Feio;SP;1.034;654.358
mai/25;MRS;Prd. Siderúrgicos - Placa;Ouro Branco;MG;Parque Industrial;MG;6.192;995.141
mai/25;MRS;Prd. Siderúrgicos - Placa;Ouro Branco;MG;Pinheirinho;SP;5.274;3.300.310
mai/25;MRS;Prd. Siderúrgicos - Placa;Ouro Branco;MG;São Bento;SP;1.763;1.079.569
mai/25;MRS;Prd. Siderúrgicos - Placa;Siderúrgica do Atlântico;RJ;Eldorado;MG;1.368;859.027
mai/25;MRS;Prd. Siderúrgicos - Placa;Siderúrgica do Atlântico;RJ;Horto Florestal;MG;6.584;4.235.546
mai/25;MRS;Prd. Siderúrgicos - Tubos;Barreiro;MG;Arará;RJ;6.553;3.785.156
mai/25;MRS;Prd. Siderúrgicos - Tubos;Brisamar;RJ;Curuputuba;SP;886;254.756
mai/25;MRS;Prd. Siderúrgicos - Tubos;Cel. João Carlos Guedes;MG;Arará;RJ;5.979;2.686.077
mai/25;MRS;Prd. Siderúrgicos - Tubos;Cel. João Carlos Guedes;MG;Barreiro;MG;10.371;1.331.324
mai/25;MRS;Prd. Siderúrgicos - Tubos;Curuputuba;SP;Arará;RJ;5.544;1.768.380
mai/25;MRS;Prd. Siderúrgicos - Tubos;Eldorado;MG;Barreiro;MG;2.242;11.611
mai/25;MRS;Prd. Siderúrgicos - Vergalhões;Dias Tavares;MG;Arará;RJ;135;91.622
mai/25;MRS;Prd. Siderúrgicos - Vergalhões;Itaguai;RJ;Caçapava;SP;947;317.538
mai/25;MRS;Prd. Siderúrgicos - Vergalhões;Volta Redonda;RJ;Eldorado;MG;1.847;1.054.356
mai/25;MRS;Prd. Siderúrgicos - Vergalhões;Volta Redonda;RJ;Manoel Feio;SP;9.718;3.007.176
mai/25;MRS;Soja;Pederneiras;SP;Conceiçãozinha;SP;50.240;26.451.217
mai/25;MRS;Soja;Pederneiras;SP;Estação TUF;SP;14.199;7.226.409
mai/25;MRS;Soja;Pederneiras;SP;Santos;SP;152.918;79.680.366
mai/25;MRS;Sucata;Eldorado;MG;Itaguai;RJ;1.164;651.995
mai/25;RMC;Açúcar;Iturama;MG;Conceiçãozinha;SP;3.423;3.107.073
mai/25;RMC;Açúcar;Iturama;MG;Santos;SP;123.230;110.967.862
mai/25;RMC;Adubo Orgânico a Granel;Cubatão;SP;Rio Verde;GO;2.647;3.170.934
mai/25;RMC;Adubo Orgânico a Granel;Estação TUF;SP;Rio Verde;GO;3.940;4.693.572
mai/25;RMC;Alumínio;Anápolis;GO;Alumínio;SP;73.858;101.564.351
mai/25;RMC;Cloreto de Potássio;Conceiçãozinha;SP;Rio Verde;GO;2.900;3.535.593
mai/25;RMC;Cloreto de Potássio;Cubatão;SP;Rio Verde;GO;2.075;2.490.537
mai/25;RMC;Cloreto de Potássio;Santos;SP;Rio Verde;GO;2.934;3.520.034
mai/25;RMN;Álcool;Chapadao do Sul;MS;Replan;SP;45.801;43.093.847
mai/25;RMN;Álcool;Rondonópolis;MT;Replan;SP;144.273;201.225.737
mai/25;RMN;Álcool;T. Olacyr F. Morais;MS;Replan;SP;1.101;1.158.766
mai/25;RMN;Celulose;Aparecida do Taboado;MS;Barnabé;SP;228.012;211.235.279
mai/25;RMN;Celulose;Aparecida do Taboado;MS;Santos;SP;6.144;5.697.835
mai/25;RMN;Celulose;Chapadao do Sul;MS;Barnabé;SP;142.700;169.824.273
mai/25;RMN;Celulose;Chapadao do Sul;MS;Santos;SP;79.872;95.173.797
mai/25;RMN;Contêiner cheio 53 pés;Rondonópolis;MT;Boa Vista Nova;SP;294;403.964
mai/25;RMN;Contêiner Cheio de 20 Pés;Rondonópolis;MT;Cubatão;SP;9.087;14.794.390
mai/25;RMN;Contêiner Cheio de 40 Pés;Rondonópolis;MT;Boa Vista Nova;SP;54.768;75.246.900
mai/25;RMN;Contêiner Cheio de 40 Pés;Rondonópolis;MT;Cubatão;SP;61.875;100.737.634
mai/25;RMN;Contêiner Vazio de 40 Pés;Rondonópolis;MT;Boa Vista Nova;SP;52;71.248
mai/25;RMN;Farelo de Soja;Alto Araguaia;MT;Santos;SP;69.090;96.717.565
mai/25;RMN;Farelo de Soja;Rondonópolis;MT;Santos;SP;398.525;654.625.151
mai/25;RMN;Óleo Diesel;Rondonópolis;MT;Replan;SP;10.590;14.757.292
mai/25;RMN;Óleo Diesel;T. Olacyr F. Morais;MS;Replan;SP;5.035;5.299.176
mai/25;RMN;Soja;Alto Araguaia;MT;Conceiçãozinha;SP;39.510;55.645.155
mai/25;RMN;Soja;Alto Araguaia;MT;Santos;SP;38.545;53.853.295
mai/25;RMN;Soja;Chapadao do Sul;MS;Conceiçãozinha;SP;23.971;28.716.482
mai/25;RMN;Soja;Chapadao do Sul;MS;Santos;SP;160.256;190.709.099
mai/25;RMN;Soja;Itiquira;MT;Conceiçãozinha;SP;27.733;42.217.528
mai/25;RMN;Soja;Rondonópolis;MT;Conceiçãozinha;SP;482.532;795.094.362
mai/25;RMN;Soja;Rondonópolis;MT;Estação TUF;SP;53.426;87.797.305
mai/25;RMN;Soja;Rondonópolis;MT;Santos;SP;1.108.895;1.824.573.691
mai/25;RMO;Minério de Ferro;Antônio Maria Coelho;MS;Porto Esperança;MS;229.192;10.651.698
mai/25;RMP;Açúcar;Fernandopolis;SP;Santos;SP;46.129;37.106.291
mai/25;RMP;Açúcar;Itirapina;SP;Santos;SP;3.737;1.461.321
mai/25;RMP;Açúcar;Rio Preto Paulista;SP;Santos;SP;39.167;26.228.393
mai/25;RMP;Açúcar;Santa Adélia;SP;Santos;SP;40.296;23.351.199
mai/25;RMP;Açúcar;Votuporanga;SP;Santos;SP;23.048;17.733.406
mai/25;RMP;Adubo Orgânico a Granel;Conceiçãozinha;SP;Rondonópolis;MT;2.398;3.958.764
mai/25;RMP;Adubo Orgânico a Granel;Cubatão;SP;Rondonópolis;MT;307;503.361
mai/25;RMP;Adubo Orgânico a Granel;Estação TUF;SP;Rondonópolis;MT;18.853;30.982.755
mai/25;RMP;Cloreto de Potássio;Conceiçãozinha;SP;Rondonópolis;MT;35.753;59.020.363
mai/25;RMP;Cloreto de Potássio;Santos;SP;Rondonópolis;MT;32.758;53.966.805
mai/25;RMP;Contêiner Cheio de 40 Pés;Boa Vista Nova;SP;Rondonópolis;MT;373;511.103
mai/25;RMP;Contêiner Cheio de 40 Pés;Boa Vista Velha;SP;Rondonópolis;MT;24.524;33.569.995
mai/25;RMP;Contêiner Cheio de 40 Pés;Cubatão;SP;Rondonópolis;MT;3.262;5.310.806
mai/25;RMP;Contêiner Vazio de 20 Pés;Cubatão;SP;Rondonópolis;MT;868;1.416.072
mai/25;RMP;Contêiner Vazio de 40 Pés;Boa Vista Velha;SP;Rondonópolis;MT;3.023;4.138.072
mai/25;RMP;Contêiner Vazio de 40 Pés;Cubatão;SP;Rondonópolis;MT;6.669;10.879.939
mai/25;RMP;Farelo de Soja;Rio Verde;GO;Santos;SP;118.124;142.149.829
mai/25;RMP;Farelo de Soja;São Simão;GO;Santos;SP;21.366;21.136.657
mai/25;RMP;Fosfato;Cubatão;SP;Rondonópolis;MT;685;1.123.136
mai/25;RMP;Fosfato;Estação TUF;SP;Rondonópolis;MT;4.155;6.828.268
mai/25;RMP;Gasolina;Replan;SP;Rio Verde;GO;44;41.919
mai/25;RMP;Gasolina;Replan;SP;Rondonópolis;MT;12.413;17.297.662
mai/25;RMP;Gasolina;Replan;SP;T. Olacyr F. Morais;MS;1.142;1.201.917
mai/25;RMP;Óleo Diesel;Replan;SP;Rio Preto Paulista;SP;4.231;1.776.579
mai/25;RMP;Óleo Diesel;Replan;SP;Rio Verde;GO;48;45.730
mai/25;RMP;Óleo Diesel;Replan;SP;Rondonópolis;MT;95.071;132.482.574
mai/25;RMP;Óleo Diesel;Replan;SP;T. Olacyr F. Morais;MS;5.522;5.811.722
mai/25;RMP;Soja;Rio Verde;GO;Conceiçãozinha;SP;223.745;270.714.830
mai/25;RMP;Soja;Rio Verde;GO;Santos;SP;328.734;395.061.552
mai/25;RMP;Soja;São Simão;GO;Conceiçãozinha;SP;26.560;26.338.812
mai/25;RMP;Soja;São Simão;GO;Santos;SP;25.751;25.382.137
mai/25;RMS;Açúcar;Londrina;PR;D Pedro II;PR;74.696;47.133.796
mai/25;RMS;Açúcar;Marialva;PR;D Pedro II;PR;127.356;78.984.473
mai/25;RMS;Açúcar;Maringa;PR;D Pedro II;PR;189.735;123.661.226
mai/25;RMS;Açúcar;Rolandia;PR;D Pedro II;PR;79.973;49.296.593
mai/25;RMS;Adubo Orgânico a Granel;D Pedro II;PR;Cará-Cará;PR;1.835;440.174
mai/25;RMS;Adubo Orgânico a Granel;km 5;PR;Cará-Cará;PR;3.161;744.582
mai/25;RMS;Adubo Orgânico a Granel;km 5;PR;Guarapuava;PR;2.631;1.269.144
mai/25;RMS;Adubo Orgânico a Granel;Rio Grande;RS;Cruz Alta;RS;16.746;12.357.575
mai/25;RMS;Álcool;Eng. Vicente Montanha;PR;Araucária Terminal;PR;1.985;1.019.634
mai/25;RMS;Álcool;Londrina;PR;Araucária Terminal;PR;12.203;6.174.958
mai/25;RMS;Álcool;Sarandi;PR;Araucária Terminal;PR;5.780;2.953.178
mai/25;RMS;Calcário Corretivo;Tranqueira;PR;Maringa;PR;7.977;4.680.903
mai/25;RMS;Celulose;Ortigueira;PR;km 5;PR;64.448;29.459.116
mai/25;RMS;Cimento acondicionado;Apiai;SP;Londrina;PR;7.736;4.469.806
mai/25;RMS;Cimento acondicionado;Apiai;SP;Uvaranas;PR;8.940;1.739.026
mai/25;RMS;Cimento acondicionado;Rio Branco do Sul;PR;Cascavel;PR;9.248;6.339.522
mai/25;RMS;Cimento acondicionado;Rio Branco do Sul;PR;Londrina;PR;11.222;6.527.960
mai/25;RMS;Cimento acondicionado;Rio Branco do Sul;PR;Maringa;PR;22.914;13.804.768
mai/25;RMS;Cloreto de Potássio;km 5;PR;Desvio Ribas;PR;169;38.163
mai/25;RMS;Cloreto de Potássio;km 5;PR;Guarapuava;PR;1.070;516.147
mai/25;RMS;Cloreto de Potássio;Rio Grande;RS;Cruz Alta;RS;8.929;6.589.084
mai/25;RMS;Cloreto de Potássio;São Francisco do Sul;SC;Maringa;PR;994;753.876
mai/25;RMS;Contêiner Cheio de 40 Pés;Cambe;PR;D Pedro II;PR;39.753;24.800.624
mai/25;RMS;Contêiner Cheio de 40 Pés;Cascavel;PR;D Pedro II;PR;37.769;27.752.622
mai/25;RMS;Contêiner Cheio de 40 Pés;Ortigueira;PR;D Pedro II;PR;64.823;29.910.823
mai/25;RMS;Contêiner Vazio de 40 Pés;D Pedro II;PR;Cambe;PR;5.439;3.393.218
mai/25;RMS;Contêiner Vazio de 40 Pés;D Pedro II;PR;Cascavel;PR;5.154;3.787.154
mai/25;RMS;Contêiner Vazio de 40 Pés;D Pedro II;PR;Ortigueira;PR;9.344;4.311.536
mai/25;RMS;Farelo de Soja;Cruz Alta;RS;Rio Grande;RS;31.640;23.348.484
mai/25;RMS;Farelo de Soja;Desvio Ribas;PR;D Pedro II;PR;87.676;20.178.104
mai/25;RMS;Farelo de Soja;Ijuí;RS;Rio Grande;RS;19.078;15.099.054
mai/25;RMS;Farelo de Soja;Londrina;PR;D Pedro II;PR;16.280;10.272.873
mai/25;RMS;Farelo de Soja;Maringa;PR;D Pedro II;PR;20.101;13.100.967
mai/25;RMS;Fosfato;km 5;PR;Cará-Cará;PR;7.582;1.785.964
mai/25;RMS;Fosfato;Rio Grande;RS;Cruz Alta;RS;2.643;1.950.380
mai/25;RMS;Gasolina;Araucária Terminal;PR;Eng. Vicente Montanha;PR;8.290;4.258.323
mai/25;RMS;Gasolina;Araucária Terminal;PR;Londrina;PR;8.712;4.408.444
mai/25;RMS;Gasolina;Araucária Terminal;PR;Sarandi;PR;2.038;1.041.277
mai/25;RMS;Gasolina;D Pedro II;PR;Sarandi;PR;1.640;1.035.827
mai/25;RMS;Grãos - Cevada;km 5;PR;Guarapuava;PR;2.887;1.392.633
mai/25;RMS;Óleo Diesel;Araucária Terminal;PR;Eng. Vicente Montanha;PR;37.686;19.358.167
mai/25;RMS;Óleo Diesel;Araucária Terminal;PR;Londrina;PR;13.854;7.010.399
mai/25;RMS;Óleo Diesel;Araucária Terminal;PR;Sarandi;PR;1.328;678.516
mai/25;RMS;Óleo Diesel;D Pedro II;PR;Araucária Terminal;PR;42.928;5.365.482
mai/25;RMS;Óleo Diesel;D Pedro II;PR;Londrina;PR;4.007;2.528.449
mai/25;RMS;Óleo Diesel;D Pedro II;PR;Sarandi;PR;5.172;3.266.628
mai/25;RMS;Prd. Siderúrgicos - Bobina - BF;São Francisco do Sul;SC;Araucária Carga;PR;1.518;474.980
mai/25;RMS;Soja;Cacequi;RS;Rio Grande;RS;7.760;3.741.778
mai/25;RMS;Soja;Cascavel;PR;D Pedro II;PR;28.430;20.890.416
mai/25;RMS;Soja;Cruz Alta;RS;Rio Grande;RS;66.870;49.346.192
mai/25;RMS;Soja;J.De Castilhos;RS;Rio Grande;RS;5.978;3.937.318
mai/25;RMS;Soja;Londrina;PR;D Pedro II;PR;37.678;23.775.140
mai/25;RMS;Soja;Londrina;PR;São Francisco do Sul;SC;14.262;10.520.771
mai/25;RMS;Soja;Marialva;PR;D Pedro II;PR;54.100;33.552.074
mai/25;RMS;Soja;Marialva;PR;São Francisco do Sul;SC;37.836;27.501.322
mai/25;RMS;Soja;Maringa;PR;D Pedro II;PR;71.001;46.275.617
mai/25;RMS;Soja;Maringa;PR;São Francisco do Sul;SC;257.564;195.343.529
mai/25;RMS;Soja;Rolandia;PR;D Pedro II;PR;19.271;11.887.458
mai/25;RMS;Soja;Rolandia;PR;São Francisco do Sul;SC;40.014;28.826.027
mai/25;RMS;Soja;Tigre;RS;Rio Grande;RS;7.220;4.028.976
mai/25;RMS;Ureia;km 5;PR;Maringa;PR;2.762;1.788.209
jun/25;EFC;Cobre;Paraupebas;PA;Ponta da Madeira Cobre;MA;69.424;60.537.728
jun/25;EFC;Ferro Gusa;Açailândia;MA;Ponta da Madeira Pêra do Píer;MA;15.646;8.225.102
jun/25;EFC;Ferro Gusa;Marabá;PA;Ponta da Madeira Pêra do Píer;MA;36.187;27.166.366
jun/25;EFC;Gasolina;Itaqui Base Combustível;MA;Açailândia;MA;5.852;3.060.596
jun/25;EFC;Gasolina;Itaqui Base Combustível;MA;Marabá;PA;8.553;6.409.124
jun/25;EFC;Minério de Ferro;Açailândia;MA;Ponta da Madeira;MA;57.207;29.347.191
jun/25;EFC;Minério de Ferro;Carajás;PA;Açailândia;MA;65.407;24.723.846
jun/25;EFC;Minério de Ferro;Carajás;PA;Marabá;PA;31.067;4.753.251
jun/25;EFC;Minério de Ferro;Carajás;PA;Ponta da Madeira;MA;7.460.904;6.665.219.792
jun/25;EFC;Minério de Ferro;Marabá;PA;Açailândia;MA;9.528;2.143.800
jun/25;EFC;Minério de Ferro;Marabá;PA;Ponta da Madeira;MA;11.882;8.768.916
jun/25;EFC;Minério de Ferro;Serra Leste;PA;Açailândia;MA;32.432;10.324.467
jun/25;EFC;Minério de Ferro;Serra Leste;PA;Ponta da Madeira;MA;683.261;568.023.565
jun/25;EFC;Minério de Ferro;Serra Sul;PA;Ponta da Madeira;MA;6.599.098;6.245.293.959
jun/25;EFC;Óleo Diesel;Itaqui Base Combustível;MA;Açailândia;MA;23.489;12.284.747
jun/25;EFC;Óleo Diesel;Itaqui Base Combustível;MA;Marabá;PA;34.879;26.091.250
jun/25;EFPO;Cimento acondicionado;Agrária;PR;Cascavel;PR;5.008;1.204.914
jun/25;EFPO;Soja;Cascavel;PR;Agrária;PR;17.673;4.252.087
jun/25;EFVM;Antracito;Tubarão;ES;Intendente Câmara;MG;84.564;36.625.596
jun/25;EFVM;Calcário Siderúrgico;Intendente Câmara;MG;Prudente de Morais;MG;1.235;351.975
jun/25;EFVM;Carvão Mineral;Tubarão;ES;Bela Vista de Minas;MG;2.615;1.369.982
jun/25;EFVM;Carvão Mineral;Tubarão;ES;Intendente Câmara;MG;69.060;29.910.644
jun/25;EFVM;Carvão Mineral;Tubarão;ES;Ouro Branco;MG;105.410;70.717.039
jun/25;EFVM;Celulose;Aracruz;ES;Frederico Selow;MG;50;18.528
jun/25;EFVM;Celulose;Frederico Selow;MG;Aracruz;ES;97.724;36.213.875
jun/25;EFVM;Cloreto de Potássio;Tubarão;ES;Brejo Alegre;MG;56.730;80.228.755
jun/25;EFVM;Contêiner Cheio de 20 Pés;Tubarão;ES;Nova Granja;MG;7.954;5.416.371
jun/25;EFVM;Coque;Tubarão;ES;Prudente de Morais;MG;29.617;21.339.699
jun/25;EFVM;Coque Metalúrgico;Tubarão;ES;Bela Vista de Minas;MG;25.983;13.612.337
jun/25;EFVM;Ferro Gusa;Aroaba;ES;Pedro Nolasco;ES;3.648;87.817
jun/25;EFVM;Ferro Gusa;Funil;MG;Pedro Nolasco;ES;6.476;4.150.222
jun/25;EFVM;Ferro Gusa;Funil;MG;Tubarão;ES;5.982;3.820.278
jun/25;EFVM;Minério de Ferro;Barão de Cocais;MG;Intendente Câmara;MG;53.979;9.076.945
jun/25;EFVM;Minério de Ferro;Barão de Cocais;MG;Tubarão;ES;101.014;60.736.484
jun/25;EFVM;Minério de Ferro;Brucutu;MG;Tubarão;ES;2.476.652;1.447.106.734
jun/25;EFVM;Minério de Ferro;Capitão Eduardo;MG;Intendente Câmara;MG;70.172;15.452.358
jun/25;EFVM;Minério de Ferro;Conceição;MG;Tubarão;ES;1.323.806;719.474.217
jun/25;EFVM;Minério de Ferro;Fábrica Muro;MG;Tubarão;ES;51.213;34.649.486
jun/25;EFVM;Minério de Ferro;Fazendão;MG;Tubarão;ES;1.164.961;693.122.935
jun/25;EFVM;Minério de Ferro;João Correia;MG;Tubarão;ES;126.189;53.622.121
jun/25;EFVM;Minério de Ferro;João Paulo;MG;Tubarão;ES;523.505;283.779.495
jun/25;EFVM;Minério de Ferro;Mário Carvalho;MG;Tubarão;ES;250.991;112.176.662
jun/25;EFVM;Minério de Ferro;Ouro Branco;MG;Intendente Câmara;MG;5.295;1.258.965
jun/25;EFVM;Minério de Ferro;Ouro Branco;MG;Mário Carvalho;MG;20.189;4.515.566
jun/25;EFVM;Minério de Ferro;Ouro Branco;MG;Piraqueaçu;ES;5.772;3.453.052
jun/25;EFVM;Minério de Ferro;Ouro Branco;MG;Tubarão;ES;79.698;54.067.282
jun/25;EFVM;Minério de Ferro;Pátio 206;MG;Intendente Câmara;MG;6.263;1.026.624
jun/25;EFVM;Minério de Ferro;Pátio 206;MG;Tubarão;ES;353.025;211.180.421
jun/25;EFVM;Minério de Ferro;Piraqueaçu;ES;Tubarão;ES;11.600;842.553
jun/25;EFVM;Minério de Ferro;Timbopeba;MG;Intendente Câmara;MG;12.176;2.256.894
jun/25;EFVM;Minério de Ferro;Timbopeba;MG;Piraqueaçu;ES;9.109;4.971.992
jun/25;EFVM;Minério de Ferro;Timbopeba;MG;Tubarão;ES;967.274;594.496.336
jun/25;EFVM;Minério de Ferro;Tubarão;ES;Intendente Câmara;MG;26.841;11.839.404
jun/25;EFVM;Minério de Ferro;Tubarão;ES;Mário Carvalho;MG;4.334;1.937.016
jun/25;EFVM;Minério de Ferro;Tubarão;ES;Pedro Nolasco;ES;3.448;93.836
jun/25;EFVM;Minério de Ferro;Tubarão;ES;Piraqueaçu;ES;59.051;4.760.513
jun/25;EFVM;Prd. Siderúrgicos - Bobina - BF;Intendente Câmara;MG;Capitão Eduardo;MG;27.042;5.865.609
jun/25;EFVM;Prd. Siderúrgicos - Bobina - BF;Intendente Câmara;MG;Carreira Comprida;MG;3.791;847.023
jun/25;EFVM;Prd. Siderúrgicos - Bobina - BF;Intendente Câmara;MG;Couto e Silva;MG;1.882;477.943
jun/25;EFVM;Prd. Siderúrgicos - Bobina - BF;Intendente Câmara;MG;Embiruçu;MG;29.314;7.245.784
jun/25;EFVM;Prd. Siderúrgicos - Bobina - BF;Intendente Câmara;MG;Lafaiete Bandeira;MG;29.511;6.573.752
jun/25;EFVM;Prd. Siderúrgicos - Bobina - BF;Intendente Câmara;MG;Pedro Nolasco;ES;1.535;668.498
jun/25;EFVM;Prd. Siderúrgicos - Bobina - BF;Intendente Câmara;MG;Tubarão;ES;14.158;6.131.985
jun/25;EFVM;Prd. Siderúrgicos - Bobina - BF;Mário Carvalho;MG;Capitão Eduardo;MG;6.501;1.320.183
jun/25;EFVM;Prd. Siderúrgicos - Bobina - BF;Tubarão;ES;Lafaiete Bandeira;MG;23.990;15.734.462
jun/25;EFVM;Prd. Siderúrgicos - Bobina - BF;Tubarão;ES;Parque Industrial;MG;5.651;3.797.356
jun/25;EFVM;Prd. Siderúrgicos - Fio Máquina;João Monlevade;MG;Aracruz;ES;5.187;2.598.790
jun/25;EFVM;Prd. Siderúrgicos - Fio Máquina;João Monlevade;MG;Capitão Eduardo;MG;9.722;1.199.256
jun/25;EFVM;Prd. Siderúrgicos - Fio Máquina;João Monlevade;MG;Dr. Lund;MG;6.024;977.733
jun/25;EFVM;Prd. Siderúrgicos - Fio Máquina;João Monlevade;MG;Eldorado;MG;1.857;268.012
jun/25;EFVM;Prd. Siderúrgicos - Fio Máquina;João Monlevade;MG;Governador Valadares;MG;4.907;1.001.714
jun/25;EFVM;Prd. Siderúrgicos - Fio Máquina;João Monlevade;MG;Nova Granja;MG;1.745;271.392
jun/25;EFVM;Prd. Siderúrgicos - Fio Máquina;João Monlevade;MG;Pedro Nolasco;ES;372;196.805
jun/25;EFVM;Prd. Siderúrgicos - Fio Máquina;João Monlevade;MG;Tubarão;ES;1.637;862.132
jun/25;EFVM;Prd. Siderúrgicos - Fio Máquina;Ouro Branco;MG;Tubarão;ES;896;601.104
jun/25;EFVM;Prd. Siderúrgicos - Outros;Intendente Câmara;MG;Capitão Eduardo;MG;7.429;1.616.540
jun/25;EFVM;Prd. Siderúrgicos - Outros;Intendente Câmara;MG;Carreira Comprida;MG;1.045;233.484
jun/25;EFVM;Prd. Siderúrgicos - Outros;Intendente Câmara;MG;Lafaiete Bandeira;MG;10.779;2.427.986
jun/25;EFVM;Prd. Siderúrgicos - Outros;Intendente Câmara;MG;Tubarão;ES;20.138;8.721.988
jun/25;EFVM;Prd. Siderúrgicos - Outros;Ouro Branco;MG;Pedro Nolasco;ES;2.408;1.621.231
jun/25;EFVM;Prd. Siderúrgicos - Outros;Ouro Branco;MG;Tubarão;ES;10.493;7.118.471
jun/25;EFVM;Prd. Siderúrgicos - Placa;Intendente Câmara;MG;Lafaiete Bandeira;MG;613;136.554
jun/25;EFVM;Prd. Siderúrgicos - Placa;Ouro Branco;MG;Mário Carvalho;MG;382;85.545
jun/25;EFVM;Prd. Siderúrgicos - Placa;Tubarão;ES;Intendente Câmara;MG;2.557;1.107.464
jun/25;EFVM;Prd. Siderúrgicos - Tarugo;Ouro Branco;MG;Tubarão;ES;33.448;22.439.460
jun/25;EFVM;Toras de Madeira;Desembargador Drumond;MG;Frederico Selow;MG;21.018;2.283.269
jun/25;EFVM;Toras de Madeira;Eng. Costa Lacerda;MG;Frederico Selow;MG;20.584;3.515.129
jun/25;EFVM;Veículos;Frederico Selow;MG;Intendente Câmara;MG;1;36
jun/25;EFVM;Veículos;Intendente Câmara;MG;Frederico Selow;MG;1;36
jun/25;FCA;Açúcar;Guará;SP;Conceiçãozinha;SP;36.962;24.053.243
jun/25;FCA;Açúcar;Guará;SP;Estação TUF;SP;456.642;292.100.013
jun/25;FCA;Açúcar;Ribeirão Preto;SP;Estação TUF;SP;3.813;2.085.437
jun/25;FCA;Açúcar;Ribeirão Preto;SP;Santos;SP;67.493;37.488.173
jun/25;FCA;Açúcar;Terminal Integrador Uberaba;MG;Estação TUF;SP;149.249;124.602.180
jun/25;FCA;Areia;Pedreira Rio das Velhas;MG;Capitão Eduardo;MG;43.166;281.960
jun/25;FCA;Areia;Roncador Novo;GO;Brasília;DF;3.583;876.283
jun/25;FCA;Bauxita;Bauxita;MG;Alumínio;SP;28.541;7.985.629
jun/25;FCA;Calcário Britado;Terminal Siderúrgico;MG;Calcario;RJ;82.516;39.732.114
jun/25;FCA;Calcário Corretivo;Matozinhos;MG;Tubarão;ES;24.130;17.059.475
jun/25;FCA;Calcário Siderúrgico;Matozinhos;MG;Intendente Câmara;MG;38.201;10.749.646
jun/25;FCA;Calcário Siderúrgico;Nova Granja;MG;Tubarão;ES;22.588;15.509.601
jun/25;FCA;Celulose;LD Celulose;MG;Aracruz;ES;40.320;54.316.120
jun/25;FCA;Clínquer;Terminal Siderúrgico;MG;Calcario;RJ;45.086;21.709.269
jun/25;FCA;Cloreto de Potássio;Estação TUF;SP;Valefertil;MG;4.713;3.275.530
jun/25;FCA;Cloreto de Potássio;Fosfago;GO;Final Ramal das Fábricas;SP;35.077;35.849.816
jun/25;FCA;Contêiner Cheio de 20 Pés;Batista Almeida;MG;Calcario;RJ;1.915;914.043
jun/25;FCA;Contêiner Cheio de 20 Pés;Batista Almeida;MG;Tubarão;ES;9.819;9.594.772
jun/25;FCA;Contêiner Cheio de 20 Pés;Nova Granja;MG;Tubarão;ES;349;239.951
jun/25;FCA;Cromita;Campo Formoso;BA;Irapui;BA;4.891;1.884.932
jun/25;FCA;Cromita;Itiuba;BA;Irapui;BA;15.606;4.712.684
jun/25;FCA;Dolomita;Terminal Siderúrgico;MG;Calcario;RJ;24.053;11.581.711
jun/25;FCA;Enxofre;Estação TUF;SP;Fosfago;GO;7.308;7.325.093
jun/25;FCA;Enxofre;Estação TUF;SP;Valefertil;MG;74.105;51.228.487
jun/25;FCA;Farelo de Soja;Brejo Alegre;MG;Estação TUF;SP;22.551;21.028.268
jun/25;FCA;Farelo de Soja;Ipameri;GO;Santos;SP;5.184;5.358.503
jun/25;FCA;Ferro Gusa;Calsete;MG;Pedro Nolasco;ES;3.114;2.283.404
jun/25;FCA;Ferro Gusa;Paulo Menicucci;MG;Tubarão;ES;266;221.398
jun/25;FCA;Ferro Gusa;Prudente de Morais;MG;Pedro Nolasco;ES;4.350;3.144.679
jun/25;FCA;Ferro Gusa;Prudente de Morais;MG;Tubarão;ES;5.252;3.813.450
jun/25;FCA;Fosfato;Catalão;GO;Valefertil;MG;54.433;16.495.539
jun/25;FCA;Fosfato;Estação TUF;SP;Valefertil;MG;350;241.953
jun/25;FCA;Gasolina;Embiruçu;MG;Governador Valadares;MG;1.790;644.331
jun/25;FCA;LAB - Sulfonato de alquilbenzeno linear;Copec;BA;Vespasiano;MG;411;662.781
jun/25;FCA;Magnesita;Catiboaba;BA;Parque Industrial;MG;9.622;9.861.368
jun/25;FCA;Magnesita;Catiboaba;BA;Porto de Aratu;BA;15.595;9.454.342
jun/25;FCA;Minério de Ferro;Dr. Lund;MG;Tubarão;ES;5.094;3.548.475
jun/25;FCA;Minério de Ferro;Silva Oliveira;MG;Intendente Câmara;MG;140.595;43.498.025
jun/25;FCA;Minério de Ferro;Terminal de Patrocínio;MG;Terminal de Fosfatados;MG;352.064;68.177.545
jun/25;FCA;Óleo Diesel;Embiruçu;MG;Governador Valadares;MG;731;263.132
jun/25;FCA;Outros - adubos e Fertiliz - Perigoso;Estação TUF;SP;Valefertil;MG;22.648;15.740.336
jun/25;FCA;Outros - adubos e Fertilizantes;Estação TUF;SP;Valefertil;MG;4.618;3.209.504
jun/25;FCA;Prd. Siderúrgicos - Placa;Horto Florestal;MG;Intendente Câmara;MG;7.599;1.671.445
jun/25;FCA;Prd. Siderúrgicos - Placa;Parque Industrial;MG;Intendente Câmara;MG;7.574;1.809.193
jun/25;FCA;Soja;Brejo Alegre;MG;Tubarão;ES;204.859;288.314.623
jun/25;FCA;Soja;Pirapora;MG;Tubarão;ES;46.015;48.726.884
jun/25;FCA;Soja;Terminal Integrador Uberaba;MG;Conceiçãozinha;SP;67.043;55.233.684
jun/25;FCA;Soja;Terminal Integrador Uberaba;MG;Estação TUF;SP;356.715;291.632.039
jun/25;FCA;Soja;Terminal Integrador Uberaba;MG;Santos;SP;29.320;23.764.425
jun/25;FCA;Toras de Madeira;Calsete;MG;Aracruz;ES;66.462;47.108.132
jun/25;FNSTN;Álcool;Porto Nacional;TO;Itaqui Base Combustível;MA;4.247;5.296.416
jun/25;FNSTN;Celulose;Suzano;MA;Pátio Esso;MA;145.760;89.726.066
jun/25;FNSTN;Cloreto de Potássio;Ponta da Madeira;MA;Palmeirante;TO;32.571;31.573.415
jun/25;FNSTN;Fosfato;Ponta da Madeira;MA;Palmeirante;TO;14.735;14.283.696
jun/25;FNSTN;Fosfato;Ponta da Madeira Pêra do Píer;MA;Palmeirante;TO;12.866;12.635.338
jun/25;FNSTN;Gasolina;Itaqui Base Combustível;MA;Porto Nacional;TO;10.293;12.822.251
jun/25;FNSTN;Gasolina;Porto Nacional;TO;Itaqui Base Combustível;MA;168;209.244
jun/25;FNSTN;Óleo Diesel;Itaqui Base Combustível;MA;Porto Nacional;TO;46.011;57.309.490
jun/25;FNSTN;Outros - adubos e Fertilizantes;Ponta da Madeira;MA;Palmeirante;TO;6.180;5.957.520
jun/25;FNSTN;Outros - Comb e derivado -  Perigoso;Porto Nacional;TO;Itaqui Base Combustível;MA;3.955;4.926.435
jun/25;FNSTN;Soja;Alvorada;TO;Porto Nacional;TO;29.509;9.503.902
jun/25;FNSTN;Soja;Palmeirante;TO;Ponta da Madeira;MA;7.169;6.949.426
jun/25;FNSTN;Soja;Palmeirante;TO;Ponta da Madeira Pêra do Píer;MA;516.248;505.485.576
jun/25;FNSTN;Soja;Porto Franco;MA;Ponta da Madeira Pêra do Píer;MA;305.884;223.124.204
jun/25;FNSTN;Soja;Porto Nacional;TO;Ponta da Madeira Pêra do Píer;MA;339.624;424.980.763
jun/25;FTC;Carvão Mineral;Mina Novo Horizonte;SC;Capivari;SC;27.756;1.533.824
jun/25;FTC;Carvão Mineral;Rio Fiorita;SC;Capivari;SC;145.502;11.476.331
jun/25;FTC;Carvão Mineral;Sangão;SC;Capivari;SC;2.128;149.068
jun/25;FTC;Carvão Mineral;Urussanga;SC;Capivari;SC;38.617;2.492.968
jun/25;FTC;Contêiner Cheio de 20 Pés;Eng. Paz Ferreira;SC;Imbituba;SC;34.854;3.715.506
jun/25;FTC;Contêiner Cheio de 20 Pés;Imbituba;SC;Eng. Paz Ferreira;SC;90;9.594
jun/25;FTC;Contêiner Cheio de 40 Pés;Eng. Paz Ferreira;SC;Imbituba;SC;5.944;633.642
jun/25;FTC;Contêiner Cheio de 40 Pés;Imbituba;SC;Eng. Paz Ferreira;SC;3.309;352.746
jun/25;FTC;Contêiner Vazio de 20 Pés;Eng. Paz Ferreira;SC;Imbituba;SC;2;213
jun/25;FTC;Contêiner Vazio de 20 Pés;Imbituba;SC;Eng. Paz Ferreira;SC;3.018;321.724
jun/25;FTC;Contêiner Vazio de 40 Pés;Eng. Paz Ferreira;SC;Imbituba;SC;88;9.380
jun/25;FTC;Contêiner Vazio de 40 Pés;Imbituba;SC;Eng. Paz Ferreira;SC;354;37.737
jun/25;FTL;Álcool;Itaqui;MA;Itarare;PI;99;45.851
jun/25;FTL;Areia;Aracapé;CE;Crateus;CE;40;17.526
jun/25;FTL;Areia;Aracapé;CE;São Luis - Tirirical;MA;40;47.345
jun/25;FTL;Areia;Aracapé;CE;Sobral;CE;40;9.223
jun/25;FTL;Areia;Aracapé;CE;Teresina;PI;40;29.220
jun/25;FTL;Celulose;Pátio Esso;MA;Itaqui;MA;146.720;293.440
jun/25;FTL;Cimento acondicionado;Fábrica Votorantim Pecém;CE;Aracapé;CE;11.520;539.642
jun/25;FTL;Cimento acondicionado;Pecem;CE;São Luis - Tirirical;MA;762;887.640
jun/25;FTL;Cimento acondicionado;Pecem;CE;Teresina;PI;764;541.586
jun/25;FTL;Cimento acondicionado;Poty;CE;Teresina;PI;14.965;7.512.493
jun/25;FTL;Cimento acondicionado;Teresina;PI;Pecem;CE;44;31.190
jun/25;FTL;Clínquer;Poty;CE;Pátio ABL;MA;2.574;2.465.518
jun/25;FTL;Clínquer;Poty;CE;São Luis - Tirirical;MA;5.604;5.368.654
jun/25;FTL;Coque;Mucuripe;CE;Poty;CE;3.888;989.059
jun/25;FTL;Demais Produtos;Aracapé;CE;Cana Brava;PI;41;21.135
jun/25;FTL;Demais Produtos;Carga Ferro Gusa e Cruz;MA;Codó;MA;2.572;587.527
jun/25;FTL;Demais Produtos;Oficina Demostenes Rockert;CE;Teresina;PI;20;14.620
jun/25;FTL;Demais Produtos;Sobral;CE;Aracapé;CE;1;230
jun/25;FTL;Demais Produtos;Teresina;PI;Aracapé;CE;3;2.191
jun/25;FTL;Demais Produtos;Teresina;PI;Oficina Demostenes Rockert;CE;18;13.158
jun/25;FTL;Dormentes de Madeira;Aracapé;CE;Altos;PI;7;4.840
jun/25;FTL;Dormentes de Madeira;Aracapé;CE;Cariré;CE;18;4.740
jun/25;FTL;Dormentes de Madeira;Aracapé;CE;Castelo;PI;12;6.838
jun/25;FTL;Dormentes de Madeira;Aracapé;CE;Caxias Nova;MA;6;4.855
jun/25;FTL;Dormentes de Madeira;Aracapé;CE;Crateus;CE;12;5.257
jun/25;FTL;Dormentes de Madeira;Aracapé;CE;Cristino Cruz Novo;MA;6;4.668
jun/25;FTL;Dormentes de Madeira;Aracapé;CE;Croatá;CE;18;1.243
jun/25;FTL;Dormentes de Madeira;Aracapé;CE;Itapipoca;CE;18;2.424
jun/25;FTL;Dormentes de Madeira;Aracapé;CE;Miraíma;CE;18;3.258
jun/25;FTL;Dormentes de Madeira;Aracapé;CE;Reriutaba;CE;8;2.321
jun/25;FTL;Dormentes de Madeira;Crateus;CE;Cariré;CE;8;1.398
jun/25;FTL;Dormentes de Madeira;Crateus;CE;Caxias;MA;21;7.889
jun/25;FTL;Dormentes de Madeira;Crateus;CE;Ibiapaba;CE;8;296
jun/25;FTL;Dormentes de Madeira;Crateus;CE;Nova Russas;CE;8;474
jun/25;FTL;Dormentes de Madeira;Crateus;CE;Reriutaba;CE;8;1.183
jun/25;FTL;Dormentes de Madeira;Crateus;CE;São Luis - Tirirical;MA;24;17.891
jun/25;FTL;Dormentes de Madeira;Crateus;CE;Sombra;PI;16;3.138
jun/25;FTL;Dormentes de Madeira;São Luis - Tirirical;MA;Codó;MA;8;2.299
jun/25;FTL;Dormentes de Madeira;São Luis - Tirirical;MA;Coroatá;MA;8;1.870
jun/25;FTL;Dormentes de Madeira;São Luis - Tirirical;MA;Pirapemas;MA;8;1.456
jun/25;FTL;Gasolina;Itaqui;MA;Itarare;PI;11.031;5.109.005
jun/25;FTL;Gasolina;Itaqui;MA;Teresina;PI;8.581;3.937.898
jun/25;FTL;Óleo Diesel;Itaqui;MA;Itarare;PI;8.214;3.804.310
jun/25;FTL;Óleo Diesel;Itaqui;MA;Teresina;PI;13.807;6.348.101
jun/25;FTL;Outros - Indústria Cimenteira e Construção;Fábrica Votorantim Pecém;CE;Aracapé;CE;40;1.873
jun/25;FTL;Outros - Indústria Cimenteira e Construção;Teresina;PI;Aracapé;CE;5;3.652
jun/25;FTL;Pallets de Madeira;São Luis - Tirirical;MA;Pecem;CE;8;9.319
jun/25;FTL;Pó de Pedra;Carga Ferro Gusa e Cruz;MA;Cristino Cruz Novo;MA;45;15.594
jun/25;FTL;Pó de Pedra;Carga Ferro Gusa e Cruz;MA;Reriutaba;CE;45;37.679
jun/25;FTL;Prd. Siderúrgicos - Bobina - BF;Aracapé;CE;Teresina;PI;10.384;6.907.645
jun/25;FTL;Soja;Carregamento de Grãos;MA;Itaqui;MA;3.700;1.466.680
jun/25;MRS;Açúcar;Itirapina;SP;Santos;SP;64.391;25.294.587
jun/25;MRS;Açúcar;Pradopolis;SP;Conceiçãozinha;SP;15.218;8.311.006
jun/25;MRS;Açúcar;Pradopolis;SP;Santos;SP;71.320;38.485.356
jun/25;MRS;Açúcar;Rio Preto Paulista;SP;Santos;SP;37.722;25.295.693
jun/25;MRS;Açúcar;Votuporanga;SP;Santos;SP;21.212;16.243.216
jun/25;MRS;Areia;Cruzeiro;SP;Mooca;SP;16.973;3.975.687
jun/25;MRS;Areia;Cruzeiro;SP;Santo André;SP;4.559;1.132.815
jun/25;MRS;Areia;Parque Industrial;MG;Água Branca;SP;9.310;7.094.629
jun/25;MRS;Areia;Roseira;SP;Água Branca;SP;18.118;3.343.713
jun/25;MRS;Areia;Roseira;SP;Mooca;SP;2.300;409.837
jun/25;MRS;Bauxita;Barão de Angra;RJ;Alumínio;SP;42.348;28.748.913
jun/25;MRS;Calcário Siderúrgico;Itutinga;MG;Volta Redonda;RJ;4.905;1.014.246
jun/25;MRS;Carvão Mineral;Baia Sepetiba;RJ;Volta Redonda;RJ;39.397;4.688.085
jun/25;MRS;Carvão Mineral;Curuputuba;SP;Volta Redonda;RJ;12.083;2.096.871
jun/25;MRS;Carvão Mineral;Porto Sudeste;RJ;Ouro Branco;MG;22.090;10.434.874
jun/25;MRS;Celulose;Pederneiras;SP;Santos;SP;211.474;110.191.911
jun/25;MRS;Celulose;Santos;SP;Pederneiras;SP;376;195.920
jun/25;MRS;Celulose;São Silvestre;SP;Barnabé;SP;80.784;8.155.952
jun/25;MRS;Cimento a Granel;Barbacena;MG;Santo André;SP;45.090;29.854.810
jun/25;MRS;Cimento a Granel;Pedra do Sino;MG;São Bento;SP;48.686;31.725.014
jun/25;MRS;Cimento a Granel;Terminal Cimento Barroso;MG;Deodoro;RJ;1.990;710.101
jun/25;MRS;Cimento a Granel;Wilson Lobato;MG;Santo André;SP;881;765.992
jun/25;MRS;Cimento acondicionado;Pedra do Sino;MG;Arará;RJ;3.488;1.850.516
jun/25;MRS;Cimento acondicionado;Volta Redonda;RJ;Água Branca;SP;574;199.812
jun/25;MRS;Cimento acondicionado;Volta Redonda;RJ;Arará;RJ;35.723;5.167.796
jun/25;MRS;Cimento acondicionado;Volta Redonda;RJ;Benfica;MG;2.083;451.017
jun/25;MRS;Cimento acondicionado;Volta Redonda;RJ;Capuava;SP;2.727;981.929
jun/25;MRS;Cimento acondicionado;Volta Redonda;RJ;Mogi das Cruzes;SP;789;262.338
jun/25;MRS;Cimento acondicionado;Volta Redonda;RJ;Pedrasil;SP;3.232;541.599
jun/25;MRS;Cimento acondicionado;Volta Redonda;RJ;São José dos Campos;SP;5.719;1.349.632
jun/25;MRS;Cimento acondicionado;Wilson Lobato;MG;Água Branca;SP;2.100;1.783.366
jun/25;MRS;Cimento acondicionado;Wilson Lobato;MG;Capuava;SP;70;60.283
jun/25;MRS;Contêiner Cheio de 20 Pés;Arará;RJ;Dias Tavares;MG;6;1.760
jun/25;MRS;Contêiner Cheio de 20 Pés;Arará;RJ;Eldorado;MG;8.088;5.197.436
jun/25;MRS;Contêiner Cheio de 20 Pés;Arará;RJ;Floriano;RJ;4.554;784.153
jun/25;MRS;Contêiner Cheio de 20 Pés;Arará;RJ;Itatiaia;RJ;10;2.029
jun/25;MRS;Contêiner Cheio de 20 Pés;Arará;RJ;MultiTerminais;RJ;7;1.397
jun/25;MRS;Contêiner Cheio de 20 Pés;Barnabé;SP;Curuputuba;SP;2.518;513.692
jun/25;MRS;Contêiner Cheio de 20 Pés;Barnabé;SP;Jundiaí;SP;228;29.388
jun/25;MRS;Contêiner Cheio de 20 Pés;Brisamar;RJ;Prudente de Morais;MG;19;13.613
jun/25;MRS;Contêiner Cheio de 20 Pés;Conceiçãozinha;SP;Eng. Neiva;SP;1.740;422.128
jun/25;MRS;Contêiner Cheio de 20 Pés;Cragea;SP;Barnabé;SP;272;12.300
jun/25;MRS;Contêiner Cheio de 20 Pés;Curuputuba;SP;Arará;RJ;712;226.559
jun/25;MRS;Contêiner Cheio de 20 Pés;Curuputuba;SP;Barnabé;SP;2.126;433.721
jun/25;MRS;Contêiner Cheio de 20 Pés;Curuputuba;SP;Brisamar;RJ;882;253.605
jun/25;MRS;Contêiner Cheio de 20 Pés;Curuputuba;SP;Conceiçãozinha;SP;1.607;340.958
jun/25;MRS;Contêiner Cheio de 20 Pés;Eldorado;MG;Arará;RJ;3.479;2.027.563
jun/25;MRS;Contêiner Cheio de 20 Pés;Eldorado;MG;Barnabé;SP;667;531.332
jun/25;MRS;Contêiner Cheio de 20 Pés;Final Ramal das Fábricas;SP;Eldorado;MG;1.385;1.333.105
jun/25;MRS;Contêiner Cheio de 20 Pés;Floriano;RJ;Brisamar;RJ;105;14.859
jun/25;MRS;Contêiner Cheio de 20 Pés;Itutinga;MG;Barnabé;SP;3.817;2.141.623
jun/25;MRS;Contêiner Cheio de 20 Pés;Itutinga;MG;Conceiçãozinha;SP;550;313.108
jun/25;MRS;Contêiner Cheio de 20 Pés;Itutinga;MG;Final Ramal das Fábricas;SP;584;335.952
jun/25;MRS;Contêiner Cheio de 20 Pés;Jundiaí;SP;Conceiçãozinha;SP;41;5.618
jun/25;MRS;Contêiner Cheio de 20 Pés - Perigoso;Arará;RJ;Dias Tavares;MG;1.410;413.799
jun/25;MRS;Contêiner Cheio de 20 Pés - Perigoso;Conceiçãozinha;SP;Eng. Neiva;SP;892;216.401
jun/25;MRS;Contêiner Cheio de 40 Pés;Arará;RJ;Couto e Silva;MG;70;46.108
jun/25;MRS;Contêiner Cheio de 40 Pés;Arará;RJ;Dias Tavares;MG;1.216;357.800
jun/25;MRS;Contêiner Cheio de 40 Pés;Arará;RJ;Edmar Alves;SP;1.750;640.941
jun/25;MRS;Contêiner Cheio de 40 Pés;Arará;RJ;Floriano;RJ;1.928;331.982
jun/25;MRS;Contêiner Cheio de 40 Pés;Arará;RJ;Itatiaia;RJ;211;42.818
jun/25;MRS;Contêiner Cheio de 40 Pés;Arará;RJ;Manoel Feio;SP;1.152;523.131
jun/25;MRS;Contêiner Cheio de 40 Pés;Arará;RJ;MultiTerminais;RJ;458;91.116
jun/25;MRS;Contêiner Cheio de 40 Pés;Barnabé;SP;Curuputuba;SP;4.301;877.438
jun/25;MRS;Contêiner Cheio de 40 Pés;Barnabé;SP;Jundiaí;SP;6.626;854.082
jun/25;MRS;Contêiner Cheio de 40 Pés;Brisamar;RJ;Floriano;RJ;5.132;726.296
jun/25;MRS;Contêiner Cheio de 40 Pés;Brisamar;RJ;MultiTerminais;RJ;333;56.273
jun/25;MRS;Contêiner Cheio de 40 Pés;Brisamar;RJ;Prudente de Morais;MG;176;126.102
jun/25;MRS;Contêiner Cheio de 40 Pés;Conceiçãozinha;SP;Cragea;SP;244;13.026
jun/25;MRS;Contêiner Cheio de 40 Pés;Conceiçãozinha;SP;Curuputuba;SP;2.858;606.384
jun/25;MRS;Contêiner Cheio de 40 Pés;Conceiçãozinha;SP;Eng. Neiva;SP;928;225.135
jun/25;MRS;Contêiner Cheio de 40 Pés;Conceiçãozinha;SP;Jundiaí;SP;11.764;1.612.395
jun/25;MRS;Contêiner Cheio de 40 Pés;Cragea;SP;Conceiçãozinha;SP;140;7.474
jun/25;MRS;Contêiner Cheio de 40 Pés;Curuputuba;SP;Barnabé;SP;2.955;602.843
jun/25;MRS;Contêiner Cheio de 40 Pés;Curuputuba;SP;Brisamar;RJ;562;161.594
jun/25;MRS;Contêiner Cheio de 40 Pés;Eldorado;MG;Brisamar;RJ;53;29.263
jun/25;MRS;Contêiner Cheio de 40 Pés;Eldorado;MG;Conceiçãozinha;SP;113;90.473
jun/25;MRS;Contêiner Cheio de 40 Pés;Floriano;RJ;Arará;RJ;742;127.764
jun/25;MRS;Contêiner Cheio de 40 Pés;Jundiaí;SP;Arará;RJ;535;292.863
jun/25;MRS;Contêiner Cheio de 40 Pés;Jundiaí;SP;Barnabé;SP;2.381;306.901
jun/25;MRS;Contêiner Cheio de 40 Pés;Jundiaí;SP;Conceiçãozinha;SP;20.532;2.814.155
jun/25;MRS;Contêiner Cheio de 40 Pés;Manoel Feio;SP;Arará;RJ;685;311.062
jun/25;MRS;Contêiner Cheio de 40 Pés;Manoel Feio;SP;Barnabé;SP;257;18.143
jun/25;MRS;Contêiner Cheio de 40 Pés;Manoel Feio;SP;Conceiçãozinha;SP;1.844;145.231
jun/25;MRS;Contêiner Cheio de 40 Pés - Perigoso;Conceiçãozinha;SP;Eng. Neiva;SP;1.521;368.999
jun/25;MRS;Contêiner Cheio de 40 Pés - Perigoso;Conceiçãozinha;SP;Jundiaí;SP;259;35.334
jun/25;MRS;Contêiner Vazio de 20 Pés;Arará;RJ;Curuputuba;SP;44;14.000
jun/25;MRS;Contêiner Vazio de 20 Pés;Arará;RJ;Eldorado;MG;55;35.343
jun/25;MRS;Contêiner Vazio de 20 Pés;Arará;RJ;Itutinga;MG;92;57.104
jun/25;MRS;Contêiner Vazio de 20 Pés;Cragea;SP;Conceiçãozinha;SP;2.091;111.630
jun/25;MRS;Contêiner Vazio de 20 Pés;Curuputuba;SP;Conceiçãozinha;SP;18;3.819
jun/25;MRS;Contêiner Vazio de 20 Pés;Dias Tavares;MG;Arará;RJ;93;62.346
jun/25;MRS;Contêiner Vazio de 20 Pés;Eldorado;MG;Arará;RJ;154;89.749
jun/25;MRS;Contêiner Vazio de 20 Pés;Eldorado;MG;Final Ramal das Fábricas;SP;5;4.033
jun/25;MRS;Contêiner Vazio de 20 Pés;Eldorado;MG;Itutinga;MG;25;5.784
jun/25;MRS;Contêiner Vazio de 20 Pés;Eng. Neiva;SP;Conceiçãozinha;SP;267;64.774
jun/25;MRS;Contêiner Vazio de 20 Pés;Final Ramal das Fábricas;SP;Itutinga;MG;297;170.852
jun/25;MRS;Contêiner Vazio de 20 Pés;Floriano;RJ;Arará;RJ;508;87.472
jun/25;MRS;Contêiner Vazio de 20 Pés;Itatiaia;RJ;Arará;RJ;2;405
jun/25;MRS;Contêiner Vazio de 20 Pés;Nova Granja;MG;Brisamar;RJ;5;3.085
jun/25;MRS;Contêiner Vazio de 40 Pés;Arará;RJ;Eldorado;MG;34;21.848
jun/25;MRS;Contêiner Vazio de 40 Pés;Arará;RJ;Manoel Feio;SP;3;1.362
jun/25;MRS;Contêiner Vazio de 40 Pés;Conceiçãozinha;SP;Manoel Feio;SP;255;20.083
jun/25;MRS;Contêiner Vazio de 40 Pés;Conceiçãozinha;SP;Suzano Novo;SP;170;10.794
jun/25;MRS;Contêiner Vazio de 40 Pés;Curuputuba;SP;Conceiçãozinha;SP;197;41.797
jun/25;MRS;Contêiner Vazio de 40 Pés;Dias Tavares;MG;Arará;RJ;88;59.923
jun/25;MRS;Contêiner Vazio de 40 Pés;Edmar Alves;SP;Arará;RJ;231;84.604
jun/25;MRS;Contêiner Vazio de 40 Pés;Eng. Neiva;SP;Conceiçãozinha;SP;381;92.431
jun/25;MRS;Contêiner Vazio de 40 Pés;Floriano;RJ;Arará;RJ;164;28.252
jun/25;MRS;Contêiner Vazio de 40 Pés;Floriano;RJ;Brisamar;RJ;673;95.244
jun/25;MRS;Contêiner Vazio de 40 Pés;Itatiaia;RJ;Arará;RJ;78;15.828
jun/25;MRS;Contêiner Vazio de 40 Pés;Manoel Feio;SP;Arará;RJ;3;1.362
jun/25;MRS;Contêiner Vazio de 40 Pés;Nova Granja;MG;Brisamar;RJ;27;16.662
jun/25;MRS;Coque;Baia Sepetiba;RJ;Volta Redonda;RJ;64.435;7.667.507
jun/25;MRS;Coque;Curuputuba;SP;Ouro Branco;MG;18.664;11.232.424
jun/25;MRS;Coque;Curuputuba;SP;Vespasiano;MG;1.534;1.233.681
jun/25;MRS;Coque;Vespasiano;MG;Ouro Branco;MG;9.755;2.161.239
jun/25;MRS;Escória;Ouro Branco;MG;Wilson Lobato;MG;10.033;2.487.100
jun/25;MRS;Escória;Siderúrgica do Atlântico;RJ;São Bento;SP;800;335.156
jun/25;MRS;Ferro Gusa;Prudente de Morais;MG;Arará;RJ;26.788;18.417.113
jun/25;MRS;Ferro Gusa;Prudente de Morais;MG;Itaguai;RJ;72;47.856
jun/25;MRS;Ferro Gusa;São Bento;SP;Arará;RJ;7.510;3.256.433
jun/25;MRS;Ferro Gusa;Sarzedo Novo;MG;Arará;RJ;118.357;65.249.965
jun/25;MRS;Ferro Gusa;Sarzedo Novo;MG;Itaguai;RJ;17.260;9.113.487
jun/25;MRS;Minério de Ferro;Carlos Newlands;MG;Baia Sepetiba;RJ;89.387;45.741.741
jun/25;MRS;Minério de Ferro;Carlos Newlands;MG;Brisamar;RJ;320.374;162.342.155
jun/25;MRS;Minério de Ferro;Carlos Newlands;MG;Porto Sudeste;RJ;153.049;78.013.205
jun/25;MRS;Minério de Ferro;Casa de Pedra;MG;Baia Sepetiba;RJ;1.834.681;809.297.970
jun/25;MRS;Minério de Ferro;Casa de Pedra;MG;Volta Redonda;RJ;168.649;54.324.372
jun/25;MRS;Minério de Ferro;Cel. João Carlos Guedes;MG;Guaiba;RJ;145.944;65.047.970
jun/25;MRS;Minério de Ferro;Curuputuba;SP;Volta Redonda;RJ;37.462;6.501.305
jun/25;MRS;Minério de Ferro;Dr. Joaquim Murtinho;MG;Baia Sepetiba;RJ;324.979;148.196.598
jun/25;MRS;Minério de Ferro;Dr. Joaquim Murtinho;MG;Brisamar;RJ;201.646;90.946.177
jun/25;MRS;Minério de Ferro;Dr. Joaquim Murtinho;MG;Porto Sudeste;RJ;152.125;69.067.640
jun/25;MRS;Minério de Ferro;Itutinga;MG;Volta Redonda;RJ;99.134;20.498.729
jun/25;MRS;Minério de Ferro;Olhos D Água;MG;Baia Sepetiba;RJ;340.719;187.731.739
jun/25;MRS;Minério de Ferro;Olhos D Água;MG;Guaiba;RJ;546.681;313.306.707
jun/25;MRS;Minério de Ferro;Otavio Dapieve;MG;Baia Sepetiba;RJ;1.083.108;524.850.308
jun/25;MRS;Minério de Ferro;Otavio Dapieve;MG;Guaiba;RJ;1.448.582;733.993.602
jun/25;MRS;Minério de Ferro;Otavio Dapieve;MG;Siderúrgica do Atlântico;RJ;289.724;143.580.840
jun/25;MRS;Minério de Ferro;Otavio Dapieve;MG;Volta Redonda;RJ;99.136;36.242.337
jun/25;MRS;Minério de Ferro;Pires;MG;Baia Sepetiba;RJ;1.526.069;691.941.048
jun/25;MRS;Minério de Ferro;Pires;MG;Guaiba;RJ;314.075;149.353.341
jun/25;MRS;Minério de Ferro;Pires;MG;Siderúrgica do Atlântico;RJ;277.868;129.045.789
jun/25;MRS;Minério de Ferro;Sarzedo;MG;Baia Sepetiba;RJ;71.820;37.950.334
jun/25;MRS;Minério de Ferro;Sarzedo;MG;Brisamar;RJ;337.556;176.679.848
jun/25;MRS;Minério de Ferro;Sarzedo;MG;Guaiba;RJ;43.377;23.880.296
jun/25;MRS;Minério de Ferro;Sarzedo;MG;Porto Sudeste;RJ;190.591;101.268.239
jun/25;MRS;Minério de Ferro;Sarzedo Novo;MG;Baia Sepetiba;RJ;297.675;156.282.945
jun/25;MRS;Minério de Ferro;Sarzedo Novo;MG;Brisamar;RJ;55.658;28.942.827
jun/25;MRS;Minério de Ferro;Sarzedo Novo;MG;Guaiba;RJ;73.909;40.437.978
jun/25;MRS;Minério de Ferro;Sarzedo Novo;MG;Porto Sudeste;RJ;803.308;420.139.721
jun/25;MRS;Minério de Ferro;Viga;MG;Baia Sepetiba;RJ;73.900;32.284.840
jun/25;MRS;Minério de Ferro;Viga;MG;Guaiba;RJ;209.553;96.183.150
jun/25;MRS;Minério de Ferro Especial - MRS distancia menor 100 km;Cel. João Carlos Guedes;MG;Dias Tavares;MG;18.467;9.719.200
jun/25;MRS;Minério de Ferro Especial - MRS distancia menor 100 km;Itaguai;RJ;Pires;MG;5.495;2.507.994
jun/25;MRS;Minério de Ferro Especial - MRS distancia menor 100 km;Otavio Dapieve;MG;Ouro Branco;MG;60.704;5.851.749
jun/25;MRS;Minério de Ferro Especial - MRS distancia menor 100 km;Viga;MG;Ouro Branco;MG;5.442;156.305
jun/25;MRS;Óleo Diesel;Embiruçu;MG;Cel. João Carlos Guedes;MG;4.174;605.417
jun/25;MRS;Outras - Carga Geral Não Conteinerizada;Arará;RJ;Prudente de Morais;MG;1.090;814.401
jun/25;MRS;Outros Graneis Minerais;Arará;RJ;Dias Tavares;MG;2.088;612.775
jun/25;MRS;Outros Graneis Minerais;Arará;RJ;Prudente de Morais;MG;6.264;4.680.191
jun/25;MRS;Outros Graneis Minerais;Arará;RJ;Terminal Paraibuna de Metais;MG;13.520;3.978.746
jun/25;MRS;Outros Graneis Minerais;Dias Tavares;MG;Prudente de Morais;MG;2.088;947.288
jun/25;MRS;Prd. Siderúrgicos - Bobina - BF;Lafaiete Bandeira;MG;Boa Vista Velha;SP;12.924;10.224.693
jun/25;MRS;Prd. Siderúrgicos - Bobina - BF;Lafaiete Bandeira;MG;Caçapava;SP;735;403.881
jun/25;MRS;Prd. Siderúrgicos - Bobina - BF;Lafaiete Bandeira;MG;Usiminas;SP;2.178;1.172.633
jun/25;MRS;Prd. Siderúrgicos - Bobina - BF;Manoel Feio;SP;Boa Vista Velha;SP;2.131;310.126
jun/25;MRS;Prd. Siderúrgicos - Bobina - BF;Ouro Branco;MG;Barbará;RJ;960;327.812
jun/25;MRS;Prd. Siderúrgicos - Bobina - BF;Ouro Branco;MG;Ipiranga;SP;4.387;2.931.143
jun/25;MRS;Prd. Siderúrgicos - Bobina - BF;Ouro Branco;MG;Parque Industrial;MG;15.417;2.477.727
jun/25;MRS;Prd. Siderúrgicos - Bobina - BF;Ouro Branco;MG;Pulverizacao;RJ;136;52.101
jun/25;MRS;Prd. Siderúrgicos - Bobina - BF;Ouro Branco;MG;São Bento;SP;15.092;9.241.555
jun/25;MRS;Prd. Siderúrgicos - Bobina - BF;Ouro Branco;MG;São Caetano do Sul;SP;1.032;693.847
jun/25;MRS;Prd. Siderúrgicos - Bobina - BF;Parque Industrial;MG;Boa Vista Velha;SP;4.312;3.746.666
jun/25;MRS;Prd. Siderúrgicos - Bobina - BF;Parque Industrial;MG;Ouro Branco;MG;286;45.966
jun/25;MRS;Prd. Siderúrgicos - Bobina - BF;Piaçaguera;SP;Barbará;RJ;1.114;405.031
jun/25;MRS;Prd. Siderúrgicos - Bobina - BF;Piaçaguera;SP;Curuputuba;SP;910;179.874
jun/25;MRS;Prd. Siderúrgicos - Bobina - BF;Piaçaguera;SP;Ipiranga;SP;3.181;167.488
jun/25;MRS;Prd. Siderúrgicos - Bobina - BF;Piaçaguera;SP;Pinheirinho;SP;551;36.552
jun/25;MRS;Prd. Siderúrgicos - Bobina - BF;Piaçaguera;SP;São Caetano do Sul;SP;1.112;53.890
jun/25;MRS;Prd. Siderúrgicos - Bobina - BF;Piaçaguera;SP;Utinga;SP;10.586;474.877
jun/25;MRS;Prd. Siderúrgicos - Bobina - BF;Volta Redonda;RJ;Boa Vista Velha;SP;429;196.346
jun/25;MRS;Prd. Siderúrgicos - Bobina - BF;Volta Redonda;RJ;Ipiranga;SP;1.400;482.642
jun/25;MRS;Prd. Siderúrgicos - Bobina - BF;Volta Redonda;RJ;Replan;SP;127;60.593
jun/25;MRS;Prd. Siderúrgicos - Bobina - BQ;Floriano;RJ;Brisamar;RJ;10;1.415
jun/25;MRS;Prd. Siderúrgicos - Bobina - BQ;Lafaiete Bandeira;MG;Barbará;RJ;921;326.271
jun/25;MRS;Prd. Siderúrgicos - Bobina - BQ;Lafaiete Bandeira;MG;Cruzeiro;SP;2.824;1.252.989
jun/25;MRS;Prd. Siderúrgicos - Bobina - BQ;Lafaiete Bandeira;MG;Ipiranga;SP;9.452;6.436.149
jun/25;MRS;Prd. Siderúrgicos - Bobina - BQ;Lafaiete Bandeira;MG;Manoel Feio;SP;4.148;2.678.068
jun/25;MRS;Prd. Siderúrgicos - Bobina - BQ;Lafaiete Bandeira;MG;Piaçaguera;SP;566;400.599
jun/25;MRS;Prd. Siderúrgicos - Bobina - BQ;Lafaiete Bandeira;MG;Usiminas;SP;5.526;2.975.192
jun/25;MRS;Prd. Siderúrgicos - Bobina - BQ;Parque Industrial;MG;Barbará;RJ;2.274;982.393
jun/25;MRS;Prd. Siderúrgicos - Bobina - BQ;Parque Industrial;MG;Cruzeiro;SP;566;295.138
jun/25;MRS;Prd. Siderúrgicos - Bobina - BQ;Parque Industrial;MG;Utinga;SP;72;55.186
jun/25;MRS;Prd. Siderúrgicos - Bobina - BQ;Piaçaguera;SP;Cruzeiro;SP;1.860;682.843
jun/25;MRS;Prd. Siderúrgicos - Bobina - BQ;Piaçaguera;SP;Ipiranga;SP;1.208;63.604
jun/25;MRS;Prd. Siderúrgicos - Bobina - BQ;Piaçaguera;SP;Replan;SP;6.220;1.192.429
jun/25;MRS;Prd. Siderúrgicos - Bobina - BQ;Piaçaguera;SP;Usiminas;SP;187;31.134
jun/25;MRS;Prd. Siderúrgicos - Bobina - BQ;Volta Redonda;RJ;Brisamar;RJ;311;35.452
jun/25;MRS;Prd. Siderúrgicos - Fio Máquina;Dias Tavares;MG;Caçapava;SP;6.073;4.052.136
jun/25;MRS;Prd. Siderúrgicos - Fio Máquina;Dias Tavares;MG;Eldorado;MG;147;51.322
jun/25;MRS;Prd. Siderúrgicos - Fio Máquina;Dias Tavares;MG;Parque Industrial;MG;1.068;371.808
jun/25;MRS;Prd. Siderúrgicos - Fio Máquina;Dias Tavares;MG;Pinheirinho;SP;2.025;1.646.713
jun/25;MRS;Prd. Siderúrgicos - Fio Máquina;Itaguai;RJ;São Bento;SP;7.163;2.943.606
jun/25;MRS;Prd. Siderúrgicos - Fio Máquina;Ouro Branco;MG;Barbará;RJ;373;127.368
jun/25;MRS;Prd. Siderúrgicos - Fio Máquina;Ouro Branco;MG;Caçapava;SP;21.832;11.717.496
jun/25;MRS;Prd. Siderúrgicos - Fio Máquina;Ouro Branco;MG;Itaguai;RJ;418;195.872
jun/25;MRS;Prd. Siderúrgicos - Fio Máquina;Parque Industrial;MG;Dias Tavares;MG;123;81.552
jun/25;MRS;Prd. Siderúrgicos - Outros;Barbará;RJ;Brisamar;RJ;510;60.752
jun/25;MRS;Prd. Siderúrgicos - Outros;Barbará;RJ;Cruzeiro;SP;4.476;458.257
jun/25;MRS;Prd. Siderúrgicos - Outros;Brisamar;RJ;São Bento;SP;60;24.176
jun/25;MRS;Prd. Siderúrgicos - Outros;Brisamar;RJ;Volta Redonda;RJ;18.279;2.083.732
jun/25;MRS;Prd. Siderúrgicos - Outros;Caçapava;SP;Curuputuba;SP;969;38.541
jun/25;MRS;Prd. Siderúrgicos - Outros;Dias Tavares;MG;Parque Industrial;MG;4.352;1.515.087
jun/25;MRS;Prd. Siderúrgicos - Outros;Floriano;RJ;Cruzeiro;SP;106;8.477
jun/25;MRS;Prd. Siderúrgicos - Outros;Floriano;RJ;Volta Redonda;RJ;1.712;47.126
jun/25;MRS;Prd. Siderúrgicos - Outros;Itaguai;RJ;Caçapava;SP;3.074;1.032.493
jun/25;MRS;Prd. Siderúrgicos - Outros;Itaguai;RJ;Parque Industrial;MG;1.361;842.382
jun/25;MRS;Prd. Siderúrgicos - Outros;Itaguai;RJ;Pinheirinho;SP;2.663;1.130.091
jun/25;MRS;Prd. Siderúrgicos - Outros;Lafaiete Bandeira;MG;Curuputuba;SP;3.743;1.907.896
jun/25;MRS;Prd. Siderúrgicos - Outros;Lafaiete Bandeira;MG;Manoel Feio;SP;13.487;8.707.598
jun/25;MRS;Prd. Siderúrgicos - Outros;Lafaiete Bandeira;MG;Piaçaguera;SP;1.343;1.272.883
jun/25;MRS;Prd. Siderúrgicos - Outros;Lafaiete Bandeira;MG;Utinga;SP;7.612;5.242.565
jun/25;MRS;Prd. Siderúrgicos - Outros;Manoel Feio;SP;São Caetano do Sul;SP;2.416;95.410
jun/25;MRS;Prd. Siderúrgicos - Outros;Manoel Feio;SP;Volta Redonda;RJ;3.791;1.173.102
jun/25;MRS;Prd. Siderúrgicos - Outros;Ouro Branco;MG;Brisamar;RJ;68;31.320
jun/25;MRS;Prd. Siderúrgicos - Outros;Ouro Branco;MG;Caçapava;SP;8.837;4.742.923
jun/25;MRS;Prd. Siderúrgicos - Outros;Ouro Branco;MG;Eng. Cesar de Souza;SP;2.607;1.723.923
jun/25;MRS;Prd. Siderúrgicos - Outros;Ouro Branco;MG;Itutinga;MG;13.095;1.830.942
jun/25;MRS;Prd. Siderúrgicos - Outros;Ouro Branco;MG;Parque Industrial;MG;6.349;1.020.373
jun/25;MRS;Prd. Siderúrgicos - Outros;Ouro Branco;MG;São Caetano do Sul;SP;1.323;889.496
jun/25;MRS;Prd. Siderúrgicos - Outros;Parque Industrial;MG;Ouro Branco;MG;68;10.928
jun/25;MRS;Prd. Siderúrgicos - Outros;Piaçaguera;SP;Manoel Feio;SP;11.652;719.615
jun/25;MRS;Prd. Siderúrgicos - Outros;Pulverizacao;RJ;Volta Redonda;RJ;72;2.448
jun/25;MRS;Prd. Siderúrgicos - Outros;Saudade;RJ;Caçapava;SP;917;184.971
jun/25;MRS;Prd. Siderúrgicos - Outros;Saudade;RJ;Eldorado;MG;3.387;1.725.321
jun/25;MRS;Prd. Siderúrgicos - Outros;Saudade;RJ;Floriano;RJ;1.192;18.984
jun/25;MRS;Prd. Siderúrgicos - Outros;Saudade;RJ;Pinheirinho;SP;2.232;649.002
jun/25;MRS;Prd. Siderúrgicos - Outros;Siderúrgica do Atlântico;RJ;Piaçaguera;SP;89.277;44.745.543
jun/25;MRS;Prd. Siderúrgicos - Outros;Volta Redonda;RJ;Arará;RJ;429;62.060
jun/25;MRS;Prd. Siderúrgicos - Outros;Volta Redonda;RJ;Barbará;RJ;7.411;37.995
jun/25;MRS;Prd. Siderúrgicos - Outros;Volta Redonda;RJ;Brisamar;RJ;651;74.211
jun/25;MRS;Prd. Siderúrgicos - Outros;Volta Redonda;RJ;Caçapava;SP;3.197;681.964
jun/25;MRS;Prd. Siderúrgicos - Outros;Volta Redonda;RJ;Cruzeiro;SP;865;92.994
jun/25;MRS;Prd. Siderúrgicos - Outros;Volta Redonda;RJ;Floriano;RJ;5.385;148.232
jun/25;MRS;Prd. Siderúrgicos - Outros;Volta Redonda;RJ;Manoel Feio;SP;57.720;17.861.107
jun/25;MRS;Prd. Siderúrgicos - Outros;Volta Redonda;RJ;Mogi das Cruzes;SP;5.084;1.690.404
jun/25;MRS;Prd. Siderúrgicos - Outros;Volta Redonda;RJ;Pulverizacao;RJ;5.079;172.734
jun/25;MRS;Prd. Siderúrgicos - Outros;Volta Redonda;RJ;São Bento;SP;1.806;521.843
jun/25;MRS;Prd. Siderúrgicos - Placa;Cel. João Carlos Guedes;MG;Barreiro;MG;8.482;1.088.834
jun/25;MRS;Prd. Siderúrgicos - Placa;Itaguai;RJ;Parque Industrial;MG;5.019;2.806.293
jun/25;MRS;Prd. Siderúrgicos - Placa;Ouro Branco;MG;Caçapava;SP;1.587;851.761
jun/25;MRS;Prd. Siderúrgicos - Placa;Ouro Branco;MG;Curuputuba;SP;1.756;872.621
jun/25;MRS;Prd. Siderúrgicos - Placa;Ouro Branco;MG;Itaguai;RJ;8.295;3.886.987
jun/25;MRS;Prd. Siderúrgicos - Placa;Ouro Branco;MG;Itutinga;MG;384;54.647
jun/25;MRS;Prd. Siderúrgicos - Placa;Ouro Branco;MG;Pinheirinho;SP;7.625;4.771.495
jun/25;MRS;Prd. Siderúrgicos - Placa;Ouro Branco;MG;Pulverizacao;RJ;364;139.448
jun/25;MRS;Prd. Siderúrgicos - Placa;Ouro Branco;MG;São Bento;SP;1.280;783.805
jun/25;MRS;Prd. Siderúrgicos - Placa;Siderúrgica do Atlântico;RJ;Eldorado;MG;2.378;1.493.250
jun/25;MRS;Prd. Siderúrgicos - Placa;Siderúrgica do Atlântico;RJ;Horto Florestal;MG;1.225;788.053
jun/25;MRS;Prd. Siderúrgicos - Tubos;Barreiro;MG;Arará;RJ;6.540;3.777.647
jun/25;MRS;Prd. Siderúrgicos - Tubos;Barreiro;MG;Eldorado;MG;4.354;22.549
jun/25;MRS;Prd. Siderúrgicos - Tubos;Brisamar;RJ;Curuputuba;SP;350;100.637
jun/25;MRS;Prd. Siderúrgicos - Tubos;Cel. João Carlos Guedes;MG;Arará;RJ;12.489;5.610.708
jun/25;MRS;Prd. Siderúrgicos - Tubos;Cel. João Carlos Guedes;MG;Barreiro;MG;9.765;1.253.533
jun/25;MRS;Prd. Siderúrgicos - Tubos;Curuputuba;SP;Arará;RJ;4.449;1.416.518
jun/25;MRS;Prd. Siderúrgicos - Tubos;Eldorado;MG;Barreiro;MG;3.313;17.158
jun/25;MRS;Prd. Siderúrgicos - Vergalhões;Itaguai;RJ;Caçapava;SP;682;228.681
jun/25;MRS;Prd. Siderúrgicos - Vergalhões;Volta Redonda;RJ;Eldorado;MG;1.311;748.381
jun/25;MRS;Prd. Siderúrgicos - Vergalhões;Volta Redonda;RJ;Manoel Feio;SP;9.804;3.033.788
jun/25;MRS;Soja;Pederneiras;SP;Conceiçãozinha;SP;75.934;40.068.045
jun/25;MRS;Soja;Pederneiras;SP;Estação TUF;SP;25.541;12.998.784
jun/25;MRS;Soja;Pederneiras;SP;Santos;SP;123.285;64.191.577
jun/25;MRS;Sucata;Eldorado;MG;Itaguai;RJ;1.083;606.625
jun/25;RMC;Açúcar;Iturama;MG;Conceiçãozinha;SP;14.962;13.581.079
jun/25;RMC;Açúcar;Iturama;MG;Santos;SP;129.525;116.520.714
jun/25;RMC;Adubo Orgânico a Granel;Conceiçãozinha;SP;Rio Verde;GO;7.136;8.604.317
jun/25;RMC;Adubo Orgânico a Granel;Cubatão;SP;Rio Verde;GO;2.937;3.525.160
jun/25;RMC;Adubo Orgânico a Granel;Estação TUF;SP;Rio Verde;GO;975;1.161.480
jun/25;RMC;Adubo Orgânico a Granel;Santos;SP;Rio Verde;GO;7.271;8.723.302
jun/25;RMC;Alumínio;Anápolis;GO;Alumínio;SP;85.903;118.127.792
jun/25;RMC;Cloreto de Potássio;Conceiçãozinha;SP;Rio Verde;GO;8.677;10.500.501
jun/25;RMC;Cloreto de Potássio;Cubatão;SP;Rio Verde;GO;4.162;4.995.477
jun/25;RMC;Cloreto de Potássio;Santos;SP;Rio Verde;GO;24.572;29.533.904
jun/25;RMC;Contêiner Vazio de 20 Pés;Anápolis;GO;Tutóia;SP;6;6.410
jun/25;RMC;Contêiner Vazio de 40 Pés;Anápolis;GO;Porto Nacional;TO;304;260.218
jun/25;RMC;Contêiner Vazio de 40 Pés;Anápolis;GO;Tutóia;SP;439;469.041
jun/25;RMC;Fosfato;Estação TUF;SP;Rio Verde;GO;1.072;1.277.032
jun/25;RMN;Álcool;Chapadao do Sul;MS;Replan;SP;47.738;44.916.351
jun/25;RMN;Álcool;Rondonópolis;MT;Replan;SP;143.633;200.926.145
jun/25;RMN;Álcool;T. Olacyr F. Morais;MS;Replan;SP;2.840;2.989.006
jun/25;RMN;Celulose;Aparecida do Taboado;MS;Barnabé;SP;216.548;200.611.174
jun/25;RMN;Celulose;Aparecida do Taboado;MS;Santos;SP;72;66.771
jun/25;RMN;Celulose;Chapadao do Sul;MS;Barnabé;SP;136.106;161.976.892
jun/25;RMN;Celulose;Chapadao do Sul;MS;Santos;SP;79.864;95.164.265
jun/25;RMN;Contêiner cheio 53 pés;Rondonópolis;MT;Boa Vista Nova;SP;202;277.554
jun/25;RMN;Contêiner Cheio de 20 Pés;Rondonópolis;MT;Cubatão;SP;8.686;14.141.528
jun/25;RMN;Contêiner Cheio de 40 Pés;Rondonópolis;MT;Boa Vista Nova;SP;68.612;94.240.595
jun/25;RMN;Contêiner Cheio de 40 Pés;Rondonópolis;MT;Boa Vista Velha;SP;1.869;2.558.404
jun/25;RMN;Contêiner Cheio de 40 Pés;Rondonópolis;MT;Cubatão;SP;49.220;80.134.245
jun/25;RMN;Contêiner Vazio de 40 Pés;Rondonópolis;MT;Boa Vista Nova;SP;79;108.242
jun/25;RMN;Farelo de Soja;Alto Araguaia;MT;Santos;SP;68.056;95.333.524
jun/25;RMN;Farelo de Soja;Rondonópolis;MT;Santos;SP;317.887;522.028.342
jun/25;RMN;Grãos - Milho;Itiquira;MT;Conceiçãozinha;SP;12.188;18.539.013
jun/25;RMN;Óleo Diesel;Rondonópolis;MT;Replan;SP;9.731;13.560.265
jun/25;RMN;Óleo Diesel;T. Olacyr F. Morais;MS;Replan;SP;2.572;2.706.947
jun/25;RMN;Soja;Alto Araguaia;MT;Conceiçãozinha;SP;41.006;57.723.179
jun/25;RMN;Soja;Alto Araguaia;MT;Santos;SP;13.982;19.535.001
jun/25;RMN;Soja;Chapadao do Sul;MS;Conceiçãozinha;SP;11.831;14.176.401
jun/25;RMN;Soja;Chapadao do Sul;MS;Santos;SP;200.367;238.537.847
jun/25;RMN;Soja;Itiquira;MT;Conceiçãozinha;SP;27.055;41.169.666
jun/25;RMN;Soja;Rondonópolis;MT;Conceiçãozinha;SP;536.110;883.380.018
jun/25;RMN;Soja;Rondonópolis;MT;Estação TUF;SP;39.002;63.860.481
jun/25;RMN;Soja;Rondonópolis;MT;Santos;SP;926.237;1.524.732.764
jun/25;RMO;Minério de Ferro;Antônio Maria Coelho;MS;Porto Esperança;MS;251.197;11.674.380
jun/25;RMP;Açúcar;Fernandopolis;SP;Conceiçãozinha;SP;10.885;8.813.329
jun/25;RMP;Açúcar;Fernandopolis;SP;Santos;SP;76.247;61.336.666
jun/25;RMP;Açúcar;Rio Preto Paulista;SP;Santos;SP;8.044;5.379.630
jun/25;RMP;Açúcar;Santa Adélia;SP;Santos;SP;41.033;23.762.740
jun/25;RMP;Açúcar;Votuporanga;SP;Santos;SP;31.192;23.885.460
jun/25;RMP;Adubo Orgânico a Granel;Conceiçãozinha;SP;Rondonópolis;MT;140.022;231.977.953
jun/25;RMP;Adubo Orgânico a Granel;Estação TUF;SP;Rondonópolis;MT;7.036;11.517.118
jun/25;RMP;Adubo Orgânico a Granel;Santos;SP;Rondonópolis;MT;7.079;11.693.538
jun/25;RMP;Cloreto de Potássio;Conceiçãozinha;SP;Rondonópolis;MT;80.520;132.799.439
jun/25;RMP;Cloreto de Potássio;Cubatão;SP;Rondonópolis;MT;3.692;6.010.882
jun/25;RMP;Cloreto de Potássio;Santos;SP;Rondonópolis;MT;37.262;61.384.981
jun/25;RMP;Contêiner Cheio de 40 Pés;Boa Vista Nova;SP;Rondonópolis;MT;15;20.553
jun/25;RMP;Contêiner Cheio de 40 Pés;Boa Vista Velha;SP;Rondonópolis;MT;42.096;57.623.654
jun/25;RMP;Contêiner Cheio de 40 Pés;Cubatão;SP;Rondonópolis;MT;4.245;6.911.212
jun/25;RMP;Contêiner vazio 53 pés;Boa Vista Nova;SP;Rondonópolis;MT;55;75.571
jun/25;RMP;Contêiner Vazio de 20 Pés;Cubatão;SP;Rondonópolis;MT;1.030;1.680.362
jun/25;RMP;Contêiner Vazio de 20 Pés;Tutóia;SP;Rondonópolis;MT;6;7.088
jun/25;RMP;Contêiner Vazio de 40 Pés;Boa Vista Nova;SP;Anápolis;GO;635;807.960
jun/25;RMP;Contêiner Vazio de 40 Pés;Boa Vista Velha;SP;Rondonópolis;MT;2.739;3.749.314
jun/25;RMP;Contêiner Vazio de 40 Pés;Cubatão;SP;Rondonópolis;MT;5.587;9.114.743
jun/25;RMP;Contêiner Vazio de 40 Pés;Tutóia;SP;Rondonópolis;MT;439;511.180
jun/25;RMP;Farelo de Soja;Rio Verde;GO;Santos;SP;114.240;137.475.843
jun/25;RMP;Farelo de Soja;São Simão;GO;Santos;SP;17.579;17.390.307
jun/25;RMP;Fosfato;Cubatão;SP;Rondonópolis;MT;2.284;3.744.880
jun/25;RMP;Fosfato;Estação TUF;SP;Rondonópolis;MT;193;317.173
jun/25;RMP;Gasolina;Replan;SP;Rio Verde;GO;1.388;1.322.360
jun/25;RMP;Gasolina;Replan;SP;Rondonópolis;MT;11.900;16.582.789
jun/25;RMP;Gasolina;Replan;SP;T. Olacyr F. Morais;MS;892;938.800
jun/25;RMP;Óleo Diesel;Replan;SP;Rio Preto Paulista;SP;5.074;2.130.552
jun/25;RMP;Óleo Diesel;Replan;SP;Rio Verde;GO;3.624;3.452.618
jun/25;RMP;Óleo Diesel;Replan;SP;Rondonópolis;MT;114.789;159.959.841
jun/25;RMP;Óleo Diesel;Replan;SP;T. Olacyr F. Morais;MS;7.009;7.376.740
jun/25;RMP;Soja;Rio Verde;GO;Conceiçãozinha;SP;161.173;194.977.116
jun/25;RMP;Soja;Rio Verde;GO;Estação TUF;SP;96;114.361
jun/25;RMP;Soja;Rio Verde;GO;Santos;SP;330.119;396.694.117
jun/25;RMP;Soja;São Simão;GO;Conceiçãozinha;SP;8.691;8.634.335
jun/25;RMP;Soja;São Simão;GO;Santos;SP;66.759;65.810.333
jun/25;RMS;Açúcar;Londrina;PR;D Pedro II;PR;56.338;35.549.770
jun/25;RMS;Açúcar;Marialva;PR;D Pedro II;PR;125.450;77.802.388
jun/25;RMS;Açúcar;Maringa;PR;D Pedro II;PR;158.425;103.254.717
jun/25;RMS;Açúcar;Rolandia;PR;D Pedro II;PR;99.517;61.375.674
jun/25;RMS;Adubo Orgânico a Granel;D Pedro II;PR;Cará-Cará;PR;721;172.951
jun/25;RMS;Adubo Orgânico a Granel;km 5;PR;Cará-Cará;PR;1.498;352.858
jun/25;RMS;Adubo Orgânico a Granel;km 5;PR;Maringa;PR;799;517.298
jun/25;RMS;Adubo Orgânico a Granel;Rio Grande;RS;Cruz Alta;RS;13.785;10.172.526
jun/25;RMS;Álcool;Londrina;PR;Araucária Terminal;PR;10.569;5.348.121
jun/25;RMS;Álcool;Sarandi;PR;Araucária Terminal;PR;3.986;2.036.570
jun/25;RMS;Calcário Corretivo;Tranqueira;PR;Maringa;PR;2.305;1.352.574
jun/25;RMS;Celulose;Ortigueira;PR;km 5;PR;46.976;21.472.682
jun/25;RMS;Cimento acondicionado;Apiai;SP;Londrina;PR;18.636;10.767.750
jun/25;RMS;Cimento acondicionado;Apiai;SP;Uvaranas;PR;15.032;2.924.054
jun/25;RMS;Cimento acondicionado;Rio Branco do Sul;PR;Cascavel;PR;10.596;7.263.579
jun/25;RMS;Cimento acondicionado;Rio Branco do Sul;PR;Londrina;PR;10.183;5.923.563
jun/25;RMS;Cimento acondicionado;Rio Branco do Sul;PR;Maringa;PR;21.720;13.085.431
jun/25;RMS;Cloreto de Potássio;km 5;PR;Cará-Cará;PR;3.647;859.061
jun/25;RMS;Cloreto de Potássio;km 5;PR;Cascavel;PR;5.635;4.116.240
jun/25;RMS;Cloreto de Potássio;Rio Grande;RS;Cruz Alta;RS;12.386;9.140.149
jun/25;RMS;Cloreto de Potássio;São Francisco do Sul;SC;Maringa;PR;1.994;1.512.303
jun/25;RMS;Contêiner Cheio de 40 Pés;Cambe;PR;D Pedro II;PR;30.040;18.740.994
jun/25;RMS;Contêiner Cheio de 40 Pés;Cascavel;PR;D Pedro II;PR;32.807;24.106.550
jun/25;RMS;Contêiner Cheio de 40 Pés;Ortigueira;PR;D Pedro II;PR;55.258;25.497.312
jun/25;RMS;Contêiner Vazio de 40 Pés;D Pedro II;PR;Cambe;PR;4.481;2.795.552
jun/25;RMS;Contêiner Vazio de 40 Pés;D Pedro II;PR;Cascavel;PR;4.633;3.404.323
jun/25;RMS;Contêiner Vazio de 40 Pés;D Pedro II;PR;Ortigueira;PR;7.407;3.417.760
jun/25;RMS;Farelo de Soja;Cruz Alta;RS;Rio Grande;RS;34.645;25.566.000
jun/25;RMS;Farelo de Soja;Desvio Ribas;PR;D Pedro II;PR;71.430;16.439.210
jun/25;RMS;Farelo de Soja;Ijuí;RS;Rio Grande;RS;21.019;16.635.235
jun/25;RMS;Farelo de Soja;Londrina;PR;D Pedro II;PR;16.772;10.583.330
jun/25;RMS;Farelo de Soja;Maringa;PR;D Pedro II;PR;11.100;7.234.502
jun/25;RMS;Fosfato;km 5;PR;Cará-Cará;PR;1.276;300.566
jun/25;RMS;Fosfato;km 5;PR;Cascavel;PR;702;512.792
jun/25;RMS;Fosfato;Rio Grande;RS;Cruz Alta;RS;741;546.815
jun/25;RMS;Gasolina;Araucária Terminal;PR;Eng. Vicente Montanha;PR;9.340;4.797.677
jun/25;RMS;Gasolina;Araucária Terminal;PR;Londrina;PR;8.690;4.397.313
jun/25;RMS;Gasolina;Araucária Terminal;PR;Sarandi;PR;1.587;810.847
jun/25;RMS;Gasolina;D Pedro II;PR;Sarandi;PR;1.398;882.980
jun/25;RMS;Grãos - Cevada;km 5;PR;Guarapuava;PR;3.432;1.655.531
jun/25;RMS;Grãos - Milho;Londrina;PR;D Pedro II;PR;34.026;21.470.809
jun/25;RMS;Grãos - Milho;Maringa;PR;D Pedro II;PR;2.411;1.571.398
jun/25;RMS;Grãos - Milho;Maringa;PR;São Francisco do Sul;SC;431;326.882
jun/25;RMS;Óleo Diesel;Araucária Terminal;PR;Eng. Vicente Montanha;PR;41.832;21.487.841
jun/25;RMS;Óleo Diesel;Araucária Terminal;PR;Londrina;PR;16.945;8.574.506
jun/25;RMS;Óleo Diesel;Araucária Terminal;PR;Sarandi;PR;1.253;640.196
jun/25;RMS;Óleo Diesel;D Pedro II;PR;Araucária Terminal;PR;37.832;4.728.544
jun/25;RMS;Óleo Diesel;D Pedro II;PR;Londrina;PR;3.086;1.947.290
jun/25;RMS;Óleo Diesel;D Pedro II;PR;Sarandi;PR;1.165;735.815
jun/25;RMS;Prd. Siderúrgicos - Bobina - BF;São Francisco do Sul;SC;Araucária Carga;PR;2.314;724.047
jun/25;RMS;Soja;Cacequi;RS;Rio Grande;RS;12.634;6.091.962
jun/25;RMS;Soja;Cascavel;PR;D Pedro II;PR;25.568;18.787.426
jun/25;RMS;Soja;Cruz Alta;RS;Rio Grande;RS;89.794;66.262.759
jun/25;RMS;Soja;Ijuí;RS;Rio Grande;RS;744;588.829
jun/25;RMS;Soja;J.De Castilhos;RS;Rio Grande;RS;16.215;10.679.775
jun/25;RMS;Soja;Londrina;PR;D Pedro II;PR;30.332;19.139.733
jun/25;RMS;Soja;Londrina;PR;São Francisco do Sul;SC;25.176;18.571.779
jun/25;RMS;Soja;Marialva;PR;D Pedro II;PR;158.623;98.375.775
jun/25;RMS;Soja;Marialva;PR;São Francisco do Sul;SC;70.350;51.134.328
jun/25;RMS;Soja;Maringa;PR;D Pedro II;PR;129.211;84.214.484
jun/25;RMS;Soja;Maringa;PR;São Francisco do Sul;SC;169.792;128.774.899
jun/25;RMS;Soja;Rolandia;PR;D Pedro II;PR;51.507;31.746.258
jun/25;RMS;Soja;Rolandia;PR;São Francisco do Sul;SC;38.545;27.799.215
jun/25;RMS;Soja;Santo Ângelo;RS;Rio Grande;RS;10.449;8.839.404
jun/25;RMS;Soja;Tigre;RS;Rio Grande;RS;6.026;3.362.688
jun/25;RMS;Soja;Tupancireta;RS;Rio Grande;RS;1.002;684.290
jun/25;RMS;Ureia;km 5;PR;Maringa;PR;1.309;847.489
jul/25;EFC;Carvão Mineral;Ponta da Madeira;MA;Paraupebas;PA;8.360;7.197.960
jul/25;EFC;Cobre;Paraupebas;PA;Ponta da Madeira Cobre;MA;86.589;75.505.608
jul/25;EFC;Ferro Gusa;Açailândia;MA;Ponta da Madeira Pêra do Píer;MA;21.495;11.299.921
jul/25;EFC;Ferro Gusa;Marabá;PA;Ponta da Madeira Pêra do Píer;MA;37.240;27.956.066
jul/25;EFC;Gasolina;Itaqui Base Combustível;MA;Açailândia;MA;7.342;3.839.866
jul/25;EFC;Gasolina;Itaqui Base Combustível;MA;Marabá;PA;10.241;7.663.927
jul/25;EFC;Minério de Ferro;Açailândia;MA;Ponta da Madeira;MA;45.211;23.193.243
jul/25;EFC;Minério de Ferro;Carajás;PA;Açailândia;MA;108.261;40.922.658
jul/25;EFC;Minério de Ferro;Carajás;PA;Marabá;PA;19.599;2.998.647
jul/25;EFC;Minério de Ferro;Carajás;PA;Ponta da Madeira;MA;7.716.776;6.896.362.509
jul/25;EFC;Minério de Ferro;Marabá;PA;Açailândia;MA;5.028;1.131.300
jul/25;EFC;Minério de Ferro;Marabá;PA;Ponta da Madeira;MA;22.741;16.782.858
jul/25;EFC;Minério de Ferro;Serra Leste;PA;Açailândia;MA;23.960;7.627.474
jul/25;EFC;Minério de Ferro;Serra Leste;PA;Ponta da Madeira;MA;689.949;573.583.581
jul/25;EFC;Minério de Ferro;Serra Sul;PA;Ponta da Madeira;MA;7.629.318;7.220.279.744
jul/25;EFC;Óleo Diesel;Itaqui Base Combustível;MA;Açailândia;MA;23.934;12.517.482
jul/25;EFC;Óleo Diesel;Itaqui Base Combustível;MA;Marabá;PA;40.779;30.503.747
jul/25;EFPO;Cimento acondicionado;Agrária;PR;Cascavel;PR;6.880;1.655.314
jul/25;EFPO;Soja;Cascavel;PR;Agrária;PR;15.708;3.779.312
jul/25;EFVM;Antracito;Tubarão;ES;Intendente Câmara;MG;77.261;33.462.587
jul/25;EFVM;Carvão Mineral;Tubarão;ES;Bela Vista de Minas;MG;7.868;4.121.997
jul/25;EFVM;Carvão Mineral;Tubarão;ES;Intendente Câmara;MG;75.724;32.796.894
jul/25;EFVM;Carvão Mineral;Tubarão;ES;Ouro Branco;MG;114.499;76.814.631
jul/25;EFVM;Celulose;Aracruz;ES;Frederico Selow;MG;46;17.046
jul/25;EFVM;Celulose;Frederico Selow;MG;Aracruz;ES;107.238;39.739.507
jul/25;EFVM;Cloreto de Potássio;Tubarão;ES;Brejo Alegre;MG;42.400;59.962.968
jul/25;EFVM;Contêiner Cheio de 20 Pés;Tubarão;ES;Nova Granja;MG;8.529;5.807.924
jul/25;EFVM;Coque;Tubarão;ES;Prudente de Morais;MG;7.136;5.141.644
jul/25;EFVM;Coque Metalúrgico;Tubarão;ES;Bela Vista de Minas;MG;26.860;14.071.792
jul/25;EFVM;Ferro Gusa;Aroaba;ES;Pedro Nolasco;ES;11.897;286.395
jul/25;EFVM;Ferro Gusa;Funil;MG;Pedro Nolasco;ES;7.796;4.997.407
jul/25;EFVM;Ferro Gusa;Funil;MG;Tubarão;ES;4.147;2.648.393
jul/25;EFVM;Fosfato;Tubarão;ES;Brejo Alegre;MG;707;999.549
jul/25;EFVM;Minério de Ferro;Barão de Cocais;MG;Intendente Câmara;MG;46.753;7.861.843
jul/25;EFVM;Minério de Ferro;Barão de Cocais;MG;Tubarão;ES;84.738;50.950.246
jul/25;EFVM;Minério de Ferro;Brucutu;MG;Tubarão;ES;2.516.319;1.470.299.962
jul/25;EFVM;Minério de Ferro;Capitão Eduardo;MG;Intendente Câmara;MG;73.743;16.340.559
jul/25;EFVM;Minério de Ferro;Conceição;MG;Tubarão;ES;1.014.489;551.365.097
jul/25;EFVM;Minério de Ferro;Fábrica Muro;MG;Tubarão;ES;48.174;32.590.103
jul/25;EFVM;Minério de Ferro;Fazendão;MG;Piraqueaçu;ES;2.445;1.275.089
jul/25;EFVM;Minério de Ferro;Fazendão;MG;Tubarão;ES;1.253.258;745.980.190
jul/25;EFVM;Minério de Ferro;João Correia;MG;Tubarão;ES;148.445;63.079.474
jul/25;EFVM;Minério de Ferro;João Paulo;MG;Tubarão;ES;756.783;410.226.521
jul/25;EFVM;Minério de Ferro;Mário Carvalho;MG;Tubarão;ES;218.532;97.669.599
jul/25;EFVM;Minério de Ferro;Ouro Branco;MG;Intendente Câmara;MG;24.834;5.901.053
jul/25;EFVM;Minério de Ferro;Ouro Branco;MG;Mário Carvalho;MG;24.218;5.419.464
jul/25;EFVM;Minério de Ferro;Ouro Branco;MG;Piraqueaçu;ES;10.566;6.321.024
jul/25;EFVM;Minério de Ferro;Ouro Branco;MG;Tubarão;ES;77.803;52.781.710
jul/25;EFVM;Minério de Ferro;Pátio 206;MG;Intendente Câmara;MG;6.251;1.024.657
jul/25;EFVM;Minério de Ferro;Pátio 206;MG;Tubarão;ES;349.750;209.213.574
jul/25;EFVM;Minério de Ferro;Piraqueaçu;ES;Tubarão;ES;4.350;315.957
jul/25;EFVM;Minério de Ferro;Timbopeba;MG;Intendente Câmara;MG;5.677;1.052.266
jul/25;EFVM;Minério de Ferro;Timbopeba;MG;Tubarão;ES;1.209.273;744.800.028
jul/25;EFVM;Minério de Ferro;Tubarão;ES;Intendente Câmara;MG;17.195;7.584.611
jul/25;EFVM;Minério de Ferro;Tubarão;ES;Pedro Nolasco;ES;2.873;78.188
jul/25;EFVM;Minério de Ferro;Tubarão;ES;Piraqueaçu;ES;47.938;3.864.617
jul/25;EFVM;Outros - adubos e Fertilizantes;Tubarão;ES;Brejo Alegre;MG;12.529;17.718.774
jul/25;EFVM;Prd. Siderúrgicos - Bobina - BF;Intendente Câmara;MG;Capitão Eduardo;MG;20.977;4.550.099
jul/25;EFVM;Prd. Siderúrgicos - Bobina - BF;Intendente Câmara;MG;Carreira Comprida;MG;2.930;654.649
jul/25;EFVM;Prd. Siderúrgicos - Bobina - BF;Intendente Câmara;MG;Couto e Silva;MG;2.017;512.227
jul/25;EFVM;Prd. Siderúrgicos - Bobina - BF;Intendente Câmara;MG;Embiruçu;MG;29.687;7.339.721
jul/25;EFVM;Prd. Siderúrgicos - Bobina - BF;Intendente Câmara;MG;Horto Florestal;MG;3.025;665.362
jul/25;EFVM;Prd. Siderúrgicos - Bobina - BF;Intendente Câmara;MG;Lafaiete Bandeira;MG;34.076;7.590.858
jul/25;EFVM;Prd. Siderúrgicos - Bobina - BF;Intendente Câmara;MG;Tubarão;ES;10.279;4.451.947
jul/25;EFVM;Prd. Siderúrgicos - Bobina - BF;Mário Carvalho;MG;Capitão Eduardo;MG;3.324;673.310
jul/25;EFVM;Prd. Siderúrgicos - Bobina - BF;Tubarão;ES;Lafaiete Bandeira;MG;16.839;11.044.291
jul/25;EFVM;Prd. Siderúrgicos - Bobina - BF;Tubarão;ES;Parque Industrial;MG;11.239;7.552.382
jul/25;EFVM;Prd. Siderúrgicos - Fio Máquina;João Monlevade;MG;Aracruz;ES;6.902;3.458.039
jul/25;EFVM;Prd. Siderúrgicos - Fio Máquina;João Monlevade;MG;Capitão Eduardo;MG;16.355;2.017.470
jul/25;EFVM;Prd. Siderúrgicos - Fio Máquina;João Monlevade;MG;Dr. Lund;MG;3.873;628.607
jul/25;EFVM;Prd. Siderúrgicos - Fio Máquina;João Monlevade;MG;Governador Valadares;MG;3.282;669.987
jul/25;EFVM;Prd. Siderúrgicos - Fio Máquina;João Monlevade;MG;Nova Granja;MG;1.230;188.574
jul/25;EFVM;Prd. Siderúrgicos - Fio Máquina;João Monlevade;MG;Tubarão;ES;9.102;4.793.603
jul/25;EFVM;Prd. Siderúrgicos - Fio Máquina;Ouro Branco;MG;Tubarão;ES;117;78.492
jul/25;EFVM;Prd. Siderúrgicos - Outros;Intendente Câmara;MG;Capitão Eduardo;MG;8.734;1.898.537
jul/25;EFVM;Prd. Siderúrgicos - Outros;Intendente Câmara;MG;Carreira Comprida;MG;581;129.812
jul/25;EFVM;Prd. Siderúrgicos - Outros;Intendente Câmara;MG;Horto Florestal;MG;1.165;256.246
jul/25;EFVM;Prd. Siderúrgicos - Outros;Intendente Câmara;MG;Lafaiete Bandeira;MG;16.414;3.694.265
jul/25;EFVM;Prd. Siderúrgicos - Outros;Intendente Câmara;MG;Tubarão;ES;10.041;4.348.867
jul/25;EFVM;Prd. Siderúrgicos - Outros;Ouro Branco;MG;Pedro Nolasco;ES;2.291;1.542.458
jul/25;EFVM;Prd. Siderúrgicos - Outros;Ouro Branco;MG;Tubarão;ES;4.039;2.740.065
jul/25;EFVM;Prd. Siderúrgicos - Outros;Pedreira Rio das Velhas;MG;Lafaiete Bandeira;MG;220;36.387
jul/25;EFVM;Prd. Siderúrgicos - Outros;Pedro Nolasco;ES;Pedreira Rio das Velhas;MG;805;519.925
jul/25;EFVM;Prd. Siderúrgicos - Placa;Intendente Câmara;MG;Lafaiete Bandeira;MG;1.852;412.560
jul/25;EFVM;Prd. Siderúrgicos - Placa;Lafaiete Bandeira;MG;Intendente Câmara;MG;2.234;497.657
jul/25;EFVM;Prd. Siderúrgicos - Tarugo;João Monlevade;MG;Parque Industrial;MG;1.109;161.166
jul/25;EFVM;Prd. Siderúrgicos - Tarugo;Ouro Branco;MG;Tubarão;ES;30.329;20.346.998
jul/25;EFVM;Prd. Siderúrgicos - Tarugo;Pedro Nolasco;ES;João Monlevade;MG;1.147;606.816
jul/25;EFVM;Toras de Madeira;Desembargador Drumond;MG;Frederico Selow;MG;21.476;2.333.023
jul/25;EFVM;Toras de Madeira;Eng. Costa Lacerda;MG;Frederico Selow;MG;24.388;4.164.738
jul/25;EFVM;Ureia;Tubarão;ES;Brejo Alegre;MG;26.481;37.430.468
jul/25;FCA;Açúcar;Guará;SP;Conceiçãozinha;SP;24.999;16.268.249
jul/25;FCA;Açúcar;Guará;SP;Estação TUF;SP;446.458;285.524.385
jul/25;FCA;Açúcar;Ribeirão Preto;SP;Estação TUF;SP;39.977;21.790.330
jul/25;FCA;Açúcar;Ribeirão Preto;SP;Santos;SP;43.247;24.021.025
jul/25;FCA;Açúcar;Terminal Integrador Uberaba;MG;Estação TUF;SP;175.678;146.604.687
jul/25;FCA;Açúcar;Terminal Integrador Uberaba;MG;Santos;SP;6.257;5.049.286
jul/25;FCA;Areia;Pedreira Rio das Velhas;MG;Capitão Eduardo;MG;43.762;285.853
jul/25;FCA;Areia;Roncador Novo;GO;Brasília;DF;3.584;876.528
jul/25;FCA;Bauxita;Bauxita;MG;Alumínio;SP;34.207;9.570.947
jul/25;FCA;Calcário Britado;Terminal Siderúrgico;MG;Calcario;RJ;69.538;33.483.102
jul/25;FCA;Calcário Corretivo;Matozinhos;MG;Tubarão;ES;14.039;9.925.320
jul/25;FCA;Calcário Siderúrgico;Matozinhos;MG;Intendente Câmara;MG;28.670;8.067.651
jul/25;FCA;Calcário Siderúrgico;Matozinhos;MG;Tubarão;ES;2.603;1.840.274
jul/25;FCA;Calcário Siderúrgico;Nova Granja;MG;Tubarão;ES;21.391;14.675.585
jul/25;FCA;Celulose;LD Celulose;MG;Aracruz;ES;29.374;39.570.479
jul/25;FCA;Clínquer;Terminal Siderúrgico;MG;Calcario;RJ;40.053;19.285.839
jul/25;FCA;Cloreto de Potássio;Estação TUF;SP;Valefertil;MG;28.915;20.063.082
jul/25;FCA;Cloreto de Potássio;Fosfago;GO;Final Ramal das Fábricas;SP;30.632;31.306.884
jul/25;FCA;Contêiner Cheio de 20 Pés;Batista Almeida;MG;Calcario;RJ;1.636;780.875
jul/25;FCA;Contêiner Cheio de 20 Pés;Batista Almeida;MG;Tubarão;ES;7.295;7.151.692
jul/25;FCA;Contêiner Cheio de 20 Pés;Nova Granja;MG;Tubarão;ES;1.045;717.429
jul/25;FCA;Cromita;Campo Formoso;BA;Irapui;BA;4.779;1.841.769
jul/25;FCA;Cromita;Itiuba;BA;Irapui;BA;14.007;4.229.819
jul/25;FCA;Dolomita;Terminal Siderúrgico;MG;Calcario;RJ;33.395;16.079.958
jul/25;FCA;Enxofre;Conceiçãozinha;SP;Fosfago;GO;3.792;3.999.160
jul/25;FCA;Enxofre;Estação TUF;SP;Fosfago;GO;2.476;2.481.791
jul/25;FCA;Enxofre;Estação TUF;SP;Valefertil;MG;27.626;19.097.743
jul/25;FCA;Farelo de Soja;Brejo Alegre;MG;Estação TUF;SP;30.984;28.753.629
jul/25;FCA;Farelo de Soja;Ipameri;GO;Santos;SP;16.342;17.000.522
jul/25;FCA;Ferro Gusa;Calsete;MG;Pedro Nolasco;ES;9.893;7.220.052
jul/25;FCA;Ferro Gusa;Calsete;MG;Tubarão;ES;703;511.015
jul/25;FCA;Ferro Gusa;Paulo Menicucci;MG;Tubarão;ES;945;786.548
jul/25;FCA;Ferro Gusa;Prudente de Morais;MG;Pedro Nolasco;ES;5.400;3.898.558
jul/25;FCA;Ferro Gusa;Prudente de Morais;MG;Tubarão;ES;1.139;827.022
jul/25;FCA;Fosfato;Catalão;GO;Valefertil;MG;71.020;21.522.113
jul/25;FCA;Gasolina;Embiruçu;MG;Governador Valadares;MG;846;304.527
jul/25;FCA;Grãos - Milho;Brejo Alegre;MG;Tubarão;ES;44.066;62.131.494
jul/25;FCA;Grãos - Milho;Terminal Integrador Uberaba;MG;Santos;SP;25.011;20.641.359
jul/25;FCA;Magnesita;Catiboaba;BA;Parque Industrial;MG;7.160;7.338.119
jul/25;FCA;Magnesita;Catiboaba;BA;Porto de Aratu;BA;19.745;11.970.247
jul/25;FCA;Minério de Ferro;Dr. Lund;MG;Intendente Câmara;MG;7.629;1.949.247
jul/25;FCA;Minério de Ferro;Dr. Lund;MG;Tubarão;ES;17.977;12.522.759
jul/25;FCA;Minério de Ferro;Prudente de Morais;MG;Tubarão;ES;4.466;3.242.740
jul/25;FCA;Minério de Ferro;Silva Oliveira;MG;Intendente Câmara;MG;140.173;43.220.852
jul/25;FCA;Minério de Ferro;Terminal de Patrocínio;MG;Terminal de Fosfatados;MG;390.864;75.691.204
jul/25;FCA;Óleo Diesel;Embiruçu;MG;Governador Valadares;MG;124;44.635
jul/25;FCA;Outros - adubos e Fertiliz - Perigoso;Estação TUF;SP;Valefertil;MG;7.100;4.934.492
jul/25;FCA;Outros - adubos e Fertilizantes;Estação TUF;SP;Valefertil;MG;6.005;4.151.232
jul/25;FCA;Prd. Siderúrgicos - Placa;Horto Florestal;MG;Intendente Câmara;MG;5.299;1.165.546
jul/25;FCA;Prd. Siderúrgicos - Placa;Parque Industrial;MG;Intendente Câmara;MG;1.719;410.615
jul/25;FCA;Soja;Brejo Alegre;MG;Tubarão;ES;228.504;321.744.526
jul/25;FCA;Soja;Pirapora;MG;Tubarão;ES;46.122;48.854.228
jul/25;FCA;Soja;Terminal Integrador Uberaba;MG;Conceiçãozinha;SP;30.736;25.397.053
jul/25;FCA;Soja;Terminal Integrador Uberaba;MG;Estação TUF;SP;307.408;252.482.985
jul/25;FCA;Soja;Terminal Integrador Uberaba;MG;Santos;SP;12.347;10.052.569
jul/25;FCA;Toras de Madeira;Calsete;MG;Aracruz;ES;68.314;48.420.826
jul/25;FCA;Ureia;Estação TUF;SP;Valefertil;MG;8.227;5.717.756
jul/25;FNSTN;Álcool;Porto Nacional;TO;Itaqui Base Combustível;MA;3.895;4.855.643
jul/25;FNSTN;Celulose;Suzano;MA;Pátio Esso;MA;137.600;84.702.982
jul/25;FNSTN;Cloreto de Potássio;Ponta da Madeira;MA;Palmeirante;TO;47.382;45.877.327
jul/25;FNSTN;Fosfato;Ponta da Madeira;MA;Palmeirante;TO;4.515;4.352.460
jul/25;FNSTN;Fosfato;Ponta da Madeira Pêra do Píer;MA;Palmeirante;TO;3.818;3.729.040
jul/25;FNSTN;Gasolina;Itaqui Base Combustível;MA;Porto Nacional;TO;12.138;15.120.199
jul/25;FNSTN;Grãos - Milho;Palmeirante;TO;Ponta da Madeira Pêra do Píer;MA;139.373;136.655.322
jul/25;FNSTN;Grãos - Milho;Porto Franco;MA;Ponta da Madeira Pêra do Píer;MA;28.767;20.991.165
jul/25;FNSTN;Grãos - Milho;Porto Nacional;TO;Ponta da Madeira Pêra do Píer;MA;83.316;104.437.510
jul/25;FNSTN;Grãos - Milho;Porto Nacional;TO;Porto Franco;MA;482;251.845
jul/25;FNSTN;Óleo Diesel;Itaqui Base Combustível;MA;Porto Nacional;TO;37.726;46.989.551
jul/25;FNSTN;Outros - adubos e Fertilizantes;Ponta da Madeira;MA;Palmeirante;TO;9.127;8.798.428
jul/25;FNSTN;Outros - Comb e derivado -  Perigoso;Porto Nacional;TO;Itaqui Base Combustível;MA;3.492;4.351.230
jul/25;FNSTN;Soja;Alvorada;TO;Porto Nacional;TO;6.672;2.148.836
jul/25;FNSTN;Soja;Palmeirante;TO;Ponta da Madeira;MA;1.263;1.224.316
jul/25;FNSTN;Soja;Palmeirante;TO;Ponta da Madeira Pêra do Píer;MA;224.192;219.604.431
jul/25;FNSTN;Soja;Porto Franco;MA;Ponta da Madeira Pêra do Píer;MA;234.649;170.944.120
jul/25;FNSTN;Soja;Porto Nacional;TO;Ponta da Madeira Pêra do Píer;MA;295.772;370.154.985
jul/25;FTC;Carvão Mineral;Mina Novo Horizonte;SC;Capivari;SC;59.011;3.261.006
jul/25;FTC;Carvão Mineral;Rio Fiorita;SC;Capivari;SC;130.794;10.316.254
jul/25;FTC;Carvão Mineral;Sangão;SC;Capivari;SC;2.358;165.180
jul/25;FTC;Carvão Mineral;Urussanga;SC;Capivari;SC;41.288;2.665.395
jul/25;FTC;Contêiner Cheio de 20 Pés;Eng. Paz Ferreira;SC;Imbituba;SC;39.462;4.206.728
jul/25;FTC;Contêiner Cheio de 20 Pés;Imbituba;SC;Eng. Paz Ferreira;SC;115;12.259
jul/25;FTC;Contêiner Cheio de 40 Pés;Eng. Paz Ferreira;SC;Imbituba;SC;6.360;677.988
jul/25;FTC;Contêiner Cheio de 40 Pés;Imbituba;SC;Eng. Paz Ferreira;SC;5.746;612.535
jul/25;FTC;Contêiner Vazio de 20 Pés;Imbituba;SC;Eng. Paz Ferreira;SC;3.110;331.532
jul/25;FTC;Contêiner Vazio de 40 Pés;Eng. Paz Ferreira;SC;Imbituba;SC;82;8.741
jul/25;FTC;Contêiner Vazio de 40 Pés;Imbituba;SC;Eng. Paz Ferreira;SC;249;26.543
jul/25;FTL;Álcool;Babaçu;MA;Itaqui;MA;1.381;461.461
jul/25;FTL;Areia;Aracapé;CE;Coroatá;MA;40;37.992
jul/25;FTL;Areia;Aracapé;CE;Crateus;CE;40;17.526
jul/25;FTL;Areia;Aracapé;CE;Sobral;CE;40;9.223
jul/25;FTL;Areia;Aracapé;CE;Teresina;PI;80;58.440
jul/25;FTL;Areia;Teresina;PI;Aracapé;CE;8;5.844
jul/25;FTL;Celulose;Pátio Esso;MA;Itaqui;MA;133.680;267.360
jul/25;FTL;Cimento acondicionado;Fábrica Votorantim Pecém;CE;Aracapé;CE;11.643;545.404
jul/25;FTL;Cimento acondicionado;Pecem;CE;São Luis - Tirirical;MA;1.097;1.277.876
jul/25;FTL;Cimento acondicionado;Pecem;CE;Teresina;PI;1.573;1.115.072
jul/25;FTL;Cimento acondicionado;Poty;CE;Teresina;PI;17.432;8.750.933
jul/25;FTL;Clínquer;Poty;CE;São Luis - Tirirical;MA;10.653;10.205.616
jul/25;FTL;Coque;Mucuripe;CE;Poty;CE;4.758;1.210.378
jul/25;FTL;Demais Produtos;AMV km 26 Itaqui;MA;São Luis - Tirirical;MA;16;413
jul/25;FTL;Demais Produtos;Aracapé;CE;Cana Brava;PI;88;45.363
jul/25;FTL;Demais Produtos;Babaçu;MA;Altos;PI;89;14.685
jul/25;FTL;Demais Produtos;Carga Ferro Gusa e Cruz;MA;Codó;MA;2.371;541.612
jul/25;FTL;Demais Produtos;Carga Ferro Gusa e Cruz;MA;São Luis - Tirirical;MA;40;2.360
jul/25;FTL;Demais Produtos;Codó;MA;Itapecuru Mirim;MA;1;162
jul/25;FTL;Demais Produtos;Coroatá;MA;Aracapé;CE;1;949
jul/25;FTL;Demais Produtos;Crateus;CE;Aracapé;CE;1;438
jul/25;FTL;Demais Produtos;São Luis - Tirirical;MA;Aracapé;CE;1;1.183
jul/25;FTL;Demais Produtos;Teresina;PI;Aracapé;CE;5;3.652
jul/25;FTL;Dormentes de Madeira;Aracapé;CE;Crateus;CE;20;8.763
jul/25;FTL;Dormentes de Madeira;Aracapé;CE;Ibiapaba;CE;12;5.702
jul/25;FTL;Dormentes de Madeira;Caxias Nova;MA;Aracapé;CE;16;12.948
jul/25;FTL;Dormentes de Madeira;Caxias Nova;MA;Castelo;PI;16;3.829
jul/25;FTL;Dormentes de Madeira;Caxias Nova;MA;Coroatá;MA;8;1.124
jul/25;FTL;Dormentes de Madeira;Caxias Nova;MA;Cristino Cruz Novo;MA;6;186
jul/25;FTL;Dormentes de Madeira;Caxias Nova;MA;Itapecuru Mirim;MA;8;1.999
jul/25;FTL;Dormentes de Madeira;Caxias Nova;MA;São Luis - Tirirical;MA;32;12.072
jul/25;FTL;Dormentes de Madeira;Caxias Nova;MA;Sombra;PI;8;1.399
jul/25;FTL;Dormentes de Madeira;Crateus;CE;Altos;PI;16;4.053
jul/25;FTL;Dormentes de Madeira;Crateus;CE;Cariré;CE;32;5.593
jul/25;FTL;Dormentes de Madeira;Crateus;CE;Caxias Nova;MA;38;14.101
jul/25;FTL;Dormentes de Madeira;Crateus;CE;Cristino Cruz Novo;MA;35;11.897
jul/25;FTL;Dormentes de Madeira;Crateus;CE;Croatá;CE;16;5.905
jul/25;FTL;Dormentes de Madeira;Crateus;CE;Itapipoca;CE;16;4.855
jul/25;FTL;Dormentes de Madeira;Crateus;CE;Miraíma;CE;16;4.113
jul/25;FTL;Dormentes de Madeira;Crateus;CE;Nova Russas;CE;14;830
jul/25;FTL;Dormentes de Madeira;Crateus;CE;Reriutaba;CE;16;2.367
jul/25;FTL;Dormentes de Madeira;Crateus;CE;São Luis - Tirirical;MA;32;23.855
jul/25;FTL;Dormentes de Madeira;Crateus;CE;Sombra;PI;16;3.138
jul/25;FTL;Dormentes de Madeira;Itapecuru Mirim;MA;São Luis - Tirirical;MA;3;382
jul/25;FTL;Dormentes de Madeira;Miraíma;CE;Sobral;CE;4;198
jul/25;FTL;Dormentes de Madeira;Sombra;PI;Altos;PI;38;2.174
jul/25;FTL;Gasolina;Itaqui;MA;Itarare;PI;12.283;5.688.869
jul/25;FTL;Gasolina;Itaqui;MA;Teresina;PI;8.766;4.023.071
jul/25;FTL;Óleo Diesel;Itaqui;MA;Itarare;PI;9.088;4.209.104
jul/25;FTL;Óleo Diesel;Itaqui;MA;Teresina;PI;14.238;6.544.529
jul/25;FTL;Pallets de Madeira;São Luis - Tirirical;MA;Pecem;CE;15;17.473
jul/25;FTL;Pó de Pedra;Carga Ferro Gusa e Cruz;MA;Altos;PI;45;19.491
jul/25;FTL;Pó de Pedra;Carga Ferro Gusa e Cruz;MA;Aracapé;CE;1;1.127
jul/25;FTL;Pó de Pedra;Carga Ferro Gusa e Cruz;MA;Caxias Nova;MA;45;14.192
jul/25;FTL;Pó de Pedra;Carga Ferro Gusa e Cruz;MA;Cristino Cruz Novo;MA;45;15.594
jul/25;FTL;Pó de Pedra;Carga Ferro Gusa e Cruz;MA;Itapecuru Mirim;MA;45;3.076
jul/25;FTL;Pó de Pedra;Carga Ferro Gusa e Cruz;MA;Nova Russas;CE;89;66.631
jul/25;FTL;Pó de Pedra;Carga Ferro Gusa e Cruz;MA;São Luis - Tirirical;MA;402;23.718
jul/25;FTL;Pó de Pedra;Carga Ferro Gusa e Cruz;MA;Sombra;PI;45;22.194
jul/25;FTL;Prd. Siderúrgicos - Bobina - BF;Aracapé;CE;Teresina;PI;2.333;1.704.264
jul/25;FTL;Produtos Químicos - Perigoso;São Luis - Tirirical;MA;Oficina Demostenes Rockert;CE;40;47.480
jul/25;FTL;Produtos Químicos - Perigoso;Sobral;CE;Oficina Demostenes Rockert;CE;38;8.781
jul/25;FTL;Soja;Carregamento de Grãos;MA;Itaqui;MA;7.423;2.942.477
jul/25;MRS;Açúcar;Itirapina;SP;Santos;SP;98.281;38.607.528
jul/25;MRS;Açúcar;Pradopolis;SP;Conceiçãozinha;SP;37.571;20.518.649
jul/25;MRS;Açúcar;Pradopolis;SP;Santos;SP;57.178;30.854.276
jul/25;MRS;Açúcar;Rio Preto Paulista;SP;Santos;SP;20.998;14.080.880
jul/25;MRS;Açúcar;Votuporanga;SP;Santos;SP;39.547;30.283.352
jul/25;MRS;Areia;Cruzeiro;SP;Mooca;SP;19.722;4.619.602
jul/25;MRS;Areia;Cruzeiro;SP;Santo André;SP;5.380;1.336.817
jul/25;MRS;Areia;Parque Industrial;MG;Água Branca;SP;14.700;11.303.373
jul/25;MRS;Areia;Roseira;SP;Água Branca;SP;6.982;1.288.542
jul/25;MRS;Areia;Roseira;SP;Mooca;SP;13.315;2.372.599
jul/25;MRS;Bauxita;Barão de Angra;RJ;Alumínio;SP;42.217;28.659.981
jul/25;MRS;Calcário Siderúrgico;Itutinga;MG;Volta Redonda;RJ;10.382;2.146.769
jul/25;MRS;Carvão Mineral;Baia Sepetiba;RJ;Volta Redonda;RJ;62.976;7.493.892
jul/25;MRS;Carvão Mineral;Curuputuba;SP;Volta Redonda;RJ;8.230;1.428.225
jul/25;MRS;Carvão Mineral;Porto Sudeste;RJ;Ouro Branco;MG;31.104;14.692.907
jul/25;MRS;Celulose;Pederneiras;SP;Santos;SP;229.526;119.598.194
jul/25;MRS;Celulose;São Silvestre;SP;Barnabé;SP;74.712;7.542.923
jul/25;MRS;Cimento a Granel;Barbacena;MG;Santo André;SP;45.911;30.398.407
jul/25;MRS;Cimento a Granel;Pedra do Sino;MG;São Bento;SP;53.640;34.953.165
jul/25;MRS;Cimento a Granel;Terminal Cimento Barroso;MG;Deodoro;RJ;1.008;359.689
jul/25;MRS;Cimento a Granel;Wilson Lobato;MG;Santo André;SP;1.824;1.585.891
jul/25;MRS;Cimento acondicionado;Pedra do Sino;MG;Arará;RJ;10.222;5.423.159
jul/25;MRS;Cimento acondicionado;Volta Redonda;RJ;Água Branca;SP;646;224.876
jul/25;MRS;Cimento acondicionado;Volta Redonda;RJ;Arará;RJ;30.653;4.434.354
jul/25;MRS;Cimento acondicionado;Volta Redonda;RJ;Benfica;MG;2.513;544.122
jul/25;MRS;Cimento acondicionado;Volta Redonda;RJ;Capuava;SP;4.162;1.498.640
jul/25;MRS;Cimento acondicionado;Volta Redonda;RJ;Mogi das Cruzes;SP;574;190.852
jul/25;MRS;Cimento acondicionado;Volta Redonda;RJ;Pedrasil;SP;4.839;810.890
jul/25;MRS;Cimento acondicionado;Volta Redonda;RJ;São José dos Campos;SP;7.014;1.655.240
jul/25;MRS;Cimento acondicionado;Wilson Lobato;MG;Água Branca;SP;1.190;1.010.574
jul/25;MRS;Cimento acondicionado;Wilson Lobato;MG;Capuava;SP;140;120.567
jul/25;MRS;Cimento acondicionado;Wilson Lobato;MG;São José dos Campos;SP;70;51.597
jul/25;MRS;Contêiner Cheio de 20 Pés;Arará;RJ;Eldorado;MG;4.463;2.867.971
jul/25;MRS;Contêiner Cheio de 20 Pés;Arará;RJ;Floriano;RJ;4.938;850.274
jul/25;MRS;Contêiner Cheio de 20 Pés;Arará;RJ;Itatiaia;RJ;4;811
jul/25;MRS;Contêiner Cheio de 20 Pés;Barnabé;SP;Curuputuba;SP;2.100;428.416
jul/25;MRS;Contêiner Cheio de 20 Pés;Barnabé;SP;Jundiaí;SP;186;23.957
jul/25;MRS;Contêiner Cheio de 20 Pés;Conceiçãozinha;SP;Curuputuba;SP;228;48.374
jul/25;MRS;Contêiner Cheio de 20 Pés;Conceiçãozinha;SP;Eng. Neiva;SP;3.084;748.187
jul/25;MRS;Contêiner Cheio de 20 Pés;Conceiçãozinha;SP;Jundiaí;SP;52;7.116
jul/25;MRS;Contêiner Cheio de 20 Pés;Cragea;SP;Barnabé;SP;396;17.908
jul/25;MRS;Contêiner Cheio de 20 Pés;Curuputuba;SP;Arará;RJ;4.634;1.474.548
jul/25;MRS;Contêiner Cheio de 20 Pés;Curuputuba;SP;Barnabé;SP;6.956;1.419.079
jul/25;MRS;Contêiner Cheio de 20 Pés;Curuputuba;SP;Brisamar;RJ;319;91.723
jul/25;MRS;Contêiner Cheio de 20 Pés;Curuputuba;SP;Conceiçãozinha;SP;1.622;344.140
jul/25;MRS;Contêiner Cheio de 20 Pés;Eldorado;MG;Arará;RJ;3.886;2.264.764
jul/25;MRS;Contêiner Cheio de 20 Pés;Eldorado;MG;Barnabé;SP;380;302.708
jul/25;MRS;Contêiner Cheio de 20 Pés;Eldorado;MG;Brisamar;RJ;109;60.182
jul/25;MRS;Contêiner Cheio de 20 Pés;Itutinga;MG;Barnabé;SP;4.404;2.470.974
jul/25;MRS;Contêiner Cheio de 20 Pés;Itutinga;MG;Brisamar;RJ;93;29.831
jul/25;MRS;Contêiner Cheio de 20 Pés;Itutinga;MG;Conceiçãozinha;SP;4.818;2.742.160
jul/25;MRS;Contêiner Cheio de 20 Pés;Itutinga;MG;Final Ramal das Fábricas;SP;1.076;619.221
jul/25;MRS;Contêiner Cheio de 20 Pés;Jundiaí;SP;Conceiçãozinha;SP;66;9.046
jul/25;MRS;Contêiner Cheio de 20 Pés;Parque Industrial;MG;Itaguai;RJ;1.368;771.640
jul/25;MRS;Contêiner Cheio de 20 Pés - Perigoso;Arará;RJ;Dias Tavares;MG;1.397;409.984
jul/25;MRS;Contêiner Cheio de 20 Pés - Perigoso;Conceiçãozinha;SP;Eng. Neiva;SP;1.615;391.803
jul/25;MRS;Contêiner Cheio de 40 Pés;Arará;RJ;Couto e Silva;MG;134;88.253
jul/25;MRS;Contêiner Cheio de 40 Pés;Arará;RJ;Edmar Alves;SP;2.025;741.892
jul/25;MRS;Contêiner Cheio de 40 Pés;Arará;RJ;Floriano;RJ;2.529;435.468
jul/25;MRS;Contêiner Cheio de 40 Pés;Arará;RJ;Itatiaia;RJ;158;32.062
jul/25;MRS;Contêiner Cheio de 40 Pés;Arará;RJ;Manoel Feio;SP;1.213;550.831
jul/25;MRS;Contêiner Cheio de 40 Pés;Arará;RJ;MultiTerminais;RJ;923;183.630
jul/25;MRS;Contêiner Cheio de 40 Pés;Arará;RJ;Suzano Novo;SP;244;114.043
jul/25;MRS;Contêiner Cheio de 40 Pés;Barnabé;SP;Cragea;SP;113;5.110
jul/25;MRS;Contêiner Cheio de 40 Pés;Barnabé;SP;Curuputuba;SP;4.536;925.380
jul/25;MRS;Contêiner Cheio de 40 Pés;Barnabé;SP;Jundiaí;SP;8.106;1.044.853
jul/25;MRS;Contêiner Cheio de 40 Pés;Brisamar;RJ;Floriano;RJ;6.463;914.663
jul/25;MRS;Contêiner Cheio de 40 Pés;Brisamar;RJ;MultiTerminais;RJ;508;85.845
jul/25;MRS;Contêiner Cheio de 40 Pés;Brisamar;RJ;Prudente de Morais;MG;118;84.545
jul/25;MRS;Contêiner Cheio de 40 Pés;Conceiçãozinha;SP;Cragea;SP;60;3.203
jul/25;MRS;Contêiner Cheio de 40 Pés;Conceiçãozinha;SP;Curuputuba;SP;1.179;250.149
jul/25;MRS;Contêiner Cheio de 40 Pés;Conceiçãozinha;SP;Eng. Neiva;SP;721;174.916
jul/25;MRS;Contêiner Cheio de 40 Pés;Conceiçãozinha;SP;Jundiaí;SP;8.339;1.142.957
jul/25;MRS;Contêiner Cheio de 40 Pés;Cragea;SP;Conceiçãozinha;SP;1.186;63.315
jul/25;MRS;Contêiner Cheio de 40 Pés;Curuputuba;SP;Barnabé;SP;295;60.182
jul/25;MRS;Contêiner Cheio de 40 Pés;Eldorado;MG;Arará;RJ;78;45.704
jul/25;MRS;Contêiner Cheio de 40 Pés;Eldorado;MG;Barnabé;SP;82;65.321
jul/25;MRS;Contêiner Cheio de 40 Pés;Eldorado;MG;Brisamar;RJ;137;75.642
jul/25;MRS;Contêiner Cheio de 40 Pés;Eldorado;MG;Conceiçãozinha;SP;120;96.178
jul/25;MRS;Contêiner Cheio de 40 Pés;Floriano;RJ;Arará;RJ;1.713;294.961
jul/25;MRS;Contêiner Cheio de 40 Pés;Floriano;RJ;Brisamar;RJ;119;16.841
jul/25;MRS;Contêiner Cheio de 40 Pés;Jundiaí;SP;Barnabé;SP;3.722;479.689
jul/25;MRS;Contêiner Cheio de 40 Pés;Jundiaí;SP;Conceiçãozinha;SP;19.414;2.660.849
jul/25;MRS;Contêiner Cheio de 40 Pés;Manoel Feio;SP;Arará;RJ;447;202.985
jul/25;MRS;Contêiner Cheio de 40 Pés;Manoel Feio;SP;Barnabé;SP;398;28.025
jul/25;MRS;Contêiner Cheio de 40 Pés;Manoel Feio;SP;Conceiçãozinha;SP;2.175;170.671
jul/25;MRS;Contêiner Cheio de 40 Pés;Suzano Novo;SP;Barnabé;SP;811;45.039
jul/25;MRS;Contêiner Cheio de 40 Pés - Perigoso;Arará;RJ;MultiTerminais;RJ;33;6.588
jul/25;MRS;Contêiner Cheio de 40 Pés - Perigoso;Barnabé;SP;Jundiaí;SP;77;9.891
jul/25;MRS;Contêiner Cheio de 40 Pés - Perigoso;Conceiçãozinha;SP;Eng. Neiva;SP;2.062;500.247
jul/25;MRS;Contêiner Cheio de 40 Pés - Perigoso;Conceiçãozinha;SP;Jundiaí;SP;178;24.284
jul/25;MRS;Contêiner Cheio de 40 Pés - Perigoso;Final Ramal das Fábricas;SP;Jundiaí;SP;539;77.095
jul/25;MRS;Contêiner Vazio de 20 Pés;Arará;RJ;Itutinga;MG;81;50.278
jul/25;MRS;Contêiner Vazio de 20 Pés;Conceiçãozinha;SP;Curuputuba;SP;97;20.580
jul/25;MRS;Contêiner Vazio de 20 Pés;Couto e Silva;MG;Arará;RJ;5;2.994
jul/25;MRS;Contêiner Vazio de 20 Pés;Cragea;SP;Conceiçãozinha;SP;2.668;142.433
jul/25;MRS;Contêiner Vazio de 20 Pés;Curuputuba;SP;Conceiçãozinha;SP;41;8.699
jul/25;MRS;Contêiner Vazio de 20 Pés;Dias Tavares;MG;Arará;RJ;115;78.048
jul/25;MRS;Contêiner Vazio de 20 Pés;Eldorado;MG;Arará;RJ;380;221.521
jul/25;MRS;Contêiner Vazio de 20 Pés;Eldorado;MG;Final Ramal das Fábricas;SP;12;9.679
jul/25;MRS;Contêiner Vazio de 20 Pés;Eng. Neiva;SP;Conceiçãozinha;SP;407;98.738
jul/25;MRS;Contêiner Vazio de 20 Pés;Final Ramal das Fábricas;SP;Itutinga;MG;1.026;590.217
jul/25;MRS;Contêiner Vazio de 20 Pés;Floriano;RJ;Arará;RJ;276;47.524
jul/25;MRS;Contêiner Vazio de 20 Pés;Itatiaia;RJ;Arará;RJ;5;1.014
jul/25;MRS;Contêiner Vazio de 20 Pés;Itutinga;MG;Arará;RJ;46;16.201
jul/25;MRS;Contêiner Vazio de 40 Pés;Arará;RJ;Eldorado;MG;51;32.773
jul/25;MRS;Contêiner Vazio de 40 Pés;Conceiçãozinha;SP;Manoel Feio;SP;85;6.694
jul/25;MRS;Contêiner Vazio de 40 Pés;Conceiçãozinha;SP;Suzano Novo;SP;85;5.397
jul/25;MRS;Contêiner Vazio de 40 Pés;Couto e Silva;MG;Arará;RJ;20;11.977
jul/25;MRS;Contêiner Vazio de 40 Pés;Curuputuba;SP;Conceiçãozinha;SP;116;24.611
jul/25;MRS;Contêiner Vazio de 40 Pés;Dias Tavares;MG;Arará;RJ;88;59.923
jul/25;MRS;Contêiner Vazio de 40 Pés;Edmar Alves;SP;Arará;RJ;245;89.731
jul/25;MRS;Contêiner Vazio de 40 Pés;Eldorado;MG;Arará;RJ;31;18.066
jul/25;MRS;Contêiner Vazio de 40 Pés;Eng. Neiva;SP;Conceiçãozinha;SP;561;136.100
jul/25;MRS;Contêiner Vazio de 40 Pés;Floriano;RJ;Arará;RJ;245;42.206
jul/25;MRS;Contêiner Vazio de 40 Pés;Floriano;RJ;Brisamar;RJ;343;48.542
jul/25;MRS;Contêiner Vazio de 40 Pés;Floriano;RJ;Eldorado;MG;20;11.949
jul/25;MRS;Contêiner Vazio de 40 Pés;Floriano;RJ;Suzano Novo;SP;170;50.053
jul/25;MRS;Contêiner Vazio de 40 Pés;Itatiaia;RJ;Arará;RJ;330;66.966
jul/25;MRS;Contêiner Vazio de 40 Pés;Manoel Feio;SP;Arará;RJ;3;1.362
jul/25;MRS;Contêiner Vazio de 40 Pés;Nova Granja;MG;Brisamar;RJ;17;10.491
jul/25;MRS;Coque;Baia Sepetiba;RJ;Volta Redonda;RJ;85.486;10.172.492
jul/25;MRS;Coque;Curuputuba;SP;Ouro Branco;MG;25.904;15.589.622
jul/25;MRS;Coque;Curuputuba;SP;Vespasiano;MG;2.065;1.660.724
jul/25;MRS;Coque;Vespasiano;MG;Ouro Branco;MG;5.626;1.246.451
jul/25;MRS;Escória;Ouro Branco;MG;Wilson Lobato;MG;18.956;4.699.040
jul/25;MRS;Ferro Gusa;Prudente de Morais;MG;Arará;RJ;33.554;23.066.687
jul/25;MRS;Ferro Gusa;São Bento;SP;Arará;RJ;2.524;1.094.438
jul/25;MRS;Ferro Gusa;Sarzedo Novo;MG;Arará;RJ;111.000;61.172.880
jul/25;MRS;Ferro Gusa;Sarzedo Novo;MG;Itaguai;RJ;25.689;13.564.100
jul/25;MRS;Ferro Gusa;Sarzedo Novo;MG;Volta Redonda;RJ;2.700;1.096.243
jul/25;MRS;Grãos - Milho;Pederneiras;SP;Conceiçãozinha;SP;20.833;10.994.177
jul/25;MRS;Grãos - Milho;Pederneiras;SP;Santos;SP;63.032;32.843.830
jul/25;MRS;Minério de Ferro;Carlos Newlands;MG;Baia Sepetiba;RJ;111.866;57.244.852
jul/25;MRS;Minério de Ferro;Carlos Newlands;MG;Brisamar;RJ;314.272;159.250.107
jul/25;MRS;Minério de Ferro;Carlos Newlands;MG;Porto Sudeste;RJ;145.304;74.065.371
jul/25;MRS;Minério de Ferro;Casa de Pedra;MG;Baia Sepetiba;RJ;1.574.280;694.432.224
jul/25;MRS;Minério de Ferro;Casa de Pedra;MG;Volta Redonda;RJ;134.419;43.298.376
jul/25;MRS;Minério de Ferro;Cel. João Carlos Guedes;MG;Guaiba;RJ;148.758;66.302.184
jul/25;MRS;Minério de Ferro;Curuputuba;SP;Volta Redonda;RJ;37.599;6.525.080
jul/25;MRS;Minério de Ferro;Dr. Joaquim Murtinho;MG;Baia Sepetiba;RJ;386.369;176.280.342
jul/25;MRS;Minério de Ferro;Dr. Joaquim Murtinho;MG;Brisamar;RJ;168.038;75.788.330
jul/25;MRS;Minério de Ferro;Guaiba;RJ;Pires;MG;15.600;8.488.287
jul/25;MRS;Minério de Ferro;Itutinga;MG;Volta Redonda;RJ;107.225;22.171.771
jul/25;MRS;Minério de Ferro;Olhos D Água;MG;Baia Sepetiba;RJ;395.929;218.151.731
jul/25;MRS;Minério de Ferro;Olhos D Água;MG;Guaiba;RJ;525.267;301.034.194
jul/25;MRS;Minério de Ferro;Otavio Dapieve;MG;Baia Sepetiba;RJ;1.006.570;487.761.677
jul/25;MRS;Minério de Ferro;Otavio Dapieve;MG;Congonhas do Campo;MG;57.538;4.437.042
jul/25;MRS;Minério de Ferro;Otavio Dapieve;MG;Guaiba;RJ;1.526.788;773.620.426
jul/25;MRS;Minério de Ferro;Otavio Dapieve;MG;Siderúrgica do Atlântico;RJ;389.995;193.272.941
jul/25;MRS;Minério de Ferro;Otavio Dapieve;MG;Volta Redonda;RJ;73.882;27.009.929
jul/25;MRS;Minério de Ferro;Pires;MG;Baia Sepetiba;RJ;1.273.234;577.302.120
jul/25;MRS;Minério de Ferro;Pires;MG;Guaiba;RJ;429.109;204.055.919
jul/25;MRS;Minério de Ferro;Pires;MG;Porto Sudeste;RJ;57.205;25.823.137
jul/25;MRS;Minério de Ferro;Pires;MG;Siderúrgica do Atlântico;RJ;325.270;151.059.941
jul/25;MRS;Minério de Ferro;Sarzedo;MG;Baia Sepetiba;RJ;72.513;38.316.521
jul/25;MRS;Minério de Ferro;Sarzedo;MG;Brisamar;RJ;118.002;61.763.308
jul/25;MRS;Minério de Ferro;Sarzedo;MG;Guaiba;RJ;43.395;23.890.205
jul/25;MRS;Minério de Ferro;Sarzedo;MG;Porto Sudeste;RJ;245.534;130.461.544
jul/25;MRS;Minério de Ferro;Sarzedo Novo;MG;Baia Sepetiba;RJ;289.453;151.966.297
jul/25;MRS;Minério de Ferro;Sarzedo Novo;MG;Brisamar;RJ;33.529;17.435.482
jul/25;MRS;Minério de Ferro;Sarzedo Novo;MG;Guaiba;RJ;72.840;39.853.094
jul/25;MRS;Minério de Ferro;Sarzedo Novo;MG;Porto Sudeste;RJ;860.587;450.097.325
jul/25;MRS;Minério de Ferro;Viga;MG;Baia Sepetiba;RJ;58.591;25.596.767
jul/25;MRS;Minério de Ferro;Viga;MG;Guaiba;RJ;282.622;129.721.237
jul/25;MRS;Minério de Ferro Especial - MRS distancia menor 100 km;Cel. João Carlos Guedes;MG;Dias Tavares;MG;18.508;9.740.778
jul/25;MRS;Minério de Ferro Especial - MRS distancia menor 100 km;Otavio Dapieve;MG;Ouro Branco;MG;81.284;7.812.179
jul/25;MRS;Óleo Diesel;Embiruçu;MG;Cel. João Carlos Guedes;MG;3.208;465.304
jul/25;MRS;Outras - Carga Geral Não Conteinerizada;Arará;RJ;Prudente de Morais;MG;2.444;1.826.051
jul/25;MRS;Outros Graneis Minerais;Arará;RJ;Dias Tavares;MG;2.088;612.775
jul/25;MRS;Outros Graneis Minerais;Arará;RJ;Prudente de Morais;MG;2.088;1.560.063
jul/25;MRS;Outros Graneis Minerais;Arará;RJ;Terminal Paraibuna de Metais;MG;8.222;2.419.619
jul/25;MRS;Outros Graneis Minerais;Dias Tavares;MG;Prudente de Morais;MG;2.088;947.288
jul/25;MRS;Prd. Siderúrgicos - Bobina - BF;Horto Florestal;MG;Usiminas;SP;71;45.618
jul/25;MRS;Prd. Siderúrgicos - Bobina - BF;Lafaiete Bandeira;MG;Boa Vista Velha;SP;10.936;8.651.906
jul/25;MRS;Prd. Siderúrgicos - Bobina - BF;Lafaiete Bandeira;MG;Usiminas;SP;1.961;1.055.800
jul/25;MRS;Prd. Siderúrgicos - Bobina - BF;Ouro Branco;MG;Barbará;RJ;757;258.493
jul/25;MRS;Prd. Siderúrgicos - Bobina - BF;Ouro Branco;MG;Caçapava;SP;1.372;736.368
jul/25;MRS;Prd. Siderúrgicos - Bobina - BF;Ouro Branco;MG;Ipiranga;SP;1.908;1.274.816
jul/25;MRS;Prd. Siderúrgicos - Bobina - BF;Ouro Branco;MG;Parque Industrial;MG;13.511;2.171.406
jul/25;MRS;Prd. Siderúrgicos - Bobina - BF;Ouro Branco;MG;Pulverizacao;RJ;2.113;809.490
jul/25;MRS;Prd. Siderúrgicos - Bobina - BF;Ouro Branco;MG;São Bento;SP;18.057;11.057.167
jul/25;MRS;Prd. Siderúrgicos - Bobina - BF;Ouro Branco;MG;São Caetano do Sul;SP;1.790;1.203.475
jul/25;MRS;Prd. Siderúrgicos - Bobina - BF;Parque Industrial;MG;Boa Vista Velha;SP;4.938;4.290.592
jul/25;MRS;Prd. Siderúrgicos - Bobina - BF;Piaçaguera;SP;Barbará;RJ;1.389;505.016
jul/25;MRS;Prd. Siderúrgicos - Bobina - BF;Piaçaguera;SP;Ipiranga;SP;2.518;132.579
jul/25;MRS;Prd. Siderúrgicos - Bobina - BF;Piaçaguera;SP;Pinheirinho;SP;585;38.807
jul/25;MRS;Prd. Siderúrgicos - Bobina - BF;Piaçaguera;SP;São Caetano do Sul;SP;591;28.641
jul/25;MRS;Prd. Siderúrgicos - Bobina - BF;Piaçaguera;SP;Utinga;SP;15.637;701.460
jul/25;MRS;Prd. Siderúrgicos - Bobina - BF;Volta Redonda;RJ;Ipiranga;SP;1.105;380.943
jul/25;MRS;Prd. Siderúrgicos - Bobina - BQ;Horto Florestal;MG;Manoel Feio;SP;225;169.106
jul/25;MRS;Prd. Siderúrgicos - Bobina - BQ;Horto Florestal;MG;Usiminas;SP;295;189.543
jul/25;MRS;Prd. Siderúrgicos - Bobina - BQ;Lafaiete Bandeira;MG;Barbará;RJ;2.687;951.890
jul/25;MRS;Prd. Siderúrgicos - Bobina - BQ;Lafaiete Bandeira;MG;Cruzeiro;SP;1.721;763.595
jul/25;MRS;Prd. Siderúrgicos - Bobina - BQ;Lafaiete Bandeira;MG;Ipiranga;SP;10.110;6.884.200
jul/25;MRS;Prd. Siderúrgicos - Bobina - BQ;Lafaiete Bandeira;MG;Manoel Feio;SP;4.301;2.776.850
jul/25;MRS;Prd. Siderúrgicos - Bobina - BQ;Lafaiete Bandeira;MG;São Caetano do Sul;SP;792;542.615
jul/25;MRS;Prd. Siderúrgicos - Bobina - BQ;Lafaiete Bandeira;MG;Usiminas;SP;7.516;4.046.606
jul/25;MRS;Prd. Siderúrgicos - Bobina - BQ;Manoel Feio;SP;São Bento;SP;5.640;115.586
jul/25;MRS;Prd. Siderúrgicos - Bobina - BQ;Parque Industrial;MG;Barbará;RJ;2.081;899.014
jul/25;MRS;Prd. Siderúrgicos - Bobina - BQ;Parque Industrial;MG;Cruzeiro;SP;2.278;1.187.853
jul/25;MRS;Prd. Siderúrgicos - Bobina - BQ;Parque Industrial;MG;Utinga;SP;502;384.771
jul/25;MRS;Prd. Siderúrgicos - Bobina - BQ;Piaçaguera;SP;Cruzeiro;SP;3.248;1.192.405
jul/25;MRS;Prd. Siderúrgicos - Bobina - BQ;Piaçaguera;SP;Horto Florestal;MG;199;189.954
jul/25;MRS;Prd. Siderúrgicos - Bobina - BQ;Piaçaguera;SP;Ipiranga;SP;1.196;62.972
jul/25;MRS;Prd. Siderúrgicos - Bobina - BQ;Piaçaguera;SP;Replan;SP;7.803;1.495.905
jul/25;MRS;Prd. Siderúrgicos - Bobina - BQ;Piaçaguera;SP;Usiminas;SP;1.208;201.127
jul/25;MRS;Prd. Siderúrgicos - Bobina - BQ;Piaçaguera;SP;Utinga;SP;62;2.781
jul/25;MRS;Prd. Siderúrgicos - Bobina - BQ;São Bento;SP;Manoel Feio;SP;4.351;89.168
jul/25;MRS;Prd. Siderúrgicos - Fio Máquina;Dias Tavares;MG;Caçapava;SP;7.332;4.854.718
jul/25;MRS;Prd. Siderúrgicos - Fio Máquina;Dias Tavares;MG;Eldorado;MG;1.873;653.931
jul/25;MRS;Prd. Siderúrgicos - Fio Máquina;Dias Tavares;MG;Parque Industrial;MG;59;20.540
jul/25;MRS;Prd. Siderúrgicos - Fio Máquina;Dias Tavares;MG;Pinheirinho;SP;1.605;1.305.173
jul/25;MRS;Prd. Siderúrgicos - Fio Máquina;Itaguai;RJ;São Bento;SP;9.317;3.828.783
jul/25;MRS;Prd. Siderúrgicos - Fio Máquina;Ouro Branco;MG;Barbará;RJ;742;253.371
jul/25;MRS;Prd. Siderúrgicos - Fio Máquina;Ouro Branco;MG;Brisamar;RJ;412;189.764
jul/25;MRS;Prd. Siderúrgicos - Fio Máquina;Ouro Branco;MG;Caçapava;SP;8.699;4.668.857
jul/25;MRS;Prd. Siderúrgicos - Fio Máquina;Ouro Branco;MG;Itaguai;RJ;667;312.552
jul/25;MRS;Prd. Siderúrgicos - Outros;Barbará;RJ;Brisamar;RJ;386;45.981
jul/25;MRS;Prd. Siderúrgicos - Outros;Barbará;RJ;Cruzeiro;SP;4.075;417.202
jul/25;MRS;Prd. Siderúrgicos - Outros;Barbará;RJ;Volta Redonda;RJ;384;1.968
jul/25;MRS;Prd. Siderúrgicos - Outros;Brisamar;RJ;Eldorado;MG;367;224.583
jul/25;MRS;Prd. Siderúrgicos - Outros;Brisamar;RJ;Volta Redonda;RJ;25.395;2.894.928
jul/25;MRS;Prd. Siderúrgicos - Outros;Caçapava;SP;Arará;RJ;612;219.081
jul/25;MRS;Prd. Siderúrgicos - Outros;Caçapava;SP;Curuputuba;SP;142;5.648
jul/25;MRS;Prd. Siderúrgicos - Outros;Dias Tavares;MG;Parque Industrial;MG;4.030;1.402.988
jul/25;MRS;Prd. Siderúrgicos - Outros;Floriano;RJ;Cruzeiro;SP;171;13.676
jul/25;MRS;Prd. Siderúrgicos - Outros;Floriano;RJ;Ipiranga;SP;219;70.067
jul/25;MRS;Prd. Siderúrgicos - Outros;Horto Florestal;MG;Manoel Feio;SP;228;171.362
jul/25;MRS;Prd. Siderúrgicos - Outros;Itaguai;RJ;Caçapava;SP;2.657;892.054
jul/25;MRS;Prd. Siderúrgicos - Outros;Itaguai;RJ;Parque Industrial;MG;1.576;975.455
jul/25;MRS;Prd. Siderúrgicos - Outros;Itaguai;RJ;Pinheirinho;SP;571;242.314
jul/25;MRS;Prd. Siderúrgicos - Outros;Itaguai;RJ;Pulverizacao;RJ;284;25.205
jul/25;MRS;Prd. Siderúrgicos - Outros;Lafaiete Bandeira;MG;Curuputuba;SP;4.335;2.209.653
jul/25;MRS;Prd. Siderúrgicos - Outros;Lafaiete Bandeira;MG;Horto Florestal;MG;4.425;840.789
jul/25;MRS;Prd. Siderúrgicos - Outros;Lafaiete Bandeira;MG;Manoel Feio;SP;13.256;8.558.458
jul/25;MRS;Prd. Siderúrgicos - Outros;Lafaiete Bandeira;MG;Piaçaguera;SP;1.874;1.776.160
jul/25;MRS;Prd. Siderúrgicos - Outros;Lafaiete Bandeira;MG;Pinheirinho;SP;3.559;2.308.328
jul/25;MRS;Prd. Siderúrgicos - Outros;Lafaiete Bandeira;MG;Utinga;SP;8.993;6.193.693
jul/25;MRS;Prd. Siderúrgicos - Outros;Manoel Feio;SP;São Caetano do Sul;SP;1.569;61.961
jul/25;MRS;Prd. Siderúrgicos - Outros;Manoel Feio;SP;Volta Redonda;RJ;2.927;905.741
jul/25;MRS;Prd. Siderúrgicos - Outros;Ouro Branco;MG;Brisamar;RJ;763;351.433
jul/25;MRS;Prd. Siderúrgicos - Outros;Ouro Branco;MG;Caçapava;SP;9.854;5.288.760
jul/25;MRS;Prd. Siderúrgicos - Outros;Ouro Branco;MG;Eng. Cesar de Souza;SP;2.870;1.897.836
jul/25;MRS;Prd. Siderúrgicos - Outros;Ouro Branco;MG;Itutinga;MG;11.494;1.607.091
jul/25;MRS;Prd. Siderúrgicos - Outros;Ouro Branco;MG;Parque Industrial;MG;7.758;1.246.819
jul/25;MRS;Prd. Siderúrgicos - Outros;Ouro Branco;MG;São Bento;SP;1.020;624.594
jul/25;MRS;Prd. Siderúrgicos - Outros;Ouro Branco;MG;São Caetano do Sul;SP;550;369.782
jul/25;MRS;Prd. Siderúrgicos - Outros;Piaçaguera;SP;Manoel Feio;SP;10.977;677.928
jul/25;MRS;Prd. Siderúrgicos - Outros;Pulverizacao;RJ;Volta Redonda;RJ;590;20.065
jul/25;MRS;Prd. Siderúrgicos - Outros;São Bento;SP;São Caetano do Sul;SP;65;3.899
jul/25;MRS;Prd. Siderúrgicos - Outros;São Bento;SP;Volta Redonda;RJ;60;17.337
jul/25;MRS;Prd. Siderúrgicos - Outros;Saudade;RJ;Caçapava;SP;423;85.325
jul/25;MRS;Prd. Siderúrgicos - Outros;Saudade;RJ;Eldorado;MG;1.226;714.081
jul/25;MRS;Prd. Siderúrgicos - Outros;Saudade;RJ;Floriano;RJ;850;13.537
jul/25;MRS;Prd. Siderúrgicos - Outros;Saudade;RJ;Pinheirinho;SP;5.402;1.570.750
jul/25;MRS;Prd. Siderúrgicos - Outros;Siderúrgica do Atlântico;RJ;Lafaiete Bandeira;MG;7.581;3.709.997
jul/25;MRS;Prd. Siderúrgicos - Outros;Siderúrgica do Atlântico;RJ;Piaçaguera;SP;81.160;40.677.310
jul/25;MRS;Prd. Siderúrgicos - Outros;Volta Redonda;RJ;Arará;RJ;971;140.467
jul/25;MRS;Prd. Siderúrgicos - Outros;Volta Redonda;RJ;Barbará;RJ;6.536;33.509
jul/25;MRS;Prd. Siderúrgicos - Outros;Volta Redonda;RJ;Brisamar;RJ;1.039;118.441
jul/25;MRS;Prd. Siderúrgicos - Outros;Volta Redonda;RJ;Caçapava;SP;3.952;843.016
jul/25;MRS;Prd. Siderúrgicos - Outros;Volta Redonda;RJ;Cruzeiro;SP;99;10.643
jul/25;MRS;Prd. Siderúrgicos - Outros;Volta Redonda;RJ;Floriano;RJ;519;14.286
jul/25;MRS;Prd. Siderúrgicos - Outros;Volta Redonda;RJ;Manoel Feio;SP;62.064;19.205.332
jul/25;MRS;Prd. Siderúrgicos - Outros;Volta Redonda;RJ;Mogi das Cruzes;SP;7.886;2.622.055
jul/25;MRS;Prd. Siderúrgicos - Outros;Volta Redonda;RJ;Pulverizacao;RJ;3.799;129.202
jul/25;MRS;Prd. Siderúrgicos - Outros;Volta Redonda;RJ;São Bento;SP;17.534;5.099.693
jul/25;MRS;Prd. Siderúrgicos - Placa;Arará;RJ;Curuputuba;SP;699;222.423
jul/25;MRS;Prd. Siderúrgicos - Placa;Barreiro;MG;Cel. João Carlos Guedes;MG;71;9.114
jul/25;MRS;Prd. Siderúrgicos - Placa;Brisamar;RJ;Volta Redonda;RJ;652;74.325
jul/25;MRS;Prd. Siderúrgicos - Placa;Cel. João Carlos Guedes;MG;Barreiro;MG;14.506;1.862.135
jul/25;MRS;Prd. Siderúrgicos - Placa;Itaguai;RJ;Parque Industrial;MG;151;84.429
jul/25;MRS;Prd. Siderúrgicos - Placa;Ouro Branco;MG;Caçapava;SP;414;222.198
jul/25;MRS;Prd. Siderúrgicos - Placa;Ouro Branco;MG;Itaguai;RJ;5.811;2.722.999
jul/25;MRS;Prd. Siderúrgicos - Placa;Ouro Branco;MG;Manoel Feio;SP;1.506;953.060
jul/25;MRS;Prd. Siderúrgicos - Placa;Ouro Branco;MG;Pinheirinho;SP;9.007;5.636.309
jul/25;MRS;Prd. Siderúrgicos - Placa;Ouro Branco;MG;Pulverizacao;RJ;209;80.067
jul/25;MRS;Prd. Siderúrgicos - Placa;Ouro Branco;MG;São Bento;SP;1.977;1.210.611
jul/25;MRS;Prd. Siderúrgicos - Placa;Parque Industrial;MG;Brisamar;RJ;408;226.874
jul/25;MRS;Prd. Siderúrgicos - Placa;Pedrasil;SP;Arará;RJ;7.823;2.448.645
jul/25;MRS;Prd. Siderúrgicos - Placa;Piaçaguera;SP;Siderúrgica do Atlântico;RJ;971;484.731
jul/25;MRS;Prd. Siderúrgicos - Placa;Siderúrgica do Atlântico;RJ;Horto Florestal;MG;7.952;5.115.593
jul/25;MRS;Prd. Siderúrgicos - Tubos;Barreiro;MG;Arará;RJ;8.667;5.006.249
jul/25;MRS;Prd. Siderúrgicos - Tubos;Barreiro;MG;Eldorado;MG;3.705;19.188
jul/25;MRS;Prd. Siderúrgicos - Tubos;Brisamar;RJ;Curuputuba;SP;2.104;604.973
jul/25;MRS;Prd. Siderúrgicos - Tubos;Cel. João Carlos Guedes;MG;Arará;RJ;10.234;4.597.644
jul/25;MRS;Prd. Siderúrgicos - Tubos;Cel. João Carlos Guedes;MG;Barreiro;MG;13.727;1.762.134
jul/25;MRS;Prd. Siderúrgicos - Tubos;Curuputuba;SP;Arará;RJ;7.486;2.384.448
jul/25;MRS;Prd. Siderúrgicos - Tubos;Eldorado;MG;Barreiro;MG;2.944;15.246
jul/25;MRS;Prd. Siderúrgicos - Vergalhões;Itaguai;RJ;Caçapava;SP;156;52.308
jul/25;MRS;Prd. Siderúrgicos - Vergalhões;Volta Redonda;RJ;Eldorado;MG;4.294;2.451.221
jul/25;MRS;Prd. Siderúrgicos - Vergalhões;Volta Redonda;RJ;Manoel Feio;SP;9.141;2.828.627
jul/25;MRS;Soja;Pederneiras;SP;Conceiçãozinha;SP;16.062;8.476.382
jul/25;MRS;Soja;Pederneiras;SP;Santos;SP;110.908;57.700.283
jul/25;MRS;Veículos;Parque Industrial;MG;Piaçaguera;SP;975;763.081
jul/25;RMC;Açúcar;Iturama;MG;Conceiçãozinha;SP;81.875;74.294.316
jul/25;RMC;Açúcar;Iturama;MG;Santos;SP;74.351;66.925.410
jul/25;RMC;Adubo Orgânico a Granel;Conceiçãozinha;SP;Rio Verde;GO;6.964;8.431.372
jul/25;RMC;Adubo Orgânico a Granel;Cubatão;SP;Rio Verde;GO;3.079;3.695.597
jul/25;RMC;Adubo Orgânico a Granel;Santos;SP;Rio Verde;GO;1.840;2.207.519
jul/25;RMC;Alumínio;Anápolis;GO;Alumínio;SP;12.234;16.823.340
jul/25;RMC;Bauxita;Santa Isabel;TO;Alumínio;SP;85.966;124.511.521
jul/25;RMC;Cloreto de Potássio;Conceiçãozinha;SP;Rio Verde;GO;9.452;11.437.468
jul/25;RMC;Cloreto de Potássio;Cubatão;SP;Rio Verde;GO;21.685;26.027.616
jul/25;RMC;Cloreto de Potássio;Estação TUF;SP;Rio Verde;GO;6.712;8.081.449
jul/25;RMC;Cloreto de Potássio;Santos;SP;Rio Verde;GO;3.463;4.167.356
jul/25;RMC;Contêiner Cheio de 40 Pés;Santa Isabel;TO;Alumínio;SP;1.758;2.548.785
jul/25;RMC;Contêiner Vazio de 40 Pés;Anápolis;GO;Porto Nacional;TO;316;270.490
jul/25;RMN;Açúcar;Chapadao do Sul;MS;Conceiçãozinha;SP;15.565;18.620.628
jul/25;RMN;Açúcar;Chapadao do Sul;MS;Santos;SP;47.513;56.471.390
jul/25;RMN;Álcool;Chapadao do Sul;MS;Replan;SP;58.440;54.985.794
jul/25;RMN;Álcool;Rondonópolis;MT;Replan;SP;140.840;197.130.266
jul/25;RMN;Álcool;T. Olacyr F. Morais;MS;Replan;SP;3.279;3.451.039
jul/25;RMN;Celulose;Aparecida do Taboado;MS;Barnabé;SP;222.994;206.573.314
jul/25;RMN;Celulose;Chapadao do Sul;MS;Barnabé;SP;132.820;158.066.292
jul/25;RMN;Celulose;Chapadao do Sul;MS;Santos;SP;92.064;109.701.529
jul/25;RMN;Contêiner cheio 53 pés;Rondonópolis;MT;Boa Vista Nova;SP;116;159.387
jul/25;RMN;Contêiner Cheio de 20 Pés;Rondonópolis;MT;Cubatão;SP;7.363;11.987.575
jul/25;RMN;Contêiner Cheio de 40 Pés;Rondonópolis;MT;Boa Vista Nova;SP;64.517;88.590.699
jul/25;RMN;Contêiner Cheio de 40 Pés;Rondonópolis;MT;Cubatão;SP;64.713;105.358.134
jul/25;RMN;Contêiner Vazio de 40 Pés;Rondonópolis;MT;Boa Vista Nova;SP;102;139.756
jul/25;RMN;Contêiner Vazio de 40 Pés;Rondonópolis;MT;Cubatão;SP;18;29.307
jul/25;RMN;Farelo de Soja;Alto Araguaia;MT;Santos;SP;82.641;115.764.337
jul/25;RMN;Farelo de Soja;Rondonópolis;MT;Santos;SP;386.272;634.599.096
jul/25;RMN;Grãos - Milho;Alto Araguaia;MT;Conceiçãozinha;SP;32.190;45.417.978
jul/25;RMN;Grãos - Milho;Chapadao do Sul;MS;Santos;SP;8.520;10.121.102
jul/25;RMN;Grãos - Milho;Itiquira;MT;Conceiçãozinha;SP;21.586;32.841.491
jul/25;RMN;Grãos - Milho;Rondonópolis;MT;Conceiçãozinha;SP;330.278;544.117.099
jul/25;RMN;Grãos - Milho;Rondonópolis;MT;Santos;SP;433.414;713.748.746
jul/25;RMN;Óleo Diesel;Rondonópolis;MT;Replan;SP;10.761;14.995.582
jul/25;RMN;Óleo Diesel;T. Olacyr F. Morais;MS;Replan;SP;3.732;3.927.810
jul/25;RMN;Soja;Alto Araguaia;MT;Santos;SP;12.267;17.171.525
jul/25;RMN;Soja;Chapadao do Sul;MS;Conceiçãozinha;SP;1.315;1.575.688
jul/25;RMN;Soja;Chapadao do Sul;MS;Santos;SP;75.705;90.004.752
jul/25;RMN;Soja;Itiquira;MT;Conceiçãozinha;SP;33.465;50.933.557
jul/25;RMN;Soja;Rondonópolis;MT;Conceiçãozinha;SP;189.268;312.039.287
jul/25;RMN;Soja;Rondonópolis;MT;Estação TUF;SP;19.253;31.578.917
jul/25;RMN;Soja;Rondonópolis;MT;Santos;SP;414.356;683.161.637
jul/25;RMO;Minério de Ferro;Antônio Maria Coelho;MS;Porto Esperança;MS;241.782;11.236.818
jul/25;RMP;Açúcar;Fernandopolis;SP;Conceiçãozinha;SP;47.561;38.611.496
jul/25;RMP;Açúcar;Fernandopolis;SP;Santos;SP;47.605;38.286.039
jul/25;RMP;Açúcar;Itirapina;SP;Santos;SP;7.850;3.054.999
jul/25;RMP;Açúcar;Rio Preto Paulista;SP;Santos;SP;23.384;15.651.082
jul/25;RMP;Açúcar;Santa Adélia;SP;Santos;SP;68.681;39.793.497
jul/25;RMP;Açúcar;Votuporanga;SP;Santos;SP;23.319;17.856.663
jul/25;RMP;Adubo Orgânico a Granel;Conceiçãozinha;SP;Rondonópolis;MT;130.981;216.464.485
jul/25;RMP;Adubo Orgânico a Granel;Cubatão;SP;Rondonópolis;MT;20.761;33.928.497
jul/25;RMP;Adubo Orgânico a Granel;Estação TUF;SP;Rondonópolis;MT;3.542;5.793.723
jul/25;RMP;Adubo Orgânico a Granel;Santos;SP;Rondonópolis;MT;9.604;15.864.491
jul/25;RMP;Adubo Orgânico acondicionado;Santos;SP;Rondonópolis;MT;9.951;16.437.688
jul/25;RMP;Cloreto de Potássio;Conceiçãozinha;SP;Rondonópolis;MT;20.611;34.024.760
jul/25;RMP;Cloreto de Potássio;Cubatão;SP;Rondonópolis;MT;19.817;32.263.720
jul/25;RMP;Cloreto de Potássio;Estação TUF;SP;Rondonópolis;MT;6.771;11.075.466
jul/25;RMP;Cloreto de Potássio;Santos;SP;Rondonópolis;MT;41.216;67.864.784
jul/25;RMP;Contêiner Cheio de 40 Pés;Boa Vista Nova;SP;Rondonópolis;MT;92;126.063
jul/25;RMP;Contêiner Cheio de 40 Pés;Boa Vista Velha;SP;Rondonópolis;MT;36.701;50.238.639
jul/25;RMP;Contêiner Cheio de 40 Pés;Cubatão;SP;Rondonópolis;MT;4.438;7.225.432
jul/25;RMP;Contêiner Vazio de 20 Pés;Cubatão;SP;Rondonópolis;MT;689;1.124.048
jul/25;RMP;Contêiner Vazio de 40 Pés;Boa Vista Velha;SP;Rondonópolis;MT;2.959;4.050.465
jul/25;RMP;Contêiner Vazio de 40 Pés;Cubatão;SP;Rondonópolis;MT;7.124;11.622.236
jul/25;RMP;Farelo de Soja;Rio Verde;GO;Santos;SP;130.465;157.000.927
jul/25;RMP;Farelo de Soja;São Simão;GO;Santos;SP;28.664;28.356.320
jul/25;RMP;Gasolina;Replan;SP;Rio Verde;GO;1.929;1.837.776
jul/25;RMP;Gasolina;Replan;SP;Rondonópolis;MT;13.176;18.360.911
jul/25;RMP;Gasolina;Replan;SP;T. Olacyr F. Morais;MS;1.113;1.171.395
jul/25;RMP;Grãos - Milho;Rio Verde;GO;Conceiçãozinha;SP;150.138;181.511.654
jul/25;RMP;Grãos - Milho;Rio Verde;GO;Santos;SP;45.094;54.201.260
jul/25;RMP;Grãos - Milho;São Simão;GO;Conceiçãozinha;SP;23.757;23.586.258
jul/25;RMP;Grãos - Milho;São Simão;GO;Santos;SP;10.063;9.934.523
jul/25;RMP;Óleo Diesel;Replan;SP;Rio Verde;GO;8.408;8.010.383
jul/25;RMP;Óleo Diesel;Replan;SP;Rondonópolis;MT;83.728;116.675.966
jul/25;RMP;Óleo Diesel;Replan;SP;T. Olacyr F. Morais;MS;8.932;9.400.635
jul/25;RMP;Soja;Rio Verde;GO;Conceiçãozinha;SP;50.328;60.853.773
jul/25;RMP;Soja;Rio Verde;GO;Estação TUF;SP;579;689.740
jul/25;RMP;Soja;Rio Verde;GO;Santos;SP;73.964;88.869.041
jul/25;RMP;Soja;São Simão;GO;Conceiçãozinha;SP;14.194;14.094.257
jul/25;RMP;Soja;São Simão;GO;Santos;SP;56.050;55.243.759
jul/25;RMS;Açúcar;D Pedro II;PR;Marialva;PR;75;46.514
jul/25;RMS;Açúcar;D Pedro II;PR;Rolandia;PR;78;48.133
jul/25;RMS;Açúcar;Londrina;PR;D Pedro II;PR;50.326;31.756.108
jul/25;RMS;Açúcar;Marialva;PR;D Pedro II;PR;113.298;70.265.855
jul/25;RMS;Açúcar;Maringa;PR;D Pedro II;PR;117.181;76.373.600
jul/25;RMS;Açúcar;Rolandia;PR;D Pedro II;PR;17.560;10.836.153
jul/25;RMS;Adubo Orgânico a Granel;D Pedro II;PR;Cará-Cará;PR;2.122;509.018
jul/25;RMS;Adubo Orgânico a Granel;D Pedro II;PR;Cascavel;PR;306;224.849
jul/25;RMS;Adubo Orgânico a Granel;km 5;PR;Cará-Cará;PR;4.629;1.090.374
jul/25;RMS;Adubo Orgânico a Granel;km 5;PR;Cascavel;PR;1.353;988.338
jul/25;RMS;Adubo Orgânico a Granel;km 5;PR;Maringa;PR;1.239;802.173
jul/25;RMS;Adubo Orgânico a Granel;Rio Grande;RS;Cruz Alta;RS;19.656;14.504.986
jul/25;RMS;Álcool;Eng. Vicente Montanha;PR;Araucária Terminal;PR;3.201;1.644.257
jul/25;RMS;Álcool;Londrina;PR;Araucária Terminal;PR;9.069;4.589.094
jul/25;RMS;Álcool;Sarandi;PR;Araucária Terminal;PR;3.928;2.006.935
jul/25;RMS;Calcário Corretivo;Tranqueira;PR;Maringa;PR;9.801;5.751.226
jul/25;RMS;Celulose;Ortigueira;PR;km 5;PR;57.408;26.241.139
jul/25;RMS;Cimento acondicionado;Apiai;SP;Londrina;PR;18.416;10.640.635
jul/25;RMS;Cimento acondicionado;Apiai;SP;Uvaranas;PR;19.962;3.883.048
jul/25;RMS;Cimento acondicionado;Rio Branco do Sul;PR;Cascavel;PR;10.468;7.175.834
jul/25;RMS;Cimento acondicionado;Rio Branco do Sul;PR;Londrina;PR;9.592;5.579.771
jul/25;RMS;Cimento acondicionado;Rio Branco do Sul;PR;Maringa;PR;24.570;14.802.442
jul/25;RMS;Cloreto de Potássio;D Pedro II;PR;Cascavel;PR;4.998;3.672.545
jul/25;RMS;Cloreto de Potássio;km 5;PR;Cará-Cará;PR;3.550;836.213
jul/25;RMS;Cloreto de Potássio;km 5;PR;Cascavel;PR;2.028;1.481.410
jul/25;RMS;Cloreto de Potássio;Rio Grande;RS;Cruz Alta;RS;6.827;5.037.930
jul/25;RMS;Contêiner Cheio de 40 Pés;Cambe;PR;D Pedro II;PR;32.766;20.441.658
jul/25;RMS;Contêiner Cheio de 40 Pés;Cascavel;PR;D Pedro II;PR;41.800;30.714.598
jul/25;RMS;Contêiner Cheio de 40 Pés;Ortigueira;PR;D Pedro II;PR;58.200;26.854.818
jul/25;RMS;Contêiner Vazio de 40 Pés;D Pedro II;PR;Cambe;PR;4.497;2.805.534
jul/25;RMS;Contêiner Vazio de 40 Pés;D Pedro II;PR;Cascavel;PR;6.236;4.582.206
jul/25;RMS;Contêiner Vazio de 40 Pés;D Pedro II;PR;Ortigueira;PR;8.233;3.798.895
jul/25;RMS;Farelo de Soja;Cruz Alta;RS;Rio Grande;RS;40.065;29.565.646
jul/25;RMS;Farelo de Soja;Desvio Ribas;PR;D Pedro II;PR;77.732;17.889.551
jul/25;RMS;Farelo de Soja;Ijuí;RS;Rio Grande;RS;14.631;11.579.587
jul/25;RMS;Farelo de Soja;Londrina;PR;D Pedro II;PR;19.041;12.015.097
jul/25;RMS;Farelo de Soja;Maringa;PR;D Pedro II;PR;17.838;11.626.041
jul/25;RMS;Fosfato;km 5;PR;Cascavel;PR;1.870;1.365.988
jul/25;RMS;Fosfato;Rio Grande;RS;Cruz Alta;RS;372;274.514
jul/25;RMS;Gasolina;Araucária Terminal;PR;Eng. Vicente Montanha;PR;10.340;5.311.346
jul/25;RMS;Gasolina;Araucária Terminal;PR;Londrina;PR;9.742;4.929.645
jul/25;RMS;Gasolina;Araucária Terminal;PR;Sarandi;PR;2.566;1.311.048
jul/25;RMS;Gasolina;D Pedro II;PR;Sarandi;PR;1.414;893.086
jul/25;RMS;Grãos - Cevada;km 5;PR;Guarapuava;PR;4.213;2.032.271
jul/25;RMS;Grãos - Milho;Cascavel;PR;D Pedro II;PR;26.055;19.145.291
jul/25;RMS;Grãos - Milho;Londrina;PR;D Pedro II;PR;52.450;33.096.569
jul/25;RMS;Grãos - Milho;Londrina;PR;São Francisco do Sul;SC;1.893;1.396.424
jul/25;RMS;Grãos - Milho;Marialva;PR;D Pedro II;PR;14.366;8.909.604
jul/25;RMS;Grãos - Milho;Maringa;PR;D Pedro II;PR;148.973;97.094.900
jul/25;RMS;Grãos - Milho;Maringa;PR;São Francisco do Sul;SC;116.739;88.538.013
jul/25;RMS;Óleo Diesel;Araucária Terminal;PR;Eng. Vicente Montanha;PR;52.287;26.858.261
jul/25;RMS;Óleo Diesel;Araucária Terminal;PR;Londrina;PR;20.047;10.144.180
jul/25;RMS;Óleo Diesel;Araucária Terminal;PR;Sarandi;PR;1.237;632.021
jul/25;RMS;Óleo Diesel;D Pedro II;PR;Araucária Terminal;PR;43.531;5.440.852
jul/25;RMS;Óleo Diesel;D Pedro II;PR;Londrina;PR;6.671;4.209.453
jul/25;RMS;Óleo Diesel;D Pedro II;PR;Sarandi;PR;4.194;2.648.926
jul/25;RMS;Prd. Siderúrgicos - Bobina - BF;São Francisco do Sul;SC;Araucária Carga;PR;2.340;732.183
jul/25;RMS;Soja;Cacequi;RS;Rio Grande;RS;14.592;7.036.086
jul/25;RMS;Soja;Cascavel;PR;D Pedro II;PR;3.488;2.562.981
jul/25;RMS;Soja;Cruz Alta;RS;Rio Grande;RS;104.446;77.075.088
jul/25;RMS;Soja;D Pedro II;PR;Londrina;PR;64;40.384
jul/25;RMS;Soja;Guarapuava;PR;D Pedro II;PR;2.457;1.195.834
jul/25;RMS;Soja;Ijuí;RS;Rio Grande;RS;734;580.915
jul/25;RMS;Soja;J.De Castilhos;RS;Rio Grande;RS;16.590;10.926.757
jul/25;RMS;Soja;Londrina;PR;D Pedro II;PR;48.904;30.858.871
jul/25;RMS;Soja;Londrina;PR;São Francisco do Sul;SC;41.556;30.654.950
jul/25;RMS;Soja;Marialva;PR;D Pedro II;PR;101.375;62.871.371
jul/25;RMS;Soja;Marialva;PR;São Francisco do Sul;SC;78.737;57.230.469
jul/25;RMS;Soja;Maringa;PR;D Pedro II;PR;64.465;42.015.645
jul/25;RMS;Soja;Maringa;PR;São Francisco do Sul;SC;104.462;79.226.810
jul/25;RMS;Soja;Rolandia;PR;D Pedro II;PR;55.488;34.192.643
jul/25;RMS;Soja;Rolandia;PR;São Francisco do Sul;SC;44.521;32.074.066
jul/25;RMS;Soja;Santo Ângelo;RS;Rio Grande;RS;8.997;7.611.074
jul/25;RMS;Soja;Tigre;RS;Rio Grande;RS;7.196;4.015.583
jul/25;RMS;Soja;Tupancireta;RS;Rio Grande;RS;11.764;8.033.929
jul/25;RMS;Ureia;km 5;PR;Maringa;PR;2.478;1.604.338
ago/25;EFC;Carvão Mineral;Ponta da Madeira;MA;Paraupebas;PA;31.560;27.173.160
ago/25;EFC;Cobre;Paraupebas;PA;Ponta da Madeira Cobre;MA;91.518;79.803.696
ago/25;EFC;Ferro Gusa;Açailândia;MA;Ponta da Madeira Pêra do Píer;MA;21.421;11.261.019
ago/25;EFC;Ferro Gusa;Marabá;PA;Ponta da Madeira Pêra do Píer;MA;34.243;25.706.219
ago/25;EFC;Gasolina;Itaqui Base Combustível;MA;Açailândia;MA;6.901;3.609.223
ago/25;EFC;Gasolina;Itaqui Base Combustível;MA;Marabá;PA;9.812;7.353.465
ago/25;EFC;Minério de Ferro;Açailândia;MA;Ponta da Madeira;MA;43.242;22.183.146
ago/25;EFC;Minério de Ferro;Carajás;PA;Açailândia;MA;94.221;35.615.538
ago/25;EFC;Minério de Ferro;Carajás;PA;Marabá;PA;27.740;4.244.220
ago/25;EFC;Minério de Ferro;Carajás;PA;Ponta da Madeira;MA;8.205.063;7.322.101.525
ago/25;EFC;Minério de Ferro;Marabá;PA;Açailândia;MA;6.251;1.406.475
ago/25;EFC;Minério de Ferro;Marabá;PA;Ponta da Madeira;MA;11.110;8.199.180
ago/25;EFC;Minério de Ferro;Serra Leste;PA;Açailândia;MA;38.579;12.281.316
ago/25;EFC;Minério de Ferro;Serra Leste;PA;Ponta da Madeira;MA;817.777;679.852.365
ago/25;EFC;Minério de Ferro;Serra Sul;PA;Ponta da Madeira;MA;8.628.338;8.165.738.285
ago/25;EFC;Óleo Diesel;Itaqui Base Combustível;MA;Açailândia;MA;25.021;13.085.983
ago/25;EFC;Óleo Diesel;Itaqui Base Combustível;MA;Marabá;PA;44.812;33.519.376
ago/25;EFPO;Cimento acondicionado;Agrária;PR;Cascavel;PR;5.532;1.330.988
ago/25;EFPO;Soja;Cascavel;PR;Agrária;PR;11.793;2.837.372
ago/25;EFVM;Antracito;Tubarão;ES;Intendente Câmara;MG;81.628;35.523.423
ago/25;EFVM;Carvão Mineral;Tubarão;ES;Bela Vista de Minas;MG;7.729;4.049.176
ago/25;EFVM;Carvão Mineral;Tubarão;ES;Intendente Câmara;MG;56.184;24.621.740
ago/25;EFVM;Carvão Mineral;Tubarão;ES;Ouro Branco;MG;97.395;65.339.968
ago/25;EFVM;Celulose;Aracruz;ES;Frederico Selow;MG;38;14.081
ago/25;EFVM;Celulose;Frederico Selow;MG;Aracruz;ES;105.670;39.158.448
ago/25;EFVM;Cloreto de Potássio;Tubarão;ES;Brejo Alegre;MG;78.386;110.855.125
ago/25;EFVM;Contêiner Cheio de 20 Pés;Tubarão;ES;Nova Granja;MG;8.105;5.519.197
ago/25;EFVM;Coque;Tubarão;ES;Prudente de Morais;MG;38.379;27.781.826
ago/25;EFVM;Coque Metalúrgico;Tubarão;ES;Bela Vista de Minas;MG;23.498;12.310.461
ago/25;EFVM;Ferro Gusa;Aroaba;ES;Pedro Nolasco;ES;28.273;680.615
ago/25;EFVM;Ferro Gusa;Funil;MG;Pedro Nolasco;ES;2.447;1.568.580
ago/25;EFVM;Ferro Gusa;Funil;MG;Tubarão;ES;5.383;3.440.221
ago/25;EFVM;Fosfato;Tubarão;ES;Brejo Alegre;MG;57;80.610
ago/25;EFVM;Minério de Ferro;Barão de Cocais;MG;Intendente Câmara;MG;60.279;10.136.334
ago/25;EFVM;Minério de Ferro;Barão de Cocais;MG;Tubarão;ES;94.753;56.971.946
ago/25;EFVM;Minério de Ferro;Brucutu;MG;Tubarão;ES;2.614.178;1.527.740.693
ago/25;EFVM;Minério de Ferro;Capitão Eduardo;MG;Intendente Câmara;MG;61.752;13.661.429
ago/25;EFVM;Minério de Ferro;Conceição;MG;Tubarão;ES;1.872.529;1.017.713.908
ago/25;EFVM;Minério de Ferro;Congonhas do Campo;MG;Tubarão;ES;3.099;2.152.085
ago/25;EFVM;Minério de Ferro;Fábrica Muro;MG;Tubarão;ES;58.477;39.561.784
ago/25;EFVM;Minério de Ferro;Fazendão;MG;Tubarão;ES;1.339.813;797.451.622
ago/25;EFVM;Minério de Ferro;João Correia;MG;Tubarão;ES;102.721;43.649.746
ago/25;EFVM;Minério de Ferro;João Paulo;MG;Tubarão;ES;887.255;480.954.533
ago/25;EFVM;Minério de Ferro;Mário Carvalho;MG;Tubarão;ES;236.645;105.764.932
ago/25;EFVM;Minério de Ferro;Ouro Branco;MG;Mário Carvalho;MG;22.848;5.109.547
ago/25;EFVM;Minério de Ferro;Ouro Branco;MG;Tubarão;ES;88.122;59.782.141
ago/25;EFVM;Minério de Ferro;Pátio 206;MG;Intendente Câmara;MG;6.572;1.077.275
ago/25;EFVM;Minério de Ferro;Pátio 206;MG;Tubarão;ES;472.362;282.614.405
ago/25;EFVM;Minério de Ferro;Piraqueaçu;ES;Tubarão;ES;4.350;315.957
ago/25;EFVM;Minério de Ferro;Timbopeba;MG;Intendente Câmara;MG;6.116;1.133.637
ago/25;EFVM;Minério de Ferro;Timbopeba;MG;Tubarão;ES;857.488;529.629.791
ago/25;EFVM;Minério de Ferro;Tubarão;ES;Intendente Câmara;MG;46.098;20.333.551
ago/25;EFVM;Minério de Ferro;Tubarão;ES;Mário Carvalho;MG;5.669;2.578.930
ago/25;EFVM;Minério de Ferro;Tubarão;ES;Pedro Nolasco;ES;2.394;65.152
ago/25;EFVM;Outros - adubos e Fertilizantes;Tubarão;ES;Brejo Alegre;MG;3.236;4.576.419
ago/25;EFVM;Prd. Siderúrgicos - Bobina - BF;Capitão Eduardo;MG;Tubarão;ES;567;371.714
ago/25;EFVM;Prd. Siderúrgicos - Bobina - BF;Intendente Câmara;MG;Capitão Eduardo;MG;13.769;2.987.219
ago/25;EFVM;Prd. Siderúrgicos - Bobina - BF;Intendente Câmara;MG;Carreira Comprida;MG;2.337;522.155
ago/25;EFVM;Prd. Siderúrgicos - Bobina - BF;Intendente Câmara;MG;Couto e Silva;MG;3.538;898.492
ago/25;EFVM;Prd. Siderúrgicos - Bobina - BF;Intendente Câmara;MG;Embiruçu;MG;28.957;7.164.778
ago/25;EFVM;Prd. Siderúrgicos - Bobina - BF;Intendente Câmara;MG;Horto Florestal;MG;2.726;599.600
ago/25;EFVM;Prd. Siderúrgicos - Bobina - BF;Intendente Câmara;MG;Lafaiete Bandeira;MG;28.146;6.270.086
ago/25;EFVM;Prd. Siderúrgicos - Bobina - BF;Intendente Câmara;MG;Tubarão;ES;16.728;7.245.080
ago/25;EFVM;Prd. Siderúrgicos - Bobina - BF;Mário Carvalho;MG;Capitão Eduardo;MG;4.031;818.590
ago/25;EFVM;Prd. Siderúrgicos - Bobina - BF;Tubarão;ES;Lafaiete Bandeira;MG;21.392;14.031.841
ago/25;EFVM;Prd. Siderúrgicos - Bobina - BF;Tubarão;ES;Nova Granja;MG;2.840;1.933.932
ago/25;EFVM;Prd. Siderúrgicos - Bobina - BF;Tubarão;ES;Parque Industrial;MG;2.861;1.922.534
ago/25;EFVM;Prd. Siderúrgicos - Fio Máquina;João Monlevade;MG;Aracruz;ES;3.492;1.749.561
ago/25;EFVM;Prd. Siderúrgicos - Fio Máquina;João Monlevade;MG;Capitão Eduardo;MG;5.424;669.076
ago/25;EFVM;Prd. Siderúrgicos - Fio Máquina;João Monlevade;MG;Dr. Lund;MG;10.368;1.682.794
ago/25;EFVM;Prd. Siderúrgicos - Fio Máquina;João Monlevade;MG;Governador Valadares;MG;3.689;753.072
ago/25;EFVM;Prd. Siderúrgicos - Fio Máquina;João Monlevade;MG;Nova Granja;MG;4.848;756.666
ago/25;EFVM;Prd. Siderúrgicos - Fio Máquina;João Monlevade;MG;Pedro Nolasco;ES;1.940;1.026.350
ago/25;EFVM;Prd. Siderúrgicos - Fio Máquina;João Monlevade;MG;Tubarão;ES;5.974;3.146.230
ago/25;EFVM;Prd. Siderúrgicos - Outros;Capitão Eduardo;MG;Tubarão;ES;129;84.570
ago/25;EFVM;Prd. Siderúrgicos - Outros;Intendente Câmara;MG;Capitão Eduardo;MG;11.629;2.522.521
ago/25;EFVM;Prd. Siderúrgicos - Outros;Intendente Câmara;MG;Carreira Comprida;MG;880;196.618
ago/25;EFVM;Prd. Siderúrgicos - Outros;Intendente Câmara;MG;Lafaiete Bandeira;MG;18.483;4.148.545
ago/25;EFVM;Prd. Siderúrgicos - Outros;Intendente Câmara;MG;Tubarão;ES;3.818;1.653.617
ago/25;EFVM;Prd. Siderúrgicos - Outros;Ouro Branco;MG;Pedro Nolasco;ES;2.024;1.362.695
ago/25;EFVM;Prd. Siderúrgicos - Outros;Ouro Branco;MG;Tubarão;ES;9.916;6.727.034
ago/25;EFVM;Prd. Siderúrgicos - Placa;Intendente Câmara;MG;Lafaiete Bandeira;MG;484;107.818
ago/25;EFVM;Prd. Siderúrgicos - Placa;Ouro Branco;MG;Tubarão;ES;33.327;22.609.103
ago/25;EFVM;Prd. Siderúrgicos - Tarugo;Ouro Branco;MG;Tubarão;ES;31.993;21.463.335
ago/25;EFVM;Prd. Siderúrgicos - Tarugo;Pedro Nolasco;ES;João Monlevade;MG;1.189;629.036
ago/25;EFVM;Toras de Madeira;Desembargador Drumond;MG;Frederico Selow;MG;25.482;2.768.211
ago/25;EFVM;Toras de Madeira;Eng. Costa Lacerda;MG;Frederico Selow;MG;22.382;3.822.174
ago/25;EFVM;Ureia;Tubarão;ES;Brejo Alegre;MG;8.212;11.608.281
ago/25;FCA;Açúcar;Guará;SP;Conceiçãozinha;SP;25.034;16.291.025
ago/25;FCA;Açúcar;Guará;SP;Estação TUF;SP;452.606;289.509.385
ago/25;FCA;Açúcar;Guará;SP;Santos;SP;11.554;7.492.040
ago/25;FCA;Açúcar;Ribeirão Preto;SP;Estação TUF;SP;43.788;23.840.864
ago/25;FCA;Açúcar;Ribeirão Preto;SP;Santos;SP;72.811;40.441.991
ago/25;FCA;Açúcar;Terminal Integrador Uberaba;MG;Estação TUF;SP;200.969;167.810.021
ago/25;FCA;Areia;Pedreira Rio das Velhas;MG;Capitão Eduardo;MG;37.560;245.341
ago/25;FCA;Areia;Roncador Novo;GO;Brasília;DF;3.136;766.962
ago/25;FCA;Bauxita;Bauxita;MG;Alumínio;SP;34.235;9.578.781
ago/25;FCA;Calcário Britado;Terminal Siderúrgico;MG;Calcario;RJ;76.047;36.617.238
ago/25;FCA;Calcário Corretivo;Matozinhos;MG;Tubarão;ES;15.147;10.708.656
ago/25;FCA;Calcário Siderúrgico;Matozinhos;MG;Intendente Câmara;MG;34.272;9.443.198
ago/25;FCA;Calcário Siderúrgico;Matozinhos;MG;Tubarão;ES;3.777;2.670.271
ago/25;FCA;Calcário Siderúrgico;Nova Granja;MG;Tubarão;ES;24.811;16.977.531
ago/25;FCA;Celulose;LD Celulose;MG;Aracruz;ES;89.216;120.185.192
ago/25;FCA;Clínquer;Terminal Siderúrgico;MG;Calcario;RJ;27.786;13.379.181
ago/25;FCA;Cloreto de Potássio;Estação TUF;SP;Valefertil;MG;35.157;24.398.997
ago/25;FCA;Cloreto de Potássio;Fosfago;GO;Final Ramal das Fábricas;SP;26.709;27.297.452
ago/25;FCA;Contêiner Cheio de 20 Pés;Batista Almeida;MG;Calcario;RJ;2.423;1.156.516
ago/25;FCA;Contêiner Cheio de 20 Pés;Batista Almeida;MG;Tubarão;ES;11.660;11.435.312
ago/25;FCA;Contêiner Cheio de 20 Pés;Nova Granja;MG;Tubarão;ES;9.352;6.421.528
ago/25;FCA;Cromita;Campo Formoso;BA;Irapui;BA;4.891;1.884.932
ago/25;FCA;Cromita;Itiuba;BA;Irapui;BA;20.846;6.295.054
ago/25;FCA;Demais Produtos;Nova Granja;MG;Tubarão;ES;8.258;5.623.384
ago/25;FCA;Dolomita;Terminal Siderúrgico;MG;Calcario;RJ;25.784;12.415.201
ago/25;FCA;Enxofre;Conceiçãozinha;SP;Fosfago;GO;4.850;5.114.960
ago/25;FCA;Enxofre;Estação TUF;SP;Valefertil;MG;70.145;48.490.955
ago/25;FCA;Farelo de Soja;Brejo Alegre;MG;Estação TUF;SP;30.149;28.055.527
ago/25;FCA;Farelo de Soja;General Curado;GO;Tubarão;ES;5.177;9.091.557
ago/25;FCA;Farelo de Soja;Ipameri;GO;Santos;SP;27.897;28.836.068
ago/25;FCA;Ferro Gusa;Calsete;MG;Pedro Nolasco;ES;779;566.247
ago/25;FCA;Ferro Gusa;Calsete;MG;Tubarão;ES;1.297;942.798
ago/25;FCA;Ferro Gusa;Prudente de Morais;MG;Pedro Nolasco;ES;3.500;2.530.202
ago/25;FCA;Fosfato;Catalão;GO;Valefertil;MG;63.238;19.163.833
ago/25;FCA;Fosfato;Estação TUF;SP;Valefertil;MG;3.012;2.088.767
ago/25;FCA;Gasolina;Embiruçu;MG;Governador Valadares;MG;1.892;681.048
ago/25;FCA;Gesso;Valefertil;MG;Brasília;DF;1.337;826.636
ago/25;FCA;Grãos - Milho;Brejo Alegre;MG;Tubarão;ES;59.623;84.144.798
ago/25;FCA;Grãos - Milho;Terminal Integrador Uberaba;MG;Conceiçãozinha;SP;49.147;40.673.921
ago/25;FCA;Grãos - Milho;Terminal Integrador Uberaba;MG;Santos;SP;53.549;44.183.165
ago/25;FCA;Magnesita;Catiboaba;BA;Parque Industrial;MG;9.616;9.855.217
ago/25;FCA;Magnesita;Catiboaba;BA;Porto de Aratu;BA;10.541;6.390.396
ago/25;FCA;Minério de Ferro;Dr. Lund;MG;Tubarão;ES;9.512;6.626.048
ago/25;FCA;Minério de Ferro;Prudente de Morais;MG;Tubarão;ES;8.957;6.503.632
ago/25;FCA;Minério de Ferro;Silva Oliveira;MG;Intendente Câmara;MG;156.731;48.109.364
ago/25;FCA;Minério de Ferro;Terminal de Patrocínio;MG;Terminal de Fosfatados;MG;369.861;71.623.952
ago/25;FCA;Óleo Diesel;Embiruçu;MG;Governador Valadares;MG;988;355.642
ago/25;FCA;Outros - adubos e Fertiliz - Perigoso;Estação TUF;SP;Valefertil;MG;9.412;6.541.330
ago/25;FCA;Outros - adubos e Fertilizantes;Estação TUF;SP;Valefertil;MG;8.598;5.962.814
ago/25;FCA;Prd. Siderúrgicos - Placa;Parque Industrial;MG;Intendente Câmara;MG;2.786;665.488
ago/25;FCA;Prd. Siderúrgicos - Tarugo;Divinopolis;MG;Parque Industrial;MG;1.645;236.292
ago/25;FCA;Soja;Brejo Alegre;MG;Tubarão;ES;268.463;377.724.545
ago/25;FCA;Soja;Pirapora;MG;Tubarão;ES;19.205;20.329.288
ago/25;FCA;Soja;Terminal Integrador Uberaba;MG;Estação TUF;SP;471.399;385.864.897
ago/25;FCA;Soja;Terminal Integrador Uberaba;MG;Santos;SP;22.359;18.043.309
ago/25;FCA;Toras de Madeira;Prudente de Morais;MG;Aracruz;ES;64.538;45.332.394
ago/25;FCA;Ureia;Estação TUF;SP;Valefertil;MG;9.905;6.876.524
ago/25;FNSTN;Álcool;Porto Nacional;TO;Itaqui Base Combustível;MA;2.928;3.650.148
ago/25;FNSTN;Celulose;Suzano;MA;Pátio Esso;MA;138.826;85.457.676
ago/25;FNSTN;Cloreto de Potássio;Ponta da Madeira;MA;Palmeirante;TO;29.706;28.796.164
ago/25;FNSTN;Contêiner Cheio de 40 Pés;Porto Nacional;TO;Imperatriz;MA;2.254;1.421.147
ago/25;FNSTN;Contêiner Vazio de 40 Pés;Porto Nacional;TO;Imperatriz;MA;478;301.378
ago/25;FNSTN;Fosfato;Ponta da Madeira;MA;Palmeirante;TO;682;657.448
ago/25;FNSTN;Fosfato;Ponta da Madeira Pêra do Píer;MA;Palmeirante;TO;12.575;12.282.002
ago/25;FNSTN;Gasolina;Itaqui Base Combustível;MA;Porto Nacional;TO;12.093;15.064.101
ago/25;FNSTN;Grãos - Milho;Palmeirante;TO;Ponta da Madeira Pêra do Píer;MA;353.983;346.960.904
ago/25;FNSTN;Grãos - Milho;Porto Franco;MA;Ponta da Madeira Pêra do Píer;MA;18.041;13.184.019
ago/25;FNSTN;Grãos - Milho;Porto Nacional;TO;Ponta da Madeira Pêra do Píer;MA;149.724;187.563.668
ago/25;FNSTN;Óleo Diesel;Itaqui Base Combustível;MA;Porto Nacional;TO;46.048;57.354.603
ago/25;FNSTN;Outros - adubos e Fertilizantes;Ponta da Madeira;MA;Palmeirante;TO;9.614;9.319.542
ago/25;FNSTN;Outros - Comb e derivado -  Perigoso;Porto Nacional;TO;Itaqui Base Combustível;MA;6.160;7.672.763
ago/25;FNSTN;Soja;Palmeirante;TO;Ponta da Madeira;MA;1.761;1.707.064
ago/25;FNSTN;Soja;Palmeirante;TO;Ponta da Madeira Pêra do Píer;MA;100.374;98.248.692
ago/25;FNSTN;Soja;Porto Franco;MA;Ponta da Madeira Pêra do Píer;MA;254.221;185.290.117
ago/25;FNSTN;Soja;Porto Nacional;TO;Ponta da Madeira;MA;675;837.588
ago/25;FNSTN;Soja;Porto Nacional;TO;Ponta da Madeira Pêra do Píer;MA;284.558;356.113.214
ago/25;FTC;Carvão Mineral;Mina Novo Horizonte;SC;Capivari;SC;54.285;2.999.847
ago/25;FTC;Carvão Mineral;Rio Fiorita;SC;Capivari;SC;110.673;8.729.227
ago/25;FTC;Carvão Mineral;Sangão;SC;Capivari;SC;1.974;138.280
ago/25;FTC;Carvão Mineral;Urussanga;SC;Capivari;SC;38.345;2.475.408
ago/25;FTC;Contêiner Cheio de 20 Pés;Eng. Paz Ferreira;SC;Imbituba;SC;34.486;3.676.276
ago/25;FTC;Contêiner Cheio de 40 Pés;Eng. Paz Ferreira;SC;Imbituba;SC;5.296;564.564
ago/25;FTC;Contêiner Cheio de 40 Pés;Imbituba;SC;Eng. Paz Ferreira;SC;3.685;392.828
ago/25;FTC;Contêiner Vazio de 20 Pés;Imbituba;SC;Eng. Paz Ferreira;SC;2.981;317.780
ago/25;FTC;Contêiner Vazio de 40 Pés;Eng. Paz Ferreira;SC;Imbituba;SC;61;6.502
ago/25;FTC;Contêiner Vazio de 40 Pés;Imbituba;SC;Eng. Paz Ferreira;SC;260;27.716
ago/25;FTL;Álcool;Babaçu;MA;Itaqui;MA;1.710;571.396
ago/25;FTL;Areia;Aracapé;CE;Crateus;CE;40;17.526
ago/25;FTL;Areia;Aracapé;CE;São Luis - Tirirical;MA;40;47.345
ago/25;FTL;Areia;Aracapé;CE;Sobral;CE;40;9.223
ago/25;FTL;Areia;Aracapé;CE;Teresina;PI;80;58.440
ago/25;FTL;Celulose;Pátio Esso;MA;Itaqui;MA;138.640;277.280
ago/25;FTL;Cimento acondicionado;Fábrica Votorantim Pecém;CE;Aracapé;CE;14.840;695.164
ago/25;FTL;Cimento acondicionado;Pecem;CE;São Luis - Tirirical;MA;1.926;2.243.564
ago/25;FTL;Cimento acondicionado;Pecem;CE;Teresina;PI;1.613;1.143.428
ago/25;FTL;Cimento acondicionado;Poty;CE;Teresina;PI;17.877;8.974.325
ago/25;FTL;Clínquer;Poty;CE;São Luis - Tirirical;MA;11.364;10.886.757
ago/25;FTL;Coque;Mucuripe;CE;Poty;CE;1.694;430.932
ago/25;FTL;Demais Produtos;Aracapé;CE;Cana Brava;PI;86;44.333
ago/25;FTL;Demais Produtos;Carga Ferro Gusa e Cruz;MA;Aracapé;CE;46;51.865
ago/25;FTL;Demais Produtos;Carga Ferro Gusa e Cruz;MA;Babaçu;MA;643;174.253
ago/25;FTL;Demais Produtos;Carga Ferro Gusa e Cruz;MA;Carema Novo;MA;723;23.786
ago/25;FTL;Demais Produtos;Carga Ferro Gusa e Cruz;MA;Codó;MA;563;128.607
ago/25;FTL;Demais Produtos;Cariré;CE;Sobral;CE;20;655
ago/25;FTL;Demais Produtos;Castelo;PI;Aracapé;CE;46;26.214
ago/25;FTL;Demais Produtos;Crateus;CE;Aracapé;CE;2;876
ago/25;FTL;Demais Produtos;Crateus;CE;Cariré;CE;1;174
ago/25;FTL;Demais Produtos;Crateus;CE;Croatá;CE;1;369
ago/25;FTL;Demais Produtos;Crateus;CE;Itapipoca;CE;1;303
ago/25;FTL;Demais Produtos;Crateus;CE;Miraíma;CE;1;257
ago/25;FTL;Demais Produtos;Crateus;CE;Reriutaba;CE;1;147
ago/25;FTL;Demais Produtos;Nova Russas;CE;Crateus;CE;5;296
ago/25;FTL;Demais Produtos;Reriutaba;CE;Cariré;CE;10;268
ago/25;FTL;Demais Produtos;São Luis - Tirirical;MA;Aracapé;CE;5;5.918
ago/25;FTL;Demais Produtos;São Luis - Tirirical;MA;Oficina Demostenes Rockert;CE;19;22.553
ago/25;FTL;Demais Produtos;Sobral;CE;Aracapé;CE;1;230
ago/25;FTL;Demais Produtos;Teresina;PI;Aracapé;CE;6;4.382
ago/25;FTL;Demais Produtos;Teresina;PI;Oficina Demostenes Rockert;CE;13;9.503
ago/25;FTL;Dormente de Concreto;Carga Ferro Gusa e Cruz;MA;Teresina;PI;212;83.918
ago/25;FTL;Dormentes de Madeira;Aracapé;CE;Itapipoca;CE;12;1.616
ago/25;FTL;Dormentes de Madeira;Aracapé;CE;Nova Russas;CE;12;4.546
ago/25;FTL;Dormentes de Madeira;Aracapé;CE;Oficina Demostenes Rockert;CE;1;19
ago/25;FTL;Dormentes de Madeira;Crateus;CE;Altos;PI;32;8.106
ago/25;FTL;Dormentes de Madeira;Crateus;CE;Cariré;CE;8;1.398
ago/25;FTL;Dormentes de Madeira;Crateus;CE;Castelo;PI;10;1.317
ago/25;FTL;Dormentes de Madeira;Crateus;CE;Codó;MA;16;7.328
ago/25;FTL;Dormentes de Madeira;Crateus;CE;Coroatá;MA;8;4.093
ago/25;FTL;Dormentes de Madeira;Crateus;CE;Cristino Cruz Novo;MA;16;5.438
ago/25;FTL;Dormentes de Madeira;Crateus;CE;Croatá;CE;16;5.905
ago/25;FTL;Dormentes de Madeira;Crateus;CE;Ibiapaba;CE;32;1.184
ago/25;FTL;Dormentes de Madeira;Crateus;CE;Itapipoca;CE;8;2.427
ago/25;FTL;Dormentes de Madeira;Crateus;CE;Miraíma;CE;16;4.113
ago/25;FTL;Dormentes de Madeira;Crateus;CE;Pirapemas Novo;MA;8;4.506
ago/25;FTL;Dormentes de Madeira;Crateus;CE;São Luis - Tirirical;MA;16;11.927
ago/25;FTL;Dormentes de Madeira;Crateus;CE;Teresina;PI;10;2.923
ago/25;FTL;Gasolina;Itaqui;MA;Itarare;PI;13.110;6.071.895
ago/25;FTL;Gasolina;Itaqui;MA;Teresina;PI;9.562;4.391.107
ago/25;FTL;Óleo Diesel;Itaqui;MA;Itarare;PI;8.241;3.816.816
ago/25;FTL;Óleo Diesel;Itaqui;MA;Teresina;PI;15.442;7.101.633
ago/25;FTL;Pallets de Madeira;São Luis - Tirirical;MA;Pecem;CE;15;17.473
ago/25;FTL;Pó de Pedra;Carga Ferro Gusa e Cruz;MA;Nova Russas;CE;89;66.631
ago/25;FTL;Pó de Pedra;Carga Ferro Gusa e Cruz;MA;Sombra;PI;45;22.194
ago/25;FTL;Pó de Pedra;Carga Ferro Gusa e Cruz;MA;Teresina;PI;45;17.865
ago/25;FTL;Soja;Carregamento de Grãos;MA;Itaqui;MA;6.002;2.379.192
ago/25;MRS;Açúcar;Itirapina;SP;Conceiçãozinha;SP;8.521;3.404.062
ago/25;MRS;Açúcar;Itirapina;SP;Santos;SP;97.899;38.457.467
ago/25;MRS;Açúcar;Pradopolis;SP;Conceiçãozinha;SP;50.318;27.480.169
ago/25;MRS;Açúcar;Pradopolis;SP;Santos;SP;58.880;31.773.473
ago/25;MRS;Açúcar;Rio Preto Paulista;SP;Santos;SP;23.157;15.528.666
ago/25;MRS;Açúcar;Votuporanga;SP;Conceiçãozinha;SP;7.767;5.994.407
ago/25;MRS;Açúcar;Votuporanga;SP;Santos;SP;38.282;29.354.722
ago/25;MRS;Areia;Cruzeiro;SP;Mooca;SP;17.027;3.988.336
ago/25;MRS;Areia;Cruzeiro;SP;Santo André;SP;5.550;1.379.058
ago/25;MRS;Areia;Parque Industrial;MG;Água Branca;SP;14.560;11.195.722
ago/25;MRS;Areia;Roseira;SP;Água Branca;SP;4.446;820.518
ago/25;MRS;Areia;Roseira;SP;Mooca;SP;14.270;2.542.771
ago/25;MRS;Bauxita;Barão de Angra;RJ;Alumínio;SP;42.294;28.712.254
ago/25;MRS;Calcário Siderúrgico;Itutinga;MG;Volta Redonda;RJ;3.189;659.415
ago/25;MRS;Carvão Mineral;Baia Sepetiba;RJ;Volta Redonda;RJ;64.091;7.626.572
ago/25;MRS;Carvão Mineral;Curuputuba;SP;Volta Redonda;RJ;12.094;2.098.780
ago/25;MRS;Carvão Mineral;Porto Sudeste;RJ;Ouro Branco;MG;10.715;5.061.551
ago/25;MRS;Celulose;Pederneiras;SP;Santos;SP;230.390;120.048.395
ago/25;MRS;Celulose;São Silvestre;SP;Barnabé;SP;73.128;7.383.002
ago/25;MRS;Cimento a Granel;Barbacena;MG;Santo André;SP;50.716;33.579.875
ago/25;MRS;Cimento a Granel;Pedra do Sino;MG;São Bento;SP;60.553;39.457.848
ago/25;MRS;Cimento a Granel;Terminal Cimento Barroso;MG;Deodoro;RJ;3.739;1.334.206
ago/25;MRS;Cimento a Granel;Wilson Lobato;MG;Santo André;SP;771;670.352
ago/25;MRS;Cimento acondicionado;Pedra do Sino;MG;Arará;RJ;7.035;3.732.334
ago/25;MRS;Cimento acondicionado;Volta Redonda;RJ;Água Branca;SP;359;124.970
ago/25;MRS;Cimento acondicionado;Volta Redonda;RJ;Arará;RJ;25.909;3.748.073
ago/25;MRS;Cimento acondicionado;Volta Redonda;RJ;Benfica;MG;1.057;228.864
ago/25;MRS;Cimento acondicionado;Volta Redonda;RJ;Capuava;SP;431;155.193
ago/25;MRS;Cimento acondicionado;Volta Redonda;RJ;Mogi das Cruzes;SP;215;71.486
ago/25;MRS;Cimento acondicionado;Volta Redonda;RJ;Pedrasil;SP;2.625;439.881
ago/25;MRS;Cimento acondicionado;Volta Redonda;RJ;São José dos Campos;SP;1.449;341.950
ago/25;MRS;Cimento acondicionado;Wilson Lobato;MG;Água Branca;SP;3.080;2.615.603
ago/25;MRS;Cimento acondicionado;Wilson Lobato;MG;Capuava;SP;2.240;1.929.072
ago/25;MRS;Cimento acondicionado;Wilson Lobato;MG;Mogi das Cruzes;SP;700;583.527
ago/25;MRS;Contêiner Cheio de 20 Pés;Arará;RJ;Eldorado;MG;6.979;4.484.781
ago/25;MRS;Contêiner Cheio de 20 Pés;Arará;RJ;Floriano;RJ;7.482;1.288.325
ago/25;MRS;Contêiner Cheio de 20 Pés;Arará;RJ;Itatiaia;RJ;828;168.026
ago/25;MRS;Contêiner Cheio de 20 Pés;Arará;RJ;Suzano Novo;SP;2;934
ago/25;MRS;Contêiner Cheio de 20 Pés;Barnabé;SP;Curuputuba;SP;3.077;627.732
ago/25;MRS;Contêiner Cheio de 20 Pés;Barnabé;SP;Jundiaí;SP;151;19.463
ago/25;MRS;Contêiner Cheio de 20 Pés;Brisamar;RJ;Arará;RJ;191;18.590
ago/25;MRS;Contêiner Cheio de 20 Pés;Brisamar;RJ;Prudente de Morais;MG;10;7.164
ago/25;MRS;Contêiner Cheio de 20 Pés;Conceiçãozinha;SP;Curuputuba;SP;228;48.374
ago/25;MRS;Contêiner Cheio de 20 Pés;Conceiçãozinha;SP;Edmar Alves;SP;17;2.790
ago/25;MRS;Contêiner Cheio de 20 Pés;Conceiçãozinha;SP;Eng. Neiva;SP;2.331;565.507
ago/25;MRS;Contêiner Cheio de 20 Pés;Conceiçãozinha;SP;Jundiaí;SP;611;83.744
ago/25;MRS;Contêiner Cheio de 20 Pés;Cragea;SP;Barnabé;SP;1.121;50.694
ago/25;MRS;Contêiner Cheio de 20 Pés;Curuputuba;SP;Arará;RJ;3.206;1.020.155
ago/25;MRS;Contêiner Cheio de 20 Pés;Curuputuba;SP;Barnabé;SP;7.467;1.523.326
ago/25;MRS;Contêiner Cheio de 20 Pés;Curuputuba;SP;Brisamar;RJ;388;111.563
ago/25;MRS;Contêiner Cheio de 20 Pés;Curuputuba;SP;Conceiçãozinha;SP;2.364;501.572
ago/25;MRS;Contêiner Cheio de 20 Pés;Eldorado;MG;Arará;RJ;5.186;3.025.211
ago/25;MRS;Contêiner Cheio de 20 Pés;Eldorado;MG;Brisamar;RJ;51;28.158
ago/25;MRS;Contêiner Cheio de 20 Pés;Eldorado;MG;Conceiçãozinha;SP;683;549.515
ago/25;MRS;Contêiner Cheio de 20 Pés;Final Ramal das Fábricas;SP;Edmar Alves;SP;37;6.028
ago/25;MRS;Contêiner Cheio de 20 Pés;Floriano;RJ;Arará;RJ;105;18.079
ago/25;MRS;Contêiner Cheio de 20 Pés;Itutinga;MG;Barnabé;SP;4.991;2.800.325
ago/25;MRS;Contêiner Cheio de 20 Pés;Itutinga;MG;Conceiçãozinha;SP;3.018;1.717.516
ago/25;MRS;Contêiner Cheio de 20 Pés;Itutinga;MG;Final Ramal das Fábricas;SP;4.220;2.429.234
ago/25;MRS;Contêiner Cheio de 20 Pés;Jundiaí;SP;Conceiçãozinha;SP;161;22.066
ago/25;MRS;Contêiner Cheio de 20 Pés;Parque Industrial;MG;Itaguai;RJ;843;475.506
ago/25;MRS;Contêiner Cheio de 20 Pés - Perigoso;Arará;RJ;Dias Tavares;MG;1.140;334.561
ago/25;MRS;Contêiner Cheio de 20 Pés - Perigoso;Conceiçãozinha;SP;Eng. Neiva;SP;1.374;333.335
ago/25;MRS;Contêiner Cheio de 40 Pés;Arará;RJ;Edmar Alves;SP;1.280;468.802
ago/25;MRS;Contêiner Cheio de 40 Pés;Arará;RJ;Floriano;RJ;2.153;370.725
ago/25;MRS;Contêiner Cheio de 40 Pés;Arará;RJ;Itatiaia;RJ;29;5.884
ago/25;MRS;Contêiner Cheio de 40 Pés;Arará;RJ;Manoel Feio;SP;348;158.029
ago/25;MRS;Contêiner Cheio de 40 Pés;Arará;RJ;MultiTerminais;RJ;869;172.857
ago/25;MRS;Contêiner Cheio de 40 Pés;Arará;RJ;Prudente de Morais;MG;91;67.979
ago/25;MRS;Contêiner Cheio de 40 Pés;Arará;RJ;Suzano Novo;SP;419;195.836
ago/25;MRS;Contêiner Cheio de 40 Pés;Barnabé;SP;Conceiçãozinha;SP;2.999;23.872
ago/25;MRS;Contêiner Cheio de 40 Pés;Barnabé;SP;Curuputuba;SP;3.757;766.458
ago/25;MRS;Contêiner Cheio de 40 Pés;Barnabé;SP;Jundiaí;SP;7.825;1.008.633
ago/25;MRS;Contêiner Cheio de 40 Pés;Boa Vista Velha;SP;Brisamar;RJ;896;509.780
ago/25;MRS;Contêiner Cheio de 40 Pés;Brisamar;RJ;Floriano;RJ;5.320;752.902
ago/25;MRS;Contêiner Cheio de 40 Pés;Brisamar;RJ;MultiTerminais;RJ;377;63.708
ago/25;MRS;Contêiner Cheio de 40 Pés;Brisamar;RJ;Prudente de Morais;MG;67;48.004
ago/25;MRS;Contêiner Cheio de 40 Pés;Conceiçãozinha;SP;Curuputuba;SP;2.823;598.958
ago/25;MRS;Contêiner Cheio de 40 Pés;Conceiçãozinha;SP;Edmar Alves;SP;1.647;270.307
ago/25;MRS;Contêiner Cheio de 40 Pés;Conceiçãozinha;SP;Eng. Neiva;SP;783;189.958
ago/25;MRS;Contêiner Cheio de 40 Pés;Conceiçãozinha;SP;Jundiaí;SP;8.240;1.129.388
ago/25;MRS;Contêiner Cheio de 40 Pés;Cragea;SP;Barnabé;SP;304;13.747
ago/25;MRS;Contêiner Cheio de 40 Pés;Cragea;SP;Conceiçãozinha;SP;540;28.828
ago/25;MRS;Contêiner Cheio de 40 Pés;Curuputuba;SP;Barnabé;SP;330;67.322
ago/25;MRS;Contêiner Cheio de 40 Pés;Eldorado;MG;Arará;RJ;23;13.404
ago/25;MRS;Contêiner Cheio de 40 Pés;Eldorado;MG;Brisamar;RJ;121;66.808
ago/25;MRS;Contêiner Cheio de 40 Pés;Eldorado;MG;Conceiçãozinha;SP;38;30.424
ago/25;MRS;Contêiner Cheio de 40 Pés;Final Ramal das Fábricas;SP;Conceiçãozinha;SP;1.249;49.126
ago/25;MRS;Contêiner Cheio de 40 Pés;Final Ramal das Fábricas;SP;Edmar Alves;SP;98;15.968
ago/25;MRS;Contêiner Cheio de 40 Pés;Floriano;RJ;Arará;RJ;1.040;179.077
ago/25;MRS;Contêiner Cheio de 40 Pés;Floriano;RJ;Brisamar;RJ;405;57.316
ago/25;MRS;Contêiner Cheio de 40 Pés;Jundiaí;SP;Barnabé;SP;6.981;899.742
ago/25;MRS;Contêiner Cheio de 40 Pés;Jundiaí;SP;Conceiçãozinha;SP;17.290;2.369.565
ago/25;MRS;Contêiner Cheio de 40 Pés;Manoel Feio;SP;Arará;RJ;227;103.082
ago/25;MRS;Contêiner Cheio de 40 Pés;Manoel Feio;SP;Barnabé;SP;1.019;71.813
ago/25;MRS;Contêiner Cheio de 40 Pés;Manoel Feio;SP;Conceiçãozinha;SP;228;17.811
ago/25;MRS;Contêiner Cheio de 40 Pés;Suzano Novo;SP;Barnabé;SP;1.627;90.357
ago/25;MRS;Contêiner Cheio de 40 Pés;Suzano Novo;SP;Conceiçãozinha;SP;908;57.654
ago/25;MRS;Contêiner Cheio de 40 Pés - Perigoso;Arará;RJ;MultiTerminais;RJ;40;7.986
ago/25;MRS;Contêiner Cheio de 40 Pés - Perigoso;Barnabé;SP;Brisamar;RJ;22;10.829
ago/25;MRS;Contêiner Cheio de 40 Pés - Perigoso;Conceiçãozinha;SP;Eng. Neiva;SP;2.690;652.602
ago/25;MRS;Contêiner Cheio de 40 Pés - Perigoso;Conceiçãozinha;SP;Jundiaí;SP;254;34.652
ago/25;MRS;Contêiner Cheio de 40 Pés - Perigoso;Eng. Neiva;SP;Conceiçãozinha;SP;11;2.668
ago/25;MRS;Contêiner Cheio de 40 Pés - Perigoso;Final Ramal das Fábricas;SP;Jundiaí;SP;412;58.930
ago/25;MRS;Contêiner Vazio de 20 Pés;Arará;RJ;Eldorado;MG;178;114.384
ago/25;MRS;Contêiner Vazio de 20 Pés;Arará;RJ;Itutinga;MG;124;76.968
ago/25;MRS;Contêiner Vazio de 20 Pés;Conceiçãozinha;SP;Curuputuba;SP;225;47.738
ago/25;MRS;Contêiner Vazio de 20 Pés;Cragea;SP;Conceiçãozinha;SP;1.937;103.408
ago/25;MRS;Contêiner Vazio de 20 Pés;Curuputuba;SP;Conceiçãozinha;SP;78;16.549
ago/25;MRS;Contêiner Vazio de 20 Pés;Dias Tavares;MG;Arará;RJ;90;61.081
ago/25;MRS;Contêiner Vazio de 20 Pés;Eldorado;MG;Arará;RJ;280;163.183
ago/25;MRS;Contêiner Vazio de 20 Pés;Eng. Neiva;SP;Conceiçãozinha;SP;384;93.158
ago/25;MRS;Contêiner Vazio de 20 Pés;Final Ramal das Fábricas;SP;Itutinga;MG;1.065;612.652
ago/25;MRS;Contêiner Vazio de 20 Pés;Floriano;RJ;Arará;RJ;630;108.479
ago/25;MRS;Contêiner Vazio de 20 Pés;Itatiaia;RJ;Arará;RJ;48;9.740
ago/25;MRS;Contêiner Vazio de 20 Pés;Nova Granja;MG;Brisamar;RJ;2;1.234
ago/25;MRS;Contêiner Vazio de 40 Pés;Conceiçãozinha;SP;Eng. Neiva;SP;3;727
ago/25;MRS;Contêiner Vazio de 40 Pés;Conceiçãozinha;SP;Manoel Feio;SP;85;6.694
ago/25;MRS;Contêiner Vazio de 40 Pés;Conceiçãozinha;SP;Suzano Novo;SP;255;16.191
ago/25;MRS;Contêiner Vazio de 40 Pés;Curuputuba;SP;Conceiçãozinha;SP;207;43.919
ago/25;MRS;Contêiner Vazio de 40 Pés;Edmar Alves;SP;Arará;RJ;88;32.230
ago/25;MRS;Contêiner Vazio de 40 Pés;Edmar Alves;SP;Manoel Feio;SP;41;3.602
ago/25;MRS;Contêiner Vazio de 40 Pés;Eldorado;MG;Arará;RJ;17;9.991
ago/25;MRS;Contêiner Vazio de 40 Pés;Eng. Neiva;SP;Conceiçãozinha;SP;561;136.100
ago/25;MRS;Contêiner Vazio de 40 Pés;Floriano;RJ;Arará;RJ;184;31.682
ago/25;MRS;Contêiner Vazio de 40 Pés;Floriano;RJ;Brisamar;RJ;306;43.306
ago/25;MRS;Contêiner Vazio de 40 Pés;Floriano;RJ;Eldorado;MG;20;11.949
ago/25;MRS;Contêiner Vazio de 40 Pés;Floriano;RJ;Suzano Novo;SP;258;75.963
ago/25;MRS;Contêiner Vazio de 40 Pés;Itatiaia;RJ;Arará;RJ;252;51.138
ago/25;MRS;Contêiner Vazio de 40 Pés;Nova Granja;MG;Brisamar;RJ;10;6.171
ago/25;MRS;Contêiner Vazio de 40 Pés;Prudente de Morais;MG;Arará;RJ;14;9.622
ago/25;MRS;Coque;Baia Sepetiba;RJ;Sarzedo Novo;MG;1.412;825.768
ago/25;MRS;Coque;Baia Sepetiba;RJ;Volta Redonda;RJ;86.123;10.248.292
ago/25;MRS;Coque;Curuputuba;SP;Ouro Branco;MG;22.340;13.444.725
ago/25;MRS;Coque;Vespasiano;MG;Ouro Branco;MG;5.753;1.274.588
ago/25;MRS;Escória;Ouro Branco;MG;Wilson Lobato;MG;18.385;4.557.494
ago/25;MRS;Ferro Gusa;Cel. João Carlos Guedes;MG;Arará;RJ;10.380;4.663.235
ago/25;MRS;Ferro Gusa;Prudente de Morais;MG;Arará;RJ;17.668;12.144.041
ago/25;MRS;Ferro Gusa;Prudente de Morais;MG;Dias Tavares;MG;1.461;1.116.782
ago/25;MRS;Ferro Gusa;São Bento;SP;Arará;RJ;9.502;4.120.190
ago/25;MRS;Ferro Gusa;Sarzedo Novo;MG;Arará;RJ;51.553;28.418.883
ago/25;MRS;Ferro Gusa;Sarzedo Novo;MG;Itaguai;RJ;23.435;12.373.961
ago/25;MRS;Ferro Gusa;Sarzedo Novo;MG;Volta Redonda;RJ;3.550;1.441.356
ago/25;MRS;Grãos - Milho;Pederneiras;SP;Conceiçãozinha;SP;84.823;44.595.782
ago/25;MRS;Grãos - Milho;Pederneiras;SP;Santos;SP;40.537;21.117.479
ago/25;MRS;Minério de Ferro;Carlos Newlands;MG;Baia Sepetiba;RJ;49.132;25.142.170
ago/25;MRS;Minério de Ferro;Carlos Newlands;MG;Brisamar;RJ;213.339;108.104.630
ago/25;MRS;Minério de Ferro;Carlos Newlands;MG;Porto Sudeste;RJ;97.810;49.856.397
ago/25;MRS;Minério de Ferro;Casa de Pedra;MG;Baia Sepetiba;RJ;1.719.341;758.420.227
ago/25;MRS;Minério de Ferro;Casa de Pedra;MG;Porto Sudeste;RJ;101.906;44.748.045
ago/25;MRS;Minério de Ferro;Casa de Pedra;MG;Volta Redonda;RJ;131.803;42.455.723
ago/25;MRS;Minério de Ferro;Cel. João Carlos Guedes;MG;Guaiba;RJ;133.368;59.442.784
ago/25;MRS;Minério de Ferro;Curuputuba;SP;Volta Redonda;RJ;37.079;6.434.837
ago/25;MRS;Minério de Ferro;Dr. Joaquim Murtinho;MG;Baia Sepetiba;RJ;303.229;138.332.107
ago/25;MRS;Minério de Ferro;Dr. Joaquim Murtinho;MG;Brisamar;RJ;246.016;110.957.890
ago/25;MRS;Minério de Ferro;Dr. Joaquim Murtinho;MG;Porto Sudeste;RJ;223.274;101.370.636
ago/25;MRS;Minério de Ferro;Guaiba;RJ;Pires;MG;5.200;2.829.429
ago/25;MRS;Minério de Ferro;Itutinga;MG;Volta Redonda;RJ;87.527;18.098.657
ago/25;MRS;Minério de Ferro;Olhos D Água;MG;Baia Sepetiba;RJ;486.675;268.151.598
ago/25;MRS;Minério de Ferro;Olhos D Água;MG;Guaiba;RJ;582.994;334.117.942
ago/25;MRS;Minério de Ferro;Otavio Dapieve;MG;Baia Sepetiba;RJ;898.616;435.449.544
ago/25;MRS;Minério de Ferro;Otavio Dapieve;MG;Guaiba;RJ;1.589.378;805.334.653
ago/25;MRS;Minério de Ferro;Otavio Dapieve;MG;Siderúrgica do Atlântico;RJ;357.208;177.024.425
ago/25;MRS;Minério de Ferro;Otavio Dapieve;MG;Volta Redonda;RJ;124.284;45.435.993
ago/25;MRS;Minério de Ferro;Pires;MG;Baia Sepetiba;RJ;1.303.424;590.990.689
ago/25;MRS;Minério de Ferro;Pires;MG;Guaiba;RJ;328.986;156.444.028
ago/25;MRS;Minério de Ferro;Pires;MG;Porto Sudeste;RJ;232.949;105.156.439
ago/25;MRS;Minério de Ferro;Pires;MG;Siderúrgica do Atlântico;RJ;232.775;108.103.968
ago/25;MRS;Minério de Ferro;Sarzedo;MG;Baia Sepetiba;RJ;70.570;37.289.823
ago/25;MRS;Minério de Ferro;Sarzedo;MG;Brisamar;RJ;138.142;72.304.766
ago/25;MRS;Minério de Ferro;Sarzedo;MG;Guaiba;RJ;41.981;23.111.757
ago/25;MRS;Minério de Ferro;Sarzedo;MG;Porto Sudeste;RJ;364.453;193.576.512
ago/25;MRS;Minério de Ferro;Sarzedo Novo;MG;Baia Sepetiba;RJ;293.034;153.846.364
ago/25;MRS;Minério de Ferro;Sarzedo Novo;MG;Brisamar;RJ;44.987;23.393.779
ago/25;MRS;Minério de Ferro;Sarzedo Novo;MG;Guaiba;RJ;59.016;32.289.542
ago/25;MRS;Minério de Ferro;Sarzedo Novo;MG;Porto Sudeste;RJ;961.857;503.062.751
ago/25;MRS;Minério de Ferro;Viga;MG;Congonhas do Campo;MG;4.999;52.884
ago/25;MRS;Minério de Ferro;Viga;MG;Guaiba;RJ;325.226;149.276.132
ago/25;MRS;Minério de Ferro Especial - MRS distancia menor 100 km;Cel. João Carlos Guedes;MG;Dias Tavares;MG;18.237;9.598.151
ago/25;MRS;Minério de Ferro Especial - MRS distancia menor 100 km;Otavio Dapieve;MG;Ouro Branco;MG;99.993;9.698.102
ago/25;MRS;Minério de Ferro Especial - MRS distancia menor 100 km;Otavio Dapieve;MG;Sarzedo;MG;211;33.918
ago/25;MRS;Óleo Diesel;Embiruçu;MG;Cel. João Carlos Guedes;MG;3.698;536.376
ago/25;MRS;Outras - Carga Geral Não Conteinerizada;Arará;RJ;Prudente de Morais;MG;2.743;2.049.451
ago/25;MRS;Outros Graneis Minerais;Arará;RJ;Dias Tavares;MG;4.176;1.225.551
ago/25;MRS;Outros Graneis Minerais;Arará;RJ;Prudente de Morais;MG;2.088;1.560.063
ago/25;MRS;Outros Graneis Minerais;Arará;RJ;Terminal Paraibuna de Metais;MG;13.234;3.894.580
ago/25;MRS;Outros Graneis Minerais;Dias Tavares;MG;Prudente de Morais;MG;4.176;1.894.576
ago/25;MRS;Prd. Siderúrgicos - Bobina - BF;Horto Florestal;MG;Usiminas;SP;362;232.592
ago/25;MRS;Prd. Siderúrgicos - Bobina - BF;Lafaiete Bandeira;MG;Boa Vista Velha;SP;12.222;9.669.312
ago/25;MRS;Prd. Siderúrgicos - Bobina - BF;Lafaiete Bandeira;MG;Replan;SP;980;794.361
ago/25;MRS;Prd. Siderúrgicos - Bobina - BF;Lafaiete Bandeira;MG;São Caetano do Sul;SP;140;95.916
ago/25;MRS;Prd. Siderúrgicos - Bobina - BF;Lafaiete Bandeira;MG;Usiminas;SP;2.984;1.606.582
ago/25;MRS;Prd. Siderúrgicos - Bobina - BF;Ouro Branco;MG;Barbará;RJ;204;69.660
ago/25;MRS;Prd. Siderúrgicos - Bobina - BF;Ouro Branco;MG;Caçapava;SP;7.563;4.059.152
ago/25;MRS;Prd. Siderúrgicos - Bobina - BF;Ouro Branco;MG;Ipiranga;SP;137;91.535
ago/25;MRS;Prd. Siderúrgicos - Bobina - BF;Ouro Branco;MG;Parque Industrial;MG;12.730;2.045.889
ago/25;MRS;Prd. Siderúrgicos - Bobina - BF;Ouro Branco;MG;Pulverizacao;RJ;2.199;842.436
ago/25;MRS;Prd. Siderúrgicos - Bobina - BF;Ouro Branco;MG;São Bento;SP;8.722;5.340.897
ago/25;MRS;Prd. Siderúrgicos - Bobina - BF;Ouro Branco;MG;São Caetano do Sul;SP;1.158;778.561
ago/25;MRS;Prd. Siderúrgicos - Bobina - BF;Parque Industrial;MG;Boa Vista Velha;SP;5.168;4.490.438
ago/25;MRS;Prd. Siderúrgicos - Bobina - BF;Piaçaguera;SP;Barbará;RJ;1.340;487.201
ago/25;MRS;Prd. Siderúrgicos - Bobina - BF;Piaçaguera;SP;Ipiranga;SP;5.686;299.383
ago/25;MRS;Prd. Siderúrgicos - Bobina - BF;Piaçaguera;SP;São Caetano do Sul;SP;434;21.032
ago/25;MRS;Prd. Siderúrgicos - Bobina - BF;Piaçaguera;SP;Utinga;SP;12.048;540.461
ago/25;MRS;Prd. Siderúrgicos - Bobina - BF;Pulverizacao;RJ;Barbará;RJ;68;2.661
ago/25;MRS;Prd. Siderúrgicos - Bobina - BF;Pulverizacao;RJ;Ouro Branco;MG;68;26.748
ago/25;MRS;Prd. Siderúrgicos - Bobina - BF;São Bento;SP;Ouro Branco;MG;68;49.223
ago/25;MRS;Prd. Siderúrgicos - Bobina - BF;Volta Redonda;RJ;Boa Vista Velha;SP;1.030;471.415
ago/25;MRS;Prd. Siderúrgicos - Bobina - BF;Volta Redonda;RJ;Ipiranga;SP;2.283;787.052
ago/25;MRS;Prd. Siderúrgicos - Bobina - BQ;Horto Florestal;MG;Ipiranga;SP;219;171.274
ago/25;MRS;Prd. Siderúrgicos - Bobina - BQ;Horto Florestal;MG;Manoel Feio;SP;358;269.068
ago/25;MRS;Prd. Siderúrgicos - Bobina - BQ;Horto Florestal;MG;Usiminas;SP;1.954;1.255.486
ago/25;MRS;Prd. Siderúrgicos - Bobina - BQ;Lafaiete Bandeira;MG;Barbará;RJ;1.342;475.414
ago/25;MRS;Prd. Siderúrgicos - Bobina - BQ;Lafaiete Bandeira;MG;Cruzeiro;SP;2.812;1.247.664
ago/25;MRS;Prd. Siderúrgicos - Bobina - BQ;Lafaiete Bandeira;MG;Ipiranga;SP;6.656;4.532.269
ago/25;MRS;Prd. Siderúrgicos - Bobina - BQ;Lafaiete Bandeira;MG;Manoel Feio;SP;5.539;3.576.138
ago/25;MRS;Prd. Siderúrgicos - Bobina - BQ;Lafaiete Bandeira;MG;Pinheirinho;SP;1.470;938.678
ago/25;MRS;Prd. Siderúrgicos - Bobina - BQ;Lafaiete Bandeira;MG;São Caetano do Sul;SP;1.234;845.438
ago/25;MRS;Prd. Siderúrgicos - Bobina - BQ;Lafaiete Bandeira;MG;Usiminas;SP;5.798;3.121.637
ago/25;MRS;Prd. Siderúrgicos - Bobina - BQ;Manoel Feio;SP;São Bento;SP;8.400;172.149
ago/25;MRS;Prd. Siderúrgicos - Bobina - BQ;Parque Industrial;MG;Barbará;RJ;353;152.499
ago/25;MRS;Prd. Siderúrgicos - Bobina - BQ;Parque Industrial;MG;Cruzeiro;SP;1.120;584.019
ago/25;MRS;Prd. Siderúrgicos - Bobina - BQ;Parque Industrial;MG;Utinga;SP;221;169.391
ago/25;MRS;Prd. Siderúrgicos - Bobina - BQ;Piaçaguera;SP;Cruzeiro;SP;2.210;811.335
ago/25;MRS;Prd. Siderúrgicos - Bobina - BQ;Piaçaguera;SP;Horto Florestal;MG;1.191;1.136.865
ago/25;MRS;Prd. Siderúrgicos - Bobina - BQ;Piaçaguera;SP;Ipiranga;SP;1.547;81.454
ago/25;MRS;Prd. Siderúrgicos - Bobina - BQ;Piaçaguera;SP;Replan;SP;5.607;1.074.912
ago/25;MRS;Prd. Siderúrgicos - Bobina - BQ;Piaçaguera;SP;Usiminas;SP;512;85.245
ago/25;MRS;Prd. Siderúrgicos - Bobina - BQ;São Bento;SP;Manoel Feio;SP;1.698;34.798
ago/25;MRS;Prd. Siderúrgicos - Fio Máquina;Dias Tavares;MG;Caçapava;SP;6.077;4.010.249
ago/25;MRS;Prd. Siderúrgicos - Fio Máquina;Dias Tavares;MG;Eldorado;MG;370;129.180
ago/25;MRS;Prd. Siderúrgicos - Fio Máquina;Dias Tavares;MG;Parque Industrial;MG;974;339.084
ago/25;MRS;Prd. Siderúrgicos - Fio Máquina;Dias Tavares;MG;Pinheirinho;SP;2.059;1.674.362
ago/25;MRS;Prd. Siderúrgicos - Fio Máquina;Itaguai;RJ;São Bento;SP;5.570;2.288.969
ago/25;MRS;Prd. Siderúrgicos - Fio Máquina;Ouro Branco;MG;Brisamar;RJ;2.057;947.441
ago/25;MRS;Prd. Siderúrgicos - Fio Máquina;Ouro Branco;MG;Caçapava;SP;12.275;6.588.139
ago/25;MRS;Prd. Siderúrgicos - Fio Máquina;Ouro Branco;MG;Itaguai;RJ;1.041;487.806
ago/25;MRS;Prd. Siderúrgicos - Outros;Barbará;RJ;Brisamar;RJ;561;66.827
ago/25;MRS;Prd. Siderúrgicos - Outros;Barbará;RJ;Cruzeiro;SP;2.345;240.083
ago/25;MRS;Prd. Siderúrgicos - Outros;Barbará;RJ;Volta Redonda;RJ;165;845
ago/25;MRS;Prd. Siderúrgicos - Outros;Brisamar;RJ;Eldorado;MG;4.016;2.457.567
ago/25;MRS;Prd. Siderúrgicos - Outros;Brisamar;RJ;São Bento;SP;180;72.530
ago/25;MRS;Prd. Siderúrgicos - Outros;Brisamar;RJ;Volta Redonda;RJ;30.141;3.435.953
ago/25;MRS;Prd. Siderúrgicos - Outros;Dias Tavares;MG;Parque Industrial;MG;3.259;1.134.574
ago/25;MRS;Prd. Siderúrgicos - Outros;Floriano;RJ;Ipiranga;SP;1.341;429.044
ago/25;MRS;Prd. Siderúrgicos - Outros;Floriano;RJ;Volta Redonda;RJ;1.249;34.381
ago/25;MRS;Prd. Siderúrgicos - Outros;Horto Florestal;MG;Manoel Feio;SP;582;437.424
ago/25;MRS;Prd. Siderúrgicos - Outros;Itaguai;RJ;Caçapava;SP;2.142;718.839
ago/25;MRS;Prd. Siderúrgicos - Outros;Itaguai;RJ;Parque Industrial;MG;504;311.947
ago/25;MRS;Prd. Siderúrgicos - Outros;Itaguai;RJ;Pinheirinho;SP;70;29.705
ago/25;MRS;Prd. Siderúrgicos - Outros;Lafaiete Bandeira;MG;Curuputuba;SP;5.120;2.609.786
ago/25;MRS;Prd. Siderúrgicos - Outros;Lafaiete Bandeira;MG;Manoel Feio;SP;10.761;6.947.613
ago/25;MRS;Prd. Siderúrgicos - Outros;Lafaiete Bandeira;MG;Piaçaguera;SP;489;463.469
ago/25;MRS;Prd. Siderúrgicos - Outros;Lafaiete Bandeira;MG;Utinga;SP;12.016;8.275.706
ago/25;MRS;Prd. Siderúrgicos - Outros;Manoel Feio;SP;Volta Redonda;RJ;670;207.327
ago/25;MRS;Prd. Siderúrgicos - Outros;Ouro Branco;MG;Brisamar;RJ;18.166;8.367.150
ago/25;MRS;Prd. Siderúrgicos - Outros;Ouro Branco;MG;Caçapava;SP;10.060;5.399.322
ago/25;MRS;Prd. Siderúrgicos - Outros;Ouro Branco;MG;Eng. Cesar de Souza;SP;1.565;1.034.882
ago/25;MRS;Prd. Siderúrgicos - Outros;Ouro Branco;MG;Itutinga;MG;14.655;2.049.062
ago/25;MRS;Prd. Siderúrgicos - Outros;Ouro Branco;MG;Parque Industrial;MG;7.800;1.253.569
ago/25;MRS;Prd. Siderúrgicos - Outros;Ouro Branco;MG;São Bento;SP;1.091;668.071
ago/25;MRS;Prd. Siderúrgicos - Outros;Ouro Branco;MG;São Caetano do Sul;SP;1.169;785.956
ago/25;MRS;Prd. Siderúrgicos - Outros;Piaçaguera;SP;Manoel Feio;SP;16.691;1.030.819
ago/25;MRS;Prd. Siderúrgicos - Outros;São Bento;SP;São Caetano do Sul;SP;2.041;122.429
ago/25;MRS;Prd. Siderúrgicos - Outros;São Bento;SP;Volta Redonda;RJ;209;61.966
ago/25;MRS;Prd. Siderúrgicos - Outros;Saudade;RJ;Caçapava;SP;915;184.568
ago/25;MRS;Prd. Siderúrgicos - Outros;Saudade;RJ;Eldorado;MG;720;419.362
ago/25;MRS;Prd. Siderúrgicos - Outros;Saudade;RJ;Floriano;RJ;1.132;18.028
ago/25;MRS;Prd. Siderúrgicos - Outros;Saudade;RJ;Pinheirinho;SP;4.392;1.277.070
ago/25;MRS;Prd. Siderúrgicos - Outros;Siderúrgica do Atlântico;RJ;Piaçaguera;SP;71.656;35.913.915
ago/25;MRS;Prd. Siderúrgicos - Outros;Volta Redonda;RJ;Arará;RJ;702;101.553
ago/25;MRS;Prd. Siderúrgicos - Outros;Volta Redonda;RJ;Barbará;RJ;8.949;45.881
ago/25;MRS;Prd. Siderúrgicos - Outros;Volta Redonda;RJ;Brisamar;RJ;262;29.866
ago/25;MRS;Prd. Siderúrgicos - Outros;Volta Redonda;RJ;Caçapava;SP;2.897;617.970
ago/25;MRS;Prd. Siderúrgicos - Outros;Volta Redonda;RJ;Floriano;RJ;2.764;76.084
ago/25;MRS;Prd. Siderúrgicos - Outros;Volta Redonda;RJ;Manoel Feio;SP;51.822;16.036.006
ago/25;MRS;Prd. Siderúrgicos - Outros;Volta Redonda;RJ;Mogi das Cruzes;SP;10.125;3.366.511
ago/25;MRS;Prd. Siderúrgicos - Outros;Volta Redonda;RJ;Pulverizacao;RJ;4.815;163.756
ago/25;MRS;Prd. Siderúrgicos - Outros;Volta Redonda;RJ;São Bento;SP;25.600;7.406.487
ago/25;MRS;Prd. Siderúrgicos - Placa;Brisamar;RJ;Edmar Alves;SP;4.892;1.682.300
ago/25;MRS;Prd. Siderúrgicos - Placa;Brisamar;RJ;Volta Redonda;RJ;778;88.688
ago/25;MRS;Prd. Siderúrgicos - Placa;Cel. João Carlos Guedes;MG;Barreiro;MG;9.849;1.264.316
ago/25;MRS;Prd. Siderúrgicos - Placa;Dias Tavares;MG;Cel. João Carlos Guedes;MG;1.050;242.556
ago/25;MRS;Prd. Siderúrgicos - Placa;Dias Tavares;MG;Parque Industrial;MG;3.357;1.168.692
ago/25;MRS;Prd. Siderúrgicos - Placa;Horto Florestal;MG;Curuputuba;SP;443;269.409
ago/25;MRS;Prd. Siderúrgicos - Placa;Horto Florestal;MG;Utinga;SP;724;571.866
ago/25;MRS;Prd. Siderúrgicos - Placa;Lafaiete Bandeira;MG;Usiminas;SP;284;152.905
ago/25;MRS;Prd. Siderúrgicos - Placa;Ouro Branco;MG;Caçapava;SP;587;315.049
ago/25;MRS;Prd. Siderúrgicos - Placa;Ouro Branco;MG;Itaguai;RJ;8.975;4.205.631
ago/25;MRS;Prd. Siderúrgicos - Placa;Ouro Branco;MG;Itutinga;MG;955;135.907
ago/25;MRS;Prd. Siderúrgicos - Placa;Ouro Branco;MG;Manoel Feio;SP;272;172.133
ago/25;MRS;Prd. Siderúrgicos - Placa;Ouro Branco;MG;Pinheirinho;SP;4.386;2.744.627
ago/25;MRS;Prd. Siderúrgicos - Placa;Ouro Branco;MG;Pulverizacao;RJ;302;115.696
ago/25;MRS;Prd. Siderúrgicos - Placa;Ouro Branco;MG;São Bento;SP;2.847;1.743.354
ago/25;MRS;Prd. Siderúrgicos - Placa;Parque Industrial;MG;Brisamar;RJ;1.022;568.298
ago/25;MRS;Prd. Siderúrgicos - Placa;Piaçaguera;SP;Siderúrgica do Atlântico;RJ;483;240.874
ago/25;MRS;Prd. Siderúrgicos - Placa;Pulverizacao;RJ;Ouro Branco;MG;68;26.748
ago/25;MRS;Prd. Siderúrgicos - Placa;Siderúrgica do Atlântico;RJ;Eldorado;MG;522;327.786
ago/25;MRS;Prd. Siderúrgicos - Tubos;Barreiro;MG;Arará;RJ;6.026;3.480.750
ago/25;MRS;Prd. Siderúrgicos - Tubos;Barreiro;MG;Eldorado;MG;7.608;39.401
ago/25;MRS;Prd. Siderúrgicos - Tubos;Brisamar;RJ;Curuputuba;SP;354;101.787
ago/25;MRS;Prd. Siderúrgicos - Tubos;Cel. João Carlos Guedes;MG;Arará;RJ;9.110;4.092.685
ago/25;MRS;Prd. Siderúrgicos - Tubos;Cel. João Carlos Guedes;MG;Barreiro;MG;11.224;1.444.673
ago/25;MRS;Prd. Siderúrgicos - Tubos;Curuputuba;SP;Arará;RJ;9.052;2.884.505
ago/25;MRS;Prd. Siderúrgicos - Tubos;Curuputuba;SP;Manoel Feio;SP;148;21.229
ago/25;MRS;Prd. Siderúrgicos - Tubos;Eldorado;MG;Barreiro;MG;4.786;24.786
ago/25;MRS;Prd. Siderúrgicos - Vergalhões;Dias Tavares;MG;Manoel Feio;SP;69;56.598
ago/25;MRS;Prd. Siderúrgicos - Vergalhões;Itaguai;RJ;Caçapava;SP;227;76.115
ago/25;MRS;Prd. Siderúrgicos - Vergalhões;Volta Redonda;RJ;Eldorado;MG;1.214;693.009
ago/25;MRS;Prd. Siderúrgicos - Vergalhões;Volta Redonda;RJ;Manoel Feio;SP;9.313;2.881.851
ago/25;MRS;Soja;Pederneiras;SP;Santos;SP;137.393;71.570.422
ago/25;MRS;Veículos;Parque Industrial;MG;Piaçaguera;SP;391;306.014
ago/25;RMC;Açúcar;Iturama;MG;Conceiçãozinha;SP;41.991;38.105.087
ago/25;RMC;Açúcar;Iturama;MG;Santos;SP;121.993;109.757.657
ago/25;RMC;Adubo Orgânico a Granel;Conceiçãozinha;SP;Rio Verde;GO;6.910;8.331.814
ago/25;RMC;Adubo Orgânico a Granel;Cubatão;SP;Rio Verde;GO;2.093;2.512.142
ago/25;RMC;Bauxita;Santa Isabel;TO;Alumínio;SP;85.845;124.336.266
ago/25;RMC;Cloreto de Potássio;Conceiçãozinha;SP;Rio Verde;GO;13.851;16.850.539
ago/25;RMC;Cloreto de Potássio;Cubatão;SP;Rio Verde;GO;823;987.813
ago/25;RMC;Cloreto de Potássio;Santos;SP;Rio Verde;GO;20.044;23.705.982
ago/25;RMC;Contêiner Cheio de 40 Pés;Santa Isabel;TO;Alumínio;SP;2.732;3.960.910
ago/25;RMC;Contêiner Vazio de 40 Pés;Anápolis;GO;Tutóia;SP;63;67.311
ago/25;RMC;Contêiner Vazio de 40 Pés;Porto Nacional;TO;Sumaré;SP;95;190.814
ago/25;RMN;Açúcar;Chapadao do Sul;MS;Conceiçãozinha;SP;21.613;25.829.056
ago/25;RMN;Açúcar;Chapadao do Sul;MS;Santos;SP;76.563;91.014.019
ago/25;RMN;Álcool;Chapadao do Sul;MS;Replan;SP;52.117;49.036.522
ago/25;RMN;Álcool;Rondonópolis;MT;Replan;SP;139.581;195.339.616
ago/25;RMN;Álcool;T. Olacyr F. Morais;MS;Replan;SP;3.418;3.597.332
ago/25;RMN;Celulose;Aparecida do Taboado;MS;Barnabé;SP;245.080;227.033.314
ago/25;RMN;Celulose;Chapadao do Sul;MS;Barnabé;SP;149.824;178.302.396
ago/25;RMN;Celulose;Chapadao do Sul;MS;Santos;SP;79.584;94.830.623
ago/25;RMN;Contêiner cheio 53 pés;Rondonópolis;MT;Boa Vista Nova;SP;358;491.902
ago/25;RMN;Contêiner Cheio de 20 Pés;Rondonópolis;MT;Cubatão;SP;11.578;18.849.944
ago/25;RMN;Contêiner Cheio de 40 Pés;Rondonópolis;MT;Boa Vista Nova;SP;69.257;95.103.530
ago/25;RMN;Contêiner Cheio de 40 Pés;Rondonópolis;MT;Boa Vista Velha;SP;4.223;5.780.708
ago/25;RMN;Contêiner Cheio de 40 Pés;Rondonópolis;MT;Cubatão;SP;67.049;109.161.336
ago/25;RMN;Contêiner Vazio de 40 Pés;Rondonópolis;MT;Boa Vista Nova;SP;135;184.972
ago/25;RMN;Contêiner Vazio de 40 Pés;Rondonópolis;MT;Cubatão;SP;44;71.639
ago/25;RMN;Farelo de Soja;Alto Araguaia;MT;Santos;SP;84.298;118.060.150
ago/25;RMN;Farelo de Soja;Rondonópolis;MT;Santos;SP;431.600;708.963.141
ago/25;RMN;Grãos - Milho;Alto Araguaia;MT;Conceiçãozinha;SP;31.223;44.060.317
ago/25;RMN;Grãos - Milho;Alto Araguaia;MT;Santos;SP;5.238;7.337.441
ago/25;RMN;Grãos - Milho;Chapadao do Sul;MS;Conceiçãozinha;SP;8.312;9.959.787
ago/25;RMN;Grãos - Milho;Chapadao do Sul;MS;Santos;SP;90.113;107.047.301
ago/25;RMN;Grãos - Milho;Rondonópolis;MT;Conceiçãozinha;SP;327.198;539.542.391
ago/25;RMN;Grãos - Milho;Rondonópolis;MT;Santos;SP;683.909;1.126.376.162
ago/25;RMN;Óleo Diesel;Rondonópolis;MT;Replan;SP;10.403;14.496.705
ago/25;RMN;Óleo Diesel;T. Olacyr F. Morais;MS;Replan;SP;2.973;3.128.987
ago/25;RMN;Soja;Chapadao do Sul;MS;Santos;SP;3.310;3.932.025
ago/25;RMN;Soja;Itiquira;MT;Conceiçãozinha;SP;59.404;90.416.037
ago/25;RMN;Soja;Itiquira;MT;Santos;SP;14.536;22.011.381
ago/25;RMN;Soja;Rondonópolis;MT;Conceiçãozinha;SP;126.414;208.399.900
ago/25;RMN;Soja;Rondonópolis;MT;Estação TUF;SP;31.022;50.761.362
ago/25;RMN;Soja;Rondonópolis;MT;Piaçaguera;SP;5.335;8.757.541
ago/25;RMN;Soja;Rondonópolis;MT;Santos;SP;251.682;414.890.307
ago/25;RMP;Açúcar;Fernandopolis;SP;Conceiçãozinha;SP;63.231;51.351.812
ago/25;RMP;Açúcar;Fernandopolis;SP;Santos;SP;39.624;31.903.322
ago/25;RMP;Açúcar;Pradopolis;SP;Santos;SP;7.455;3.994.485
ago/25;RMP;Açúcar;Rio Preto Paulista;SP;Santos;SP;30.099;20.097.615
ago/25;RMP;Açúcar;Santa Adélia;SP;Santos;SP;85.935;49.789.803
ago/25;RMP;Açúcar;Votuporanga;SP;Conceiçãozinha;SP;7.452;5.783.310
ago/25;RMP;Açúcar;Votuporanga;SP;Santos;SP;7.977;6.108.435
ago/25;RMP;Adubo Orgânico a Granel;Conceiçãozinha;SP;Rondonópolis;MT;157.026;259.396.806
ago/25;RMP;Adubo Orgânico a Granel;Cubatão;SP;Rondonópolis;MT;17.045;27.821.994
ago/25;RMP;Adubo Orgânico a Granel;Estação TUF;SP;Rondonópolis;MT;13.973;22.855.928
ago/25;RMP;Adubo Orgânico a Granel;Santos;SP;Rondonópolis;MT;13.676;22.590.877
ago/25;RMP;Cloreto de Potássio;Conceiçãozinha;SP;Rondonópolis;MT;24.792;40.834.456
ago/25;RMP;Cloreto de Potássio;Cubatão;SP;Rondonópolis;MT;28.178;45.876.122
ago/25;RMP;Cloreto de Potássio;Estação TUF;SP;Rondonópolis;MT;6.817;11.150.710
ago/25;RMP;Cloreto de Potássio;Piaçaguera;SP;Rondonópolis;MT;6.963;11.429.945
ago/25;RMP;Cloreto de Potássio;Santos;SP;Rondonópolis;MT;23.826;39.174.661
ago/25;RMP;Contêiner Cheio de 40 Pés;Boa Vista Nova;SP;Rondonópolis;MT;229;313.787
ago/25;RMP;Contêiner Cheio de 40 Pés;Boa Vista Velha;SP;Rondonópolis;MT;43.309;59.284.086
ago/25;RMP;Contêiner Cheio de 40 Pés;Cubatão;SP;Rondonópolis;MT;6.106;9.941.074
ago/25;RMP;Contêiner Cheio de 40 Pés;Sumaré;SP;Porto Nacional;TO;3.097;6.220.559
ago/25;RMP;Contêiner vazio 53 pés;Boa Vista Nova;SP;Rondonópolis;MT;64;87.937
ago/25;RMP;Contêiner Vazio de 20 Pés;Cubatão;SP;Rondonópolis;MT;1.688;2.753.836
ago/25;RMP;Contêiner Vazio de 40 Pés;Boa Vista Velha;SP;Rondonópolis;MT;7.058;9.661.434
ago/25;RMP;Contêiner Vazio de 40 Pés;Cubatão;SP;Rondonópolis;MT;13.473;21.980.121
ago/25;RMP;Contêiner Vazio de 40 Pés;Sumaré;SP;Porto Nacional;TO;778;1.562.672
ago/25;RMP;Farelo de Soja;Rio Verde;GO;Santos;SP;102.050;122.806.458
ago/25;RMP;Farelo de Soja;São Simão;GO;Santos;SP;34.131;33.761.119
ago/25;RMP;Fosfato;Conceiçãozinha;SP;Rondonópolis;MT;37.783;62.639.906
ago/25;RMP;Gasolina;Replan;SP;Rio Verde;GO;1.668;1.589.119
ago/25;RMP;Gasolina;Replan;SP;Rondonópolis;MT;10.476;14.598.430
ago/25;RMP;Gasolina;Replan;SP;T. Olacyr F. Morais;MS;925;973.531
ago/25;RMP;Grãos - Milho;Rio Verde;GO;Conceiçãozinha;SP;342.417;414.079.180
ago/25;RMP;Grãos - Milho;Rio Verde;GO;Santos;SP;217.653;261.541.288
ago/25;RMP;Grãos - Milho;São Simão;GO;Santos;SP;2.416;2.381.233
ago/25;RMP;Óleo Diesel;Replan;SP;Rio Verde;GO;9.339;8.897.355
ago/25;RMP;Óleo Diesel;Replan;SP;Rondonópolis;MT;118.783;165.535.211
ago/25;RMP;Óleo Diesel;Replan;SP;T. Olacyr F. Morais;MS;9.260;9.745.843
ago/25;RMP;Outros - Indústria Cimenteira e Construção;Tutóia;SP;Rondonópolis;MT;1.941;2.293.105
ago/25;RMP;Soja;Alvorada;TO;Santos;SP;7.626;15.030.274
ago/25;RMP;Soja;Rio Verde;GO;Conceiçãozinha;SP;443;536.053
ago/25;RMP;Soja;Rio Verde;GO;Santos;SP;2.924;3.508.033
ago/25;RMP;Soja;São Simão;GO;Conceiçãozinha;SP;25.125;24.939.578
ago/25;RMP;Soja;São Simão;GO;Piaçaguera;SP;7.579;7.391.593
ago/25;RMP;Soja;São Simão;GO;Santos;SP;37.393;36.854.903
ago/25;RMP;Ureia;Conceiçãozinha;SP;Rondonópolis;MT;9.860;16.346.755
ago/25;RMP;Ureia;Estação TUF;SP;Rondonópolis;MT;2.908;4.756.676
ago/25;RMS;Açúcar;D Pedro II;PR;Londrina;PR;155;97.806
ago/25;RMS;Açúcar;Londrina;PR;D Pedro II;PR;50.220;31.689.236
ago/25;RMS;Açúcar;Marialva;PR;D Pedro II;PR;186.582;115.715.673
ago/25;RMS;Açúcar;Maringa;PR;D Pedro II;PR;173.361;112.989.335
ago/25;RMS;Açúcar;Rolandia;PR;D Pedro II;PR;64.445;39.768.618
ago/25;RMS;Adubo Orgânico a Granel;D Pedro II;PR;Cará-Cará;PR;770;184.707
ago/25;RMS;Adubo Orgânico a Granel;D Pedro II;PR;Cascavel;PR;5.561;4.086.237
ago/25;RMS;Adubo Orgânico a Granel;km 5;PR;Maringa;PR;466;301.703
ago/25;RMS;Adubo Orgânico a Granel;Rio Grande;RS;Cruz Alta;RS;13.153;9.706.147
ago/25;RMS;Adubo Orgânico a Granel;São Francisco do Sul;SC;Cascavel;PR;1.911;1.608.047
ago/25;RMS;Álcool;Eng. Vicente Montanha;PR;Araucária Terminal;PR;2.784;1.430.057
ago/25;RMS;Álcool;Londrina;PR;Araucária Terminal;PR;10.189;5.155.835
ago/25;RMS;Álcool;Sarandi;PR;Araucária Terminal;PR;5.694;2.909.239
ago/25;RMS;Calcário Corretivo;Tranqueira;PR;Maringa;PR;18.661;10.950.274
ago/25;RMS;Celulose;Ortigueira;PR;km 5;PR;49.792;22.759.873
ago/25;RMS;Cimento acondicionado;Apiai;SP;Londrina;PR;20.554;11.875.957
ago/25;RMS;Cimento acondicionado;Apiai;SP;Uvaranas;PR;18.494;3.597.489
ago/25;RMS;Cimento acondicionado;Rio Branco do Sul;PR;Cascavel;PR;12.368;8.478.288
ago/25;RMS;Cimento acondicionado;Rio Branco do Sul;PR;Londrina;PR;11.570;6.730.396
ago/25;RMS;Cimento acondicionado;Rio Branco do Sul;PR;Maringa;PR;24.385;14.690.987
ago/25;RMS;Cloreto de Potássio;D Pedro II;PR;Cará-Cará;PR;763;183.026
ago/25;RMS;Cloreto de Potássio;km 5;PR;Cará-Cará;PR;1.798;423.524
ago/25;RMS;Cloreto de Potássio;km 5;PR;Cascavel;PR;5.390;3.937.281
ago/25;RMS;Cloreto de Potássio;Rio Grande;RS;Cruz Alta;RS;10.193;7.521.842
ago/25;RMS;Contêiner Cheio de 40 Pés;Cambe;PR;D Pedro II;PR;43.169;26.931.757
ago/25;RMS;Contêiner Cheio de 40 Pés;Cascavel;PR;D Pedro II;PR;33.980;24.968.470
ago/25;RMS;Contêiner Cheio de 40 Pés;Ortigueira;PR;D Pedro II;PR;46.801;21.595.057
ago/25;RMS;Contêiner Vazio de 40 Pés;D Pedro II;PR;Cambe;PR;10.318;6.437.070
ago/25;RMS;Contêiner Vazio de 40 Pés;D Pedro II;PR;Cascavel;PR;7.848;5.766.702
ago/25;RMS;Contêiner Vazio de 40 Pés;D Pedro II;PR;Ortigueira;PR;11.248;5.190.085
ago/25;RMS;Farelo de Soja;Cruz Alta;RS;Rio Grande;RS;35.194;25.971.130
ago/25;RMS;Farelo de Soja;Desvio Ribas;PR;D Pedro II;PR;79.788;18.362.728
ago/25;RMS;Farelo de Soja;Ijuí;RS;Rio Grande;RS;19.228;15.217.846
ago/25;RMS;Farelo de Soja;Londrina;PR;D Pedro II;PR;8.893;5.611.589
ago/25;RMS;Farelo de Soja;Maringa;PR;D Pedro II;PR;13.566;8.841.735
ago/25;RMS;Fosfato;D Pedro II;PR;Cará-Cará;PR;903;216.611
ago/25;RMS;Fosfato;km 5;PR;Cará-Cará;PR;7.810;1.839.668
ago/25;RMS;Fosfato;km 5;PR;Cascavel;PR;1.084;791.834
ago/25;RMS;Fosfato;Rio Grande;RS;Cruz Alta;RS;1.061;782.956
ago/25;RMS;Gasolina;Araucária Terminal;PR;Eng. Vicente Montanha;PR;8.581;4.407.802
ago/25;RMS;Gasolina;Araucária Terminal;PR;Londrina;PR;9.308;4.710.033
ago/25;RMS;Gasolina;Araucária Terminal;PR;Sarandi;PR;2.779;1.419.877
ago/25;RMS;Gasolina;D Pedro II;PR;Sarandi;PR;1.337;844.453
ago/25;RMS;Grãos - Cevada;km 5;PR;Guarapuava;PR;2.873;1.385.880
ago/25;RMS;Grãos - Milho;Cascavel;PR;D Pedro II;PR;33.295;24.465.265
ago/25;RMS;Grãos - Milho;Londrina;PR;D Pedro II;PR;39.112;24.680.120
ago/25;RMS;Grãos - Milho;Londrina;PR;São Francisco do Sul;SC;30.422;22.441.639
ago/25;RMS;Grãos - Milho;Marialva;PR;D Pedro II;PR;33.711;20.907.125
ago/25;RMS;Grãos - Milho;Maringa;PR;D Pedro II;PR;250.816;163.472.039
ago/25;RMS;Grãos - Milho;Maringa;PR;São Francisco do Sul;SC;131.040;99.384.361
ago/25;RMS;Grãos - Milho;Rolandia;PR;D Pedro II;PR;24.056;14.838.839
ago/25;RMS;Grãos - Milho;Rolandia;PR;São Francisco do Sul;SC;31.041;22.363.278
ago/25;RMS;Óleo Diesel;Araucária Terminal;PR;Eng. Vicente Montanha;PR;47.503;24.400.865
ago/25;RMS;Óleo Diesel;Araucária Terminal;PR;Londrina;PR;15.702;7.945.524
ago/25;RMS;Óleo Diesel;Araucária Terminal;PR;Sarandi;PR;1.763;900.771
ago/25;RMS;Óleo Diesel;D Pedro II;PR;Araucária Terminal;PR;42.612;5.325.988
ago/25;RMS;Óleo Diesel;D Pedro II;PR;Londrina;PR;2.851;1.799.003
ago/25;RMS;Óleo Diesel;D Pedro II;PR;Sarandi;PR;7.102;4.485.614
ago/25;RMS;Prd. Siderúrgicos - Bobina - BF;São Francisco do Sul;SC;Araucária Carga;PR;2.303;720.606
ago/25;RMS;Soja;Cacequi;RS;Rio Grande;RS;17.861;8.612.359
ago/25;RMS;Soja;Cascavel;PR;D Pedro II;PR;1.022;750.966
ago/25;RMS;Soja;Cruz Alta;RS;Rio Grande;RS;95.834;70.719.929
ago/25;RMS;Soja;Guarapuava;PR;D Pedro II;PR;484;235.565
ago/25;RMS;Soja;Ijuí;RS;Rio Grande;RS;1.490;1.179.244
ago/25;RMS;Soja;J.De Castilhos;RS;Rio Grande;RS;22.873;15.064.966
ago/25;RMS;Soja;Londrina;PR;D Pedro II;PR;24.746;15.614.932
ago/25;RMS;Soja;Londrina;PR;São Francisco do Sul;SC;14.781;10.903.617
ago/25;RMS;Soja;Marialva;PR;D Pedro II;PR;50.090;31.065.113
ago/25;RMS;Soja;Marialva;PR;São Francisco do Sul;SC;52.175;37.923.710
ago/25;RMS;Soja;Maringa;PR;D Pedro II;PR;22.099;14.403.270
ago/25;RMS;Soja;Maringa;PR;São Francisco do Sul;SC;38.112;28.905.189
ago/25;RMS;Soja;Rolandia;PR;D Pedro II;PR;21.667;13.355.384
ago/25;RMS;Soja;Rolandia;PR;São Francisco do Sul;SC;20.569;14.832.437
ago/25;RMS;Soja;Santo Ângelo;RS;Rio Grande;RS;9.013;7.624.610
ago/25;RMS;Soja;Tigre;RS;Rio Grande;RS;4.199;2.343.167
ago/25;RMS;Soja;Tupancireta;RS;Rio Grande;RS;16.693;11.400.065
set/25;EFC;Carvão Mineral;Ponta da Madeira;MA;Paraupebas;PA;5.164;4.446.204
set/25;EFC;Cobre;Paraupebas;PA;Ponta da Madeira Cobre;MA;75.826;66.120.272
set/25;EFC;Ferro Gusa;Açailândia;MA;Ponta da Madeira Pêra do Píer;MA;27.635;14.527.719
set/25;EFC;Ferro Gusa;Marabá;PA;Ponta da Madeira Pêra do Píer;MA;28.926;21.714.747
set/25;EFC;Gasolina;Itaqui Base Combustível;MA;Açailândia;MA;7.106;3.716.438
set/25;EFC;Gasolina;Itaqui Base Combustível;MA;Marabá;PA;8.907;6.662.436
set/25;EFC;Minério de Ferro;Açailândia;MA;Ponta da Madeira;MA;13.433;6.891.129
set/25;EFC;Minério de Ferro;Carajás;PA;Açailândia;MA;77.703;29.371.734
set/25;EFC;Minério de Ferro;Carajás;PA;Marabá;PA;16.981;2.598.093
set/25;EFC;Minério de Ferro;Carajás;PA;Ponta da Madeira;MA;7.963.247;7.100.597.869
set/25;EFC;Minério de Ferro;Marabá;PA;Açailândia;MA;5.865;1.319.625
set/25;EFC;Minério de Ferro;Ponta da Madeira;MA;Açailândia;MA;15.935;8.174.655
set/25;EFC;Minério de Ferro;Serra Leste;PA;Açailândia;MA;41.798;13.306.058
set/25;EFC;Minério de Ferro;Serra Leste;PA;Ponta da Madeira;MA;705.142;586.214.160
set/25;EFC;Minério de Ferro;Serra Sul;PA;Ponta da Madeira;MA;6.575.805;6.223.249.790
set/25;EFC;Óleo Diesel;Itaqui Base Combustível;MA;Açailândia;MA;25.947;13.570.281
set/25;EFC;Óleo Diesel;Itaqui Base Combustível;MA;Marabá;PA;42.774;31.998.486
set/25;EFPO;Cimento acondicionado;Agrária;PR;Cascavel;PR;7.812;1.879.551
set/25;EFPO;Soja;Cascavel;PR;Agrária;PR;17.833;4.290.584
set/25;EFVM;Antracito;Tubarão;ES;Intendente Câmara;MG;88.498;38.495.758
set/25;EFVM;Carvão Mineral;Tubarão;ES;Bela Vista de Minas;MG;5.205;2.726.868
set/25;EFVM;Carvão Mineral;Tubarão;ES;Intendente Câmara;MG;49.081;21.649.333
set/25;EFVM;Carvão Mineral;Tubarão;ES;Ouro Branco;MG;123.350;82.752.554
set/25;EFVM;Celulose;Aracruz;ES;Frederico Selow;MG;58;21.493
set/25;EFVM;Celulose;Frederico Selow;MG;Aracruz;ES;100.110;37.098.063
set/25;EFVM;Cloreto de Potássio;Tubarão;ES;Brejo Alegre;MG;52.866;74.764.206
set/25;EFVM;Contêiner Cheio de 20 Pés;Tubarão;ES;Nova Granja;MG;10.053;6.900.547
set/25;EFVM;Coque;Tubarão;ES;Prudente de Morais;MG;38.623;27.956.932
set/25;EFVM;Coque Metalúrgico;Tubarão;ES;Bela Vista de Minas;MG;26.830;14.056.076
set/25;EFVM;Ferro Gusa;Funil;MG;Pedro Nolasco;ES;9.599;6.153.169
set/25;EFVM;Ferro Gusa;Funil;MG;Tubarão;ES;8.360;5.394.187
set/25;EFVM;Máquinas, Motores, Peças e acessórios;Desembargador Drumond;MG;Pedreira Rio das Velhas;MG;54;7.373
set/25;EFVM;Minério de Ferro;Barão de Cocais;MG;Intendente Câmara;MG;31.502;5.297.281
set/25;EFVM;Minério de Ferro;Barão de Cocais;MG;Tubarão;ES;77.576;46.643.965
set/25;EFVM;Minério de Ferro;Bicas;MG;Tubarão;ES;31.814;17.297.494
set/25;EFVM;Minério de Ferro;Brucutu;MG;Tubarão;ES;1.708.760;998.768.879
set/25;EFVM;Minério de Ferro;Capitão Eduardo;MG;Intendente Câmara;MG;63.371;13.901.861
set/25;EFVM;Minério de Ferro;Conceição;MG;Tubarão;ES;1.936.053;1.052.227.365
set/25;EFVM;Minério de Ferro;Congonhas do Campo;MG;Tubarão;ES;51.112;35.494.472
set/25;EFVM;Minério de Ferro;Fábrica Muro;MG;Tubarão;ES;93.953;63.564.350
set/25;EFVM;Minério de Ferro;Fazendão;MG;Tubarão;ES;1.362.770;811.437.664
set/25;EFVM;Minério de Ferro;João Correia;MG;Tubarão;ES;104.166;44.263.776
set/25;EFVM;Minério de Ferro;João Paulo;MG;Tubarão;ES;629.197;341.072.202
set/25;EFVM;Minério de Ferro;Mário Carvalho;MG;Tubarão;ES;206.704;92.383.251
set/25;EFVM;Minério de Ferro;Ouro Branco;MG;Mário Carvalho;MG;7.249;1.621.998
set/25;EFVM;Minério de Ferro;Ouro Branco;MG;Piraqueaçu;ES;5.560;3.326.225
set/25;EFVM;Minério de Ferro;Ouro Branco;MG;Tubarão;ES;89.101;60.445.347
set/25;EFVM;Minério de Ferro;Pátio 206;MG;Tubarão;ES;538.486;322.285.460
set/25;EFVM;Minério de Ferro;Piraqueaçu;ES;Tubarão;ES;1.450;105.319
set/25;EFVM;Minério de Ferro;Timbopeba;MG;Tubarão;ES;1.375.807;848.072.408
set/25;EFVM;Minério de Ferro;Tubarão;ES;Intendente Câmara;MG;39.522;17.432.916
set/25;EFVM;Minério de Ferro;Tubarão;ES;Mário Carvalho;MG;9.853;4.403.650
set/25;EFVM;Minério de Ferro;Tubarão;ES;Pedro Nolasco;ES;1.250;34.018
set/25;EFVM;Outros - adubos e Fertilizantes;Tubarão;ES;Brejo Alegre;MG;10.543;14.910.132
set/25;EFVM;Prd. Siderúrgicos - Bobina - BF;Intendente Câmara;MG;Capitão Eduardo;MG;22.473;4.875.746
set/25;EFVM;Prd. Siderúrgicos - Bobina - BF;Intendente Câmara;MG;Carreira Comprida;MG;2.103;469.873
set/25;EFVM;Prd. Siderúrgicos - Bobina - BF;Intendente Câmara;MG;Couto e Silva;MG;3.784;960.965
set/25;EFVM;Prd. Siderúrgicos - Bobina - BF;Intendente Câmara;MG;Embiruçu;MG;30.003;7.421.442
set/25;EFVM;Prd. Siderúrgicos - Bobina - BF;Intendente Câmara;MG;Horto Florestal;MG;10.338;2.273.902
set/25;EFVM;Prd. Siderúrgicos - Bobina - BF;Intendente Câmara;MG;Lafaiete Bandeira;MG;22.846;5.089.492
set/25;EFVM;Prd. Siderúrgicos - Bobina - BF;Intendente Câmara;MG;Tubarão;ES;17.586;7.616.688
set/25;EFVM;Prd. Siderúrgicos - Bobina - BF;Mário Carvalho;MG;Capitão Eduardo;MG;4.033;818.996
set/25;EFVM;Prd. Siderúrgicos - Bobina - BF;Tubarão;ES;Lafaiete Bandeira;MG;11.155;7.401.496
set/25;EFVM;Prd. Siderúrgicos - Bobina - BF;Tubarão;ES;Parque Industrial;MG;2.702;1.815.688
set/25;EFVM;Prd. Siderúrgicos - Fio Máquina;João Monlevade;MG;Aracruz;ES;6.957;3.485.595
set/25;EFVM;Prd. Siderúrgicos - Fio Máquina;João Monlevade;MG;Dr. Lund;MG;19.553;3.173.583
set/25;EFVM;Prd. Siderúrgicos - Fio Máquina;João Monlevade;MG;Governador Valadares;MG;3.058;624.260
set/25;EFVM;Prd. Siderúrgicos - Fio Máquina;João Monlevade;MG;Nova Granja;MG;2.183;333.738
set/25;EFVM;Prd. Siderúrgicos - Fio Máquina;João Monlevade;MG;Pedro Nolasco;ES;1.198;633.797
set/25;EFVM;Prd. Siderúrgicos - Fio Máquina;Ouro Branco;MG;Tubarão;ES;4.078;2.735.832
set/25;EFVM;Prd. Siderúrgicos - Outros;Intendente Câmara;MG;Capitão Eduardo;MG;12.905;2.799.081
set/25;EFVM;Prd. Siderúrgicos - Outros;Intendente Câmara;MG;Lafaiete Bandeira;MG;14.859;3.344.095
set/25;EFVM;Prd. Siderúrgicos - Outros;Intendente Câmara;MG;Tubarão;ES;8.254;3.574.898
set/25;EFVM;Prd. Siderúrgicos - Outros;Ouro Branco;MG;Pedro Nolasco;ES;1.932;1.300.699
set/25;EFVM;Prd. Siderúrgicos - Outros;Ouro Branco;MG;Tubarão;ES;11.264;7.641.519
set/25;EFVM;Prd. Siderúrgicos - Placa;Intendente Câmara;MG;Lafaiete Bandeira;MG;6.858;1.527.722
set/25;EFVM;Prd. Siderúrgicos - Placa;Ouro Branco;MG;Intendente Câmara;MG;3.719;884.248
set/25;EFVM;Prd. Siderúrgicos - Placa;Ouro Branco;MG;Tubarão;ES;30.049;20.385.301
set/25;EFVM;Prd. Siderúrgicos - Placa;Tubarão;ES;Divinopolis;MG;1.357;1.104.085
set/25;EFVM;Prd. Siderúrgicos - Tarugo;João Monlevade;MG;Parque Industrial;MG;1.193;173.373
set/25;EFVM;Prd. Siderúrgicos - Tarugo;Ouro Branco;MG;Tubarão;ES;19.340;12.974.741
set/25;EFVM;Prd. Siderúrgicos - Tarugo;Pedro Nolasco;ES;João Monlevade;MG;1.404;742.781
set/25;EFVM;Toras de Madeira;Desembargador Drumond;MG;Frederico Selow;MG;24.149;2.623.402
set/25;EFVM;Toras de Madeira;Eng. Costa Lacerda;MG;Frederico Selow;MG;27.125;4.632.136
set/25;EFVM;Ureia;Tubarão;ES;Brejo Alegre;MG;21.460;30.349.181
set/25;FCA;Açúcar;Guará;SP;Conceiçãozinha;SP;16.864;10.974.349
set/25;FCA;Açúcar;Guará;SP;Estação TUF;SP;473.173;302.676.266
set/25;FCA;Açúcar;Guará;SP;Santos;SP;6.253;4.054.676
set/25;FCA;Açúcar;Ribeirão Preto;SP;Estação TUF;SP;9.993;5.465.780
set/25;FCA;Açúcar;Ribeirão Preto;SP;Santos;SP;61.269;34.029.570
set/25;FCA;Açúcar;Terminal Integrador Uberaba;MG;Estação TUF;SP;167.140;139.069.702
set/25;FCA;Açúcar;Terminal Integrador Uberaba;MG;Santos;SP;18.778;15.153.507
set/25;FCA;Areia;Pedreira Rio das Velhas;MG;Capitão Eduardo;MG;55.119;360.037
set/25;FCA;Areia;Roncador Novo;GO;Brasília;DF;3.732;912.724
set/25;FCA;Bauxita;Bauxita;MG;Alumínio;SP;29.929;8.373.984
set/25;FCA;Calcário Britado;Terminal Siderúrgico;MG;Calcario;RJ;76.317;36.747.245
set/25;FCA;Calcário Corretivo;Matozinhos;MG;Tubarão;ES;24.841;17.562.139
set/25;FCA;Calcário Siderúrgico;Matozinhos;MG;Intendente Câmara;MG;36.037;9.869.489
set/25;FCA;Calcário Siderúrgico;Matozinhos;MG;Tubarão;ES;5.385;3.807.098
set/25;FCA;Calcário Siderúrgico;Nova Granja;MG;Tubarão;ES;24.588;16.845.161
set/25;FCA;Celulose;LD Celulose;MG;Aracruz;ES;40.192;54.143.688
set/25;FCA;Clínquer;Terminal Siderúrgico;MG;Calcario;RJ;47.332;22.790.736
set/25;FCA;Cloreto de Potássio;Estação TUF;SP;Valefertil;MG;23.662;16.425.885
set/25;FCA;Cloreto de Potássio;Fosfago;GO;Final Ramal das Fábricas;SP;39.485;40.354.933
set/25;FCA;Contêiner Cheio de 20 Pés;Batista Almeida;MG;Calcario;RJ;2.030;968.934
set/25;FCA;Contêiner Cheio de 20 Pés;Batista Almeida;MG;Tubarão;ES;7.368;7.225.885
set/25;FCA;Contêiner Cheio de 20 Pés;Nova Granja;MG;Tubarão;ES;39.759;27.295.943
set/25;FCA;Cromita;Campo Formoso;BA;Irapui;BA;7.279;2.805.239
set/25;FCA;Cromita;Itiuba;BA;Irapui;BA;22.389;6.761.007
set/25;FCA;Demais Produtos;Embiruçu;MG;Tubarão;ES;9.440;6.495.192
set/25;FCA;Demais Produtos;Nova Granja;MG;Tubarão;ES;11.174;7.609.069
set/25;FCA;Dolomita;Terminal Siderúrgico;MG;Calcario;RJ;33.760;16.255.709
set/25;FCA;Enxofre;Estação TUF;SP;Fosfago;GO;13.123;13.153.694
set/25;FCA;Enxofre;Estação TUF;SP;Valefertil;MG;38.884;26.880.352
set/25;FCA;Farelo de Soja;Brejo Alegre;MG;Estação TUF;SP;16.204;15.294.541
set/25;FCA;Farelo de Soja;General Curado;GO;Tubarão;ES;11.415;20.046.383
set/25;FCA;Farelo de Soja;Ipameri;GO;Santos;SP;16.288;16.836.286
set/25;FCA;Ferro Gusa;Paulo Menicucci;MG;Tubarão;ES;4.684;3.898.614
set/25;FCA;Ferro Gusa;Prudente de Morais;MG;Pedro Nolasco;ES;5.930;4.286.885
set/25;FCA;Fosfato;Catalão;GO;Valefertil;MG;75.359;22.837.017
set/25;FCA;Gasolina;Embiruçu;MG;Governador Valadares;MG;1.800;647.931
set/25;FCA;Gasolina;Embiruçu;MG;Tubarão;ES;254;173.348
set/25;FCA;Grãos - Milho;Brejo Alegre;MG;Tubarão;ES;43.830;61.985.301
set/25;FCA;Grãos - Milho;Terminal Integrador Uberaba;MG;Conceiçãozinha;SP;68.732;57.369.063
set/25;FCA;Grãos - Milho;Terminal Integrador Uberaba;MG;Santos;SP;24.564;20.482.622
set/25;FCA;Magnesita;Catiboaba;BA;Parque Industrial;MG;8.415;8.624.344
set/25;FCA;Magnesita;Catiboaba;BA;Porto de Aratu;BA;11.564;7.010.581
set/25;FCA;Minério de Ferro;Prudente de Morais;MG;Tubarão;ES;13.339;9.685.381
set/25;FCA;Minério de Ferro;Silva Oliveira;MG;Intendente Câmara;MG;144.408;44.326.757
set/25;FCA;Minério de Ferro;Terminal de Patrocínio;MG;Terminal de Fosfatados;MG;305.965;59.250.428
set/25;FCA;Óleo Diesel;Embiruçu;MG;Governador Valadares;MG;961;345.923
set/25;FCA;Outros - adubos e Fertiliz - Perigoso;Estação TUF;SP;Valefertil;MG;18.191;12.642.726
set/25;FCA;Outros - adubos e Fertilizantes;Estação TUF;SP;Valefertil;MG;5.795;4.027.518
set/25;FCA;Prd. Siderúrgicos - Outros;Parque Industrial;MG;Tubarão;ES;52;34.942
set/25;FCA;Prd. Siderúrgicos - Tarugo;Divinopolis;MG;Parque Industrial;MG;246;35.336
set/25;FCA;Soja;Brejo Alegre;MG;Tubarão;ES;38.507;54.270.700
set/25;FCA;Soja;Pirapora;MG;Tubarão;ES;18.379;19.464.196
set/25;FCA;Soja;Terminal Integrador Uberaba;MG;Estação TUF;SP;249.484;204.532.736
set/25;FCA;Soja;Terminal Integrador Uberaba;MG;Santos;SP;66.130;53.676.496
set/25;FCA;Toras de Madeira;Prudente de Morais;MG;Aracruz;ES;67.984;47.752.913
set/25;FCA;Ureia;Estação TUF;SP;Valefertil;MG;5.521;3.836.774
set/25;FCA;Veículos;Boa Vista Nova;SP;Pedreira Rio das Velhas;MG;726;887.731
set/25;FNSTN;Álcool;Porto Nacional;TO;Itaqui Base Combustível;MA;2.595;3.236.411
set/25;FNSTN;Celulose;Ponta da Madeira;MA;Suzano;MA;80;48.392
set/25;FNSTN;Celulose;Suzano;MA;Pátio Esso;MA;141.040;86.820.556
set/25;FNSTN;Cloreto de Potássio;Ponta da Madeira;MA;Palmeirante;TO;34.405;33.351.242
set/25;FNSTN;Contêiner Cheio de 40 Pés;Porto Nacional;TO;Imperatriz;MA;1.707;1.076.263
set/25;FNSTN;Contêiner Vazio de 40 Pés;Imperatriz;MA;Porto Nacional;TO;2.750;1.733.875
set/25;FNSTN;Contêiner Vazio de 40 Pés;Porto Nacional;TO;Imperatriz;MA;462;291.291
set/25;FNSTN;Fosfato;Ponta da Madeira Pêra do Píer;MA;Palmeirante;TO;6.810;6.651.327
set/25;FNSTN;Gasolina;Itaqui Base Combustível;MA;Porto Nacional;TO;9.756;12.153.401
set/25;FNSTN;Grãos - Milho;Palmeirante;TO;Ponta da Madeira Pêra do Píer;MA;359.717;352.797.682
set/25;FNSTN;Grãos - Milho;Porto Franco;MA;Ponta da Madeira Pêra do Píer;MA;4.913;3.591.754
set/25;FNSTN;Grãos - Milho;Porto Nacional;TO;Ponta da Madeira Pêra do Píer;MA;165.083;206.673.120
set/25;FNSTN;Óleo Diesel;Itaqui Base Combustível;MA;Porto Nacional;TO;45.416;56.567.054
set/25;FNSTN;Óleo Diesel;Porto Nacional;TO;Itaqui Base Combustível;MA;184;229.172
set/25;FNSTN;Outros - adubos e Fertilizantes;Ponta da Madeira;MA;Palmeirante;TO;8.244;7.947.216
set/25;FNSTN;Outros - Comb e derivado -  Perigoso;Porto Nacional;TO;Itaqui Base Combustível;MA;4.409;5.491.409
set/25;FNSTN;Soja;Palmeirante;TO;Ponta da Madeira;MA;600;581.623
set/25;FNSTN;Soja;Palmeirante;TO;Ponta da Madeira Pêra do Píer;MA;114.363;111.809.546
set/25;FNSTN;Soja;Porto Franco;MA;Ponta da Madeira Pêra do Píer;MA;178.485;129.983.079
set/25;FNSTN;Soja;Porto Nacional;TO;Ponta da Madeira;MA;9.369;11.625.729
set/25;FNSTN;Soja;Porto Nacional;TO;Ponta da Madeira Pêra do Píer;MA;336.985;421.242.195
set/25;FTC;Carvão Mineral;Mina Novo Horizonte;SC;Capivari;SC;57.873;3.198.124
set/25;FTC;Carvão Mineral;Rio Fiorita;SC;Capivari;SC;115.182;9.084.867
set/25;FTC;Carvão Mineral;Sangão;SC;Capivari;SC;2.987;209.243
set/25;FTC;Carvão Mineral;Urussanga;SC;Capivari;SC;34.293;2.213.829
set/25;FTC;Contêiner Cheio de 20 Pés;Eng. Paz Ferreira;SC;Imbituba;SC;32.317;3.445.056
set/25;FTC;Contêiner Cheio de 20 Pés;Imbituba;SC;Eng. Paz Ferreira;SC;37;3.944
set/25;FTC;Contêiner Cheio de 40 Pés;Eng. Paz Ferreira;SC;Imbituba;SC;8.721;929.676
set/25;FTC;Contêiner Cheio de 40 Pés;Imbituba;SC;Eng. Paz Ferreira;SC;4.787;510.303
set/25;FTC;Contêiner Vazio de 20 Pés;Imbituba;SC;Eng. Paz Ferreira;SC;2.596;276.738
set/25;FTC;Contêiner Vazio de 40 Pés;Eng. Paz Ferreira;SC;Imbituba;SC;48;5.116
set/25;FTC;Contêiner Vazio de 40 Pés;Imbituba;SC;Eng. Paz Ferreira;SC;521;55.539
set/25;FTL;Álcool;Babaçu;MA;Itaqui;MA;814;271.998
set/25;FTL;Areia;Aracapé;CE;São Luis - Tirirical;MA;40;47.345
set/25;FTL;Areia;Aracapé;CE;Teresina;PI;80;58.440
set/25;FTL;Celulose;Pátio Esso;MA;Itaqui;MA;145.840;291.680
set/25;FTL;Cimento acondicionado;Fábrica Votorantim Pecém;CE;Aracapé;CE;4.880;228.598
set/25;FTL;Cimento acondicionado;Pecem;CE;São Luis - Tirirical;MA;1.154;1.344.274
set/25;FTL;Cimento acondicionado;Pecem;CE;Teresina;PI;1.108;785.442
set/25;FTL;Cimento acondicionado;Poty;CE;Aracapé;CE;967;225.019
set/25;FTL;Cimento acondicionado;Poty;CE;Teresina;PI;18.411;9.242.395
set/25;FTL;Clínquer;Poty;CE;São Luis - Tirirical;MA;6.086;5.830.412
set/25;FTL;Coque;Mucuripe;CE;Poty;CE;8.674;2.206.561
set/25;FTL;Demais Produtos;AMV km 26 Itaqui;MA;Oficina Demostenes Rockert;CE;10;11.611
set/25;FTL;Demais Produtos;Carga Ferro Gusa e Cruz;MA;AMV km 26 Itaqui;MA;121;4.011
set/25;FTL;Demais Produtos;Carga Ferro Gusa e Cruz;MA;Babaçu;MA;1.085;294.035
set/25;FTL;Demais Produtos;Carga Ferro Gusa e Cruz;MA;Carema Novo;MA;1.085;35.696
set/25;FTL;Demais Produtos;Carga Ferro Gusa e Cruz;MA;Codó;MA;965;220.436
set/25;FTL;Demais Produtos;Carga Ferro Gusa e Cruz;MA;Cristino Cruz Novo;MA;161;56.255
set/25;FTL;Demais Produtos;Crateus;CE;Aracapé;CE;1;438
set/25;FTL;Demais Produtos;Crateus;CE;Ibiapaba;CE;20;740
set/25;FTL;Demais Produtos;Fábrica Votorantim Pecém;CE;Aracapé;CE;172;8.056
set/25;FTL;Demais Produtos;Itapecuru Mirim;MA;Babaçu;MA;161;32.625
set/25;FTL;Demais Produtos;Nova Russas;CE;Oficina Demostenes Rockert;CE;30;11.380
set/25;FTL;Demais Produtos;Oficina Demostenes Rockert;CE;Sobral;CE;11;2.542
set/25;FTL;Demais Produtos;Pecem;CE;Aracapé;CE;141;8.688
set/25;FTL;Demais Produtos;Sobral;CE;Aracapé;CE;1;230
set/25;FTL;Demais Produtos;Sobral;CE;Croatá;CE;30;4.845
set/25;FTL;Demais Produtos;Teresina;PI;Aracapé;CE;1;730
set/25;FTL;Demais Produtos;Teresina;PI;Oficina Demostenes Rockert;CE;13;9.503
set/25;FTL;Dormente de Concreto;Carga Ferro Gusa e Cruz;MA;Teresina;PI;212;83.918
set/25;FTL;Dormentes de Madeira;Aracapé;CE;Itapipoca;CE;8;1.077
set/25;FTL;Dormentes de Madeira;Crateus;CE;Altos;PI;32;8.107
set/25;FTL;Dormentes de Madeira;Crateus;CE;Aracapé;CE;52;22.784
set/25;FTL;Dormentes de Madeira;Crateus;CE;Cariré;CE;46;8.040
set/25;FTL;Dormentes de Madeira;Crateus;CE;Castelo;PI;16;2.107
set/25;FTL;Dormentes de Madeira;Crateus;CE;Caxias Nova;MA;18;6.679
set/25;FTL;Dormentes de Madeira;Crateus;CE;Codó;MA;33;15.115
set/25;FTL;Dormentes de Madeira;Crateus;CE;Coroatá;MA;33;16.884
set/25;FTL;Dormentes de Madeira;Crateus;CE;Cristino Cruz Novo;MA;30;10.198
set/25;FTL;Dormentes de Madeira;Crateus;CE;Croatá;CE;23;8.488
set/25;FTL;Dormentes de Madeira;Crateus;CE;Itapecuru Mirim;MA;24;14.903
set/25;FTL;Dormentes de Madeira;Crateus;CE;Itapipoca;CE;12;3.641
set/25;FTL;Dormentes de Madeira;Crateus;CE;Miraíma;CE;12;3.085
set/25;FTL;Dormentes de Madeira;Crateus;CE;Nova Russas;CE;43;2.550
set/25;FTL;Dormentes de Madeira;Crateus;CE;Pirapemas;MA;12;6.796
set/25;FTL;Dormentes de Madeira;Crateus;CE;Reriutaba;CE;22;3.255
set/25;FTL;Dormentes de Madeira;Crateus;CE;São Luis - Tirirical;MA;9;6.709
set/25;FTL;Dormentes de Madeira;Crateus;CE;Sombra;PI;40;7.845
set/25;FTL;Dormentes de Madeira;Fábrica Votorantim Pecém;CE;Aracapé;CE;37;1.733
set/25;FTL;Dormentes de Madeira;Pecem;CE;Aracapé;CE;26;1.602
set/25;FTL;Gasolina;Itaqui;MA;Itarare;PI;16.165;7.486.817
set/25;FTL;Gasolina;Itaqui;MA;Teresina;PI;9.329;4.286.155
set/25;FTL;Óleo Diesel;Itaqui;MA;Itarare;PI;9.817;4.546.739
set/25;FTL;Óleo Diesel;Itaqui;MA;Teresina;PI;12.696;5.839.875
set/25;FTL;Pó de Pedra;Carga Ferro Gusa e Cruz;MA;Carema Novo;MA;45;1.480
set/25;FTL;Pó de Pedra;Carga Ferro Gusa e Cruz;MA;Crateus;CE;45;30.891
set/25;FTL;Pó de Pedra;Carga Ferro Gusa e Cruz;MA;Cristino Cruz Novo;MA;89;30.842
set/25;FTL;Pó de Pedra;Cristino Cruz Novo;MA;Sobral;CE;45;24.637
set/25;FTL;Pó de Pedra;Teresina;PI;Oficina Demostenes Rockert;CE;50;36.550
set/25;FTL;Prd. Siderúrgicos - Bobina - BF;Aracapé;CE;Teresina;PI;9.200;6.720.636
set/25;FTL;Prd. Siderúrgicos - Outros;Croatá;CE;Itapipoca;CE;33;2.164
set/25;FTL;Prd. Siderúrgicos - Outros;Ibiapaba;CE;Nova Russas;CE;30;2.890
set/25;FTL;Prd. Siderúrgicos - Outros;Mucuripe;CE;Aracapé;CE;9;195
set/25;FTL;Produtos Químicos - Perigoso;São Luis - Tirirical;MA;Oficina Demostenes Rockert;CE;26;30.576
set/25;MRS;Açúcar;Itirapina;SP;Conceiçãozinha;SP;8.099;3.235.477
set/25;MRS;Açúcar;Itirapina;SP;Santos;SP;75.143;29.518.273
set/25;MRS;Açúcar;Pederneiras;SP;Conceiçãozinha;SP;60.445;31.639.209
set/25;MRS;Açúcar;Pradopolis;SP;Conceiçãozinha;SP;39.279;21.451.439
set/25;MRS;Açúcar;Pradopolis;SP;Santos;SP;64.921;35.027.060
set/25;MRS;Açúcar;Rio Preto Paulista;SP;Santos;SP;6.875;4.610.251
set/25;MRS;Açúcar;Votuporanga;SP;Santos;SP;30.693;23.503.348
set/25;MRS;Areia;Cruzeiro;SP;Mooca;SP;19.027;4.456.808
set/25;MRS;Areia;Cruzeiro;SP;Santo André;SP;5.466;1.358.186
set/25;MRS;Areia;Parque Industrial;MG;Água Branca;SP;12.740;9.796.257
set/25;MRS;Areia;Roseira;SP;Água Branca;SP;10.102;1.864.344
set/25;MRS;Areia;Roseira;SP;Mooca;SP;13.093;2.333.041
set/25;MRS;Bauxita;Barão de Angra;RJ;Alumínio;SP;37.006;25.122.374
set/25;MRS;Calcário Siderúrgico;Itutinga;MG;Volta Redonda;RJ;1.776;367.237
set/25;MRS;Carvão Mineral;Baia Sepetiba;RJ;Volta Redonda;RJ;52.485;6.245.505
set/25;MRS;Celulose;Pederneiras;SP;Santos;SP;214.646;111.844.732
set/25;MRS;Celulose;Santos;SP;Pederneiras;SP;188;97.960
set/25;MRS;Celulose;São Silvestre;SP;Barnabé;SP;69.256;6.992.085
set/25;MRS;Cimento a Granel;Barbacena;MG;Santo André;SP;28.860;19.108.667
set/25;MRS;Cimento a Granel;Pedra do Sino;MG;São Bento;SP;47.945;31.242.160
set/25;MRS;Cimento a Granel;Terminal Cimento Barroso;MG;Deodoro;RJ;10.145;3.620.091
set/25;MRS;Cimento a Granel;Wilson Lobato;MG;Santo André;SP;145;126.071
set/25;MRS;Cimento acondicionado;Pedra do Sino;MG;Arará;RJ;4.609;2.445.249
set/25;MRS;Cimento acondicionado;Volta Redonda;RJ;Arará;RJ;26.936;3.896.642
set/25;MRS;Cimento acondicionado;Volta Redonda;RJ;Benfica;MG;1.430;309.627
set/25;MRS;Cimento acondicionado;Volta Redonda;RJ;Capuava;SP;1.363;490.784
set/25;MRS;Cimento acondicionado;Volta Redonda;RJ;Pedrasil;SP;5.670;950.144
set/25;MRS;Cimento acondicionado;Volta Redonda;RJ;São José dos Campos;SP;5.082;1.199.306
set/25;MRS;Cimento acondicionado;Wilson Lobato;MG;Água Branca;SP;1.960;1.664.475
set/25;MRS;Cimento acondicionado;Wilson Lobato;MG;Capuava;SP;4.690;4.038.995
set/25;MRS;Cimento acondicionado;Wilson Lobato;MG;Eng. São Paulo;SP;350;293.742
set/25;MRS;Cimento acondicionado;Wilson Lobato;MG;Mogi das Cruzes;SP;1.330;1.108.702
set/25;MRS;Cimento acondicionado;Wilson Lobato;MG;São José dos Campos;SP;700;515.974
set/25;MRS;Contêiner Cheio de 20 Pés;Arará;RJ;Eldorado;MG;7.301;4.691.623
set/25;MRS;Contêiner Cheio de 20 Pés;Arará;RJ;Floriano;RJ;5.142;885.400
set/25;MRS;Contêiner Cheio de 20 Pés;Arará;RJ;MultiTerminais;RJ;279;55.568
set/25;MRS;Contêiner Cheio de 20 Pés;Arará;RJ;Suzano Novo;SP;137;64.032
set/25;MRS;Contêiner Cheio de 20 Pés;Barnabé;SP;Curuputuba;SP;2.117;431.884
set/25;MRS;Contêiner Cheio de 20 Pés;Barnabé;SP;Jundiaí;SP;179;23.063
set/25;MRS;Contêiner Cheio de 20 Pés;Brisamar;RJ;Eldorado;MG;119;72.821
set/25;MRS;Contêiner Cheio de 20 Pés;Conceiçãozinha;SP;Curuputuba;SP;170;36.069
set/25;MRS;Contêiner Cheio de 20 Pés;Conceiçãozinha;SP;Edmar Alves;SP;4;656
set/25;MRS;Contêiner Cheio de 20 Pés;Conceiçãozinha;SP;Eng. Neiva;SP;1.492;361.962
set/25;MRS;Contêiner Cheio de 20 Pés;Conceiçãozinha;SP;Jundiaí;SP;25;3.426
set/25;MRS;Contêiner Cheio de 20 Pés;Cragea;SP;Barnabé;SP;600;27.133
set/25;MRS;Contêiner Cheio de 20 Pés;Curuputuba;SP;Arará;RJ;5.576;1.774.294
set/25;MRS;Contêiner Cheio de 20 Pés;Curuputuba;SP;Barnabé;SP;5.070;1.034.319
set/25;MRS;Contêiner Cheio de 20 Pés;Curuputuba;SP;Conceiçãozinha;SP;2.093;444.073
set/25;MRS;Contêiner Cheio de 20 Pés;Eldorado;MG;Arará;RJ;6.228;3.631.671
set/25;MRS;Contêiner Cheio de 20 Pés;Eldorado;MG;Conceiçãozinha;SP;430;345.961
set/25;MRS;Contêiner Cheio de 20 Pés;Final Ramal das Fábricas;SP;Edmar Alves;SP;28;4.562
set/25;MRS;Contêiner Cheio de 20 Pés;Itutinga;MG;Barnabé;SP;3.817;2.141.623
set/25;MRS;Contêiner Cheio de 20 Pés;Itutinga;MG;Brisamar;RJ;176;56.590
set/25;MRS;Contêiner Cheio de 20 Pés;Itutinga;MG;Conceiçãozinha;SP;3.810;2.168.392
set/25;MRS;Contêiner Cheio de 20 Pés;Itutinga;MG;Final Ramal das Fábricas;SP;1.490;857.715
set/25;MRS;Contêiner Cheio de 20 Pés;Jundiaí;SP;Barnabé;SP;18;2.320
set/25;MRS;Contêiner Cheio de 20 Pés;Jundiaí;SP;Conceiçãozinha;SP;46;6.303
set/25;MRS;Contêiner Cheio de 20 Pés;Parque Industrial;MG;Itaguai;RJ;1.000;564.064
set/25;MRS;Contêiner Cheio de 20 Pés;Prudente de Morais;MG;Arará;RJ;586;405.674
set/25;MRS;Contêiner Cheio de 20 Pés - Perigoso;Arará;RJ;Dias Tavares;MG;570;167.280
set/25;MRS;Contêiner Cheio de 20 Pés - Perigoso;Conceiçãozinha;SP;Eng. Neiva;SP;1.069;259.342
set/25;MRS;Contêiner Cheio de 40 Pés;Arará;RJ;Dias Tavares;MG;140;41.094
set/25;MRS;Contêiner Cheio de 40 Pés;Arará;RJ;Edmar Alves;SP;1.556;569.888
set/25;MRS;Contêiner Cheio de 40 Pés;Arará;RJ;Eldorado;MG;36;23.129
set/25;MRS;Contêiner Cheio de 40 Pés;Arará;RJ;Floriano;RJ;3.813;656.560
set/25;MRS;Contêiner Cheio de 40 Pés;Arará;RJ;Itatiaia;RJ;313;63.517
set/25;MRS;Contêiner Cheio de 40 Pés;Arará;RJ;MultiTerminais;RJ;278;55.331
set/25;MRS;Contêiner Cheio de 40 Pés;Arará;RJ;Prudente de Morais;MG;108;80.678
set/25;MRS;Contêiner Cheio de 40 Pés;Arará;RJ;Suzano Novo;SP;1.724;805.780
set/25;MRS;Contêiner Cheio de 40 Pés;Barnabé;SP;Conceiçãozinha;SP;4.616;36.743
set/25;MRS;Contêiner Cheio de 40 Pés;Barnabé;SP;Curuputuba;SP;3.102;632.832
set/25;MRS;Contêiner Cheio de 40 Pés;Barnabé;SP;Jundiaí;SP;7.473;963.259
set/25;MRS;Contêiner Cheio de 40 Pés;Brisamar;RJ;Floriano;RJ;4.512;638.551
set/25;MRS;Contêiner Cheio de 40 Pés;Brisamar;RJ;MultiTerminais;RJ;157;26.531
set/25;MRS;Contêiner Cheio de 40 Pés;Conceiçãozinha;SP;Curuputuba;SP;1.451;307.860
set/25;MRS;Contêiner Cheio de 40 Pés;Conceiçãozinha;SP;Edmar Alves;SP;541;88.789
set/25;MRS;Contêiner Cheio de 40 Pés;Conceiçãozinha;SP;Eng. Neiva;SP;444;107.715
set/25;MRS;Contêiner Cheio de 40 Pés;Conceiçãozinha;SP;Jundiaí;SP;4.713;645.971
set/25;MRS;Contêiner Cheio de 40 Pés;Cragea;SP;Barnabé;SP;24;1.074
set/25;MRS;Contêiner Cheio de 40 Pés;Cragea;SP;Conceiçãozinha;SP;749;39.986
set/25;MRS;Contêiner Cheio de 40 Pés;Curuputuba;SP;Barnabé;SP;555;113.224
set/25;MRS;Contêiner Cheio de 40 Pés;Eldorado;MG;Arará;RJ;17;9.907
set/25;MRS;Contêiner Cheio de 40 Pés;Eldorado;MG;Brisamar;RJ;134;73.985
set/25;MRS;Contêiner Cheio de 40 Pés;Eldorado;MG;Conceiçãozinha;SP;19;15.212
set/25;MRS;Contêiner Cheio de 40 Pés;Final Ramal das Fábricas;SP;Conceiçãozinha;SP;4.307;169.407
set/25;MRS;Contêiner Cheio de 40 Pés;Final Ramal das Fábricas;SP;Edmar Alves;SP;155;25.256
set/25;MRS;Contêiner Cheio de 40 Pés;Floriano;RJ;Arará;RJ;1.634;281.659
set/25;MRS;Contêiner Cheio de 40 Pés;Floriano;RJ;Brisamar;RJ;129;18.256
set/25;MRS;Contêiner Cheio de 40 Pés;Jundiaí;SP;Barnabé;SP;3.283;423.116
set/25;MRS;Contêiner Cheio de 40 Pés;Jundiaí;SP;Conceiçãozinha;SP;18.667;2.558.283
set/25;MRS;Contêiner Cheio de 40 Pés;Manoel Feio;SP;Arará;RJ;593;269.285
set/25;MRS;Contêiner Cheio de 40 Pés;Manoel Feio;SP;Barnabé;SP;487;34.380
set/25;MRS;Contêiner Cheio de 40 Pés;Suzano Novo;SP;Barnabé;SP;1.530;84.970
set/25;MRS;Contêiner Cheio de 40 Pés;Suzano Novo;SP;Conceiçãozinha;SP;1.815;115.244
set/25;MRS;Contêiner Cheio de 40 Pés - Perigoso;Conceiçãozinha;SP;Eng. Neiva;SP;2.387;579.093
set/25;MRS;Contêiner Cheio de 40 Pés - Perigoso;Conceiçãozinha;SP;Jundiaí;SP;22;3.001
set/25;MRS;Contêiner Cheio de 40 Pés - Perigoso;Eng. Neiva;SP;Conceiçãozinha;SP;84;20.378
set/25;MRS;Contêiner Vazio de 20 Pés;Arará;RJ;Curuputuba;SP;129;41.048
set/25;MRS;Contêiner Vazio de 20 Pés;Arará;RJ;Eldorado;MG;352;226.199
set/25;MRS;Contêiner Vazio de 20 Pés;Arará;RJ;Prudente de Morais;MG;46;34.363
set/25;MRS;Contêiner Vazio de 20 Pés;Conceiçãozinha;SP;Curuputuba;SP;386;81.898
set/25;MRS;Contêiner Vazio de 20 Pés;Cragea;SP;Conceiçãozinha;SP;2.392;127.699
set/25;MRS;Contêiner Vazio de 20 Pés;Curuputuba;SP;Conceiçãozinha;SP;76;16.124
set/25;MRS;Contêiner Vazio de 20 Pés;Dias Tavares;MG;Arará;RJ;92;62.438
set/25;MRS;Contêiner Vazio de 20 Pés;Edmar Alves;SP;Final Ramal das Fábricas;SP;5;814
set/25;MRS;Contêiner Vazio de 20 Pés;Eldorado;MG;Arará;RJ;463;269.854
set/25;MRS;Contêiner Vazio de 20 Pés;Eldorado;MG;Brisamar;RJ;9;4.969
set/25;MRS;Contêiner Vazio de 20 Pés;Eng. Neiva;SP;Conceiçãozinha;SP;306;74.235
set/25;MRS;Contêiner Vazio de 20 Pés;Final Ramal das Fábricas;SP;Itutinga;MG;830;477.466
set/25;MRS;Contêiner Vazio de 20 Pés;Floriano;RJ;Arará;RJ;529;91.088
set/25;MRS;Contêiner Vazio de 20 Pés;Itatiaia;RJ;Arará;RJ;64;12.987
set/25;MRS;Contêiner Vazio de 20 Pés;Itutinga;MG;Final Ramal das Fábricas;SP;5;2.876
set/25;MRS;Contêiner Vazio de 20 Pés;Suzano Novo;SP;Arará;RJ;5;2.336
set/25;MRS;Contêiner Vazio de 40 Pés;Conceiçãozinha;SP;Eng. Neiva;SP;10;2.426
set/25;MRS;Contêiner Vazio de 40 Pés;Conceiçãozinha;SP;Manoel Feio;SP;85;6.694
set/25;MRS;Contêiner Vazio de 40 Pés;Conceiçãozinha;SP;Suzano Novo;SP;425;26.985
set/25;MRS;Contêiner Vazio de 40 Pés;Curuputuba;SP;Conceiçãozinha;SP;14;2.970
set/25;MRS;Contêiner Vazio de 40 Pés;Dias Tavares;MG;Arará;RJ;20;13.573
set/25;MRS;Contêiner Vazio de 40 Pés;Edmar Alves;SP;Arará;RJ;194;71.052
set/25;MRS;Contêiner Vazio de 40 Pés;Edmar Alves;SP;Final Ramal das Fábricas;SP;292;47.579
set/25;MRS;Contêiner Vazio de 40 Pés;Eldorado;MG;Arará;RJ;3;1.763
set/25;MRS;Contêiner Vazio de 40 Pés;Eng. Neiva;SP;Conceiçãozinha;SP;551;133.674
set/25;MRS;Contêiner Vazio de 40 Pés;Final Ramal das Fábricas;SP;Eldorado;MG;65;62.555
set/25;MRS;Contêiner Vazio de 40 Pés;Floriano;RJ;Arará;RJ;184;31.682
set/25;MRS;Contêiner Vazio de 40 Pés;Floriano;RJ;Brisamar;RJ;469;66.374
set/25;MRS;Contêiner Vazio de 40 Pés;Itatiaia;RJ;Arará;RJ;156;31.657
set/25;MRS;Contêiner Vazio de 40 Pés;Itatiaia;RJ;Eldorado;MG;27;16.986
set/25;MRS;Contêiner Vazio de 40 Pés;Manoel Feio;SP;Arará;RJ;3;1.362
set/25;MRS;Contêiner Vazio de 40 Pés;MultiTerminais;RJ;Brisamar;RJ;252;42.391
set/25;MRS;Contêiner Vazio de 40 Pés;Prudente de Morais;MG;Arará;RJ;17;11.684
set/25;MRS;Contêiner Vazio de 40 Pés;Suzano Novo;SP;Arará;RJ;136;63.565
set/25;MRS;Coque;Baia Sepetiba;RJ;Volta Redonda;RJ;60.462;7.194.736
set/25;MRS;Coque;Curuputuba;SP;Ouro Branco;MG;21.820;13.131.777
set/25;MRS;Coque;Vespasiano;MG;Ouro Branco;MG;5.820;1.289.432
set/25;MRS;Escória;Ouro Branco;MG;Wilson Lobato;MG;18.233;4.519.814
set/25;MRS;Ferro Gusa;Cel. João Carlos Guedes;MG;Arará;RJ;3.617;1.624.944
set/25;MRS;Ferro Gusa;Prudente de Morais;MG;Arará;RJ;20.343;13.987.634
set/25;MRS;Ferro Gusa;Prudente de Morais;MG;Dias Tavares;MG;4.269;3.263.206
set/25;MRS;Ferro Gusa;São Bento;SP;Arará;RJ;5.363;2.325.465
set/25;MRS;Ferro Gusa;Sarzedo Novo;MG;Arará;RJ;79.670;43.926.258
set/25;MRS;Ferro Gusa;Sarzedo Novo;MG;Itaguai;RJ;17.384;9.178.960
set/25;MRS;Ferro Gusa;Sarzedo Novo;MG;Volta Redonda;RJ;2.578;1.046.709
set/25;MRS;Grãos - Milho;Pederneiras;SP;Conceiçãozinha;SP;16.664;8.722.569
set/25;MRS;Grãos - Milho;Pederneiras;SP;Santos;SP;91.147;47.474.331
set/25;MRS;Minério de Ferro;Carlos Newlands;MG;Baia Sepetiba;RJ;28.299;14.481.362
set/25;MRS;Minério de Ferro;Carlos Newlands;MG;Brisamar;RJ;391.591;198.429.731
set/25;MRS;Minério de Ferro;Carlos Newlands;MG;Porto Sudeste;RJ;190.268;96.984.735
set/25;MRS;Minério de Ferro;Carlos Newlands;MG;Volta Redonda;RJ;27.417;10.767.505
set/25;MRS;Minério de Ferro;Casa de Pedra;MG;Baia Sepetiba;RJ;1.752.061;772.853.379
set/25;MRS;Minério de Ferro;Casa de Pedra;MG;Volta Redonda;RJ;141.524;45.587.003
set/25;MRS;Minério de Ferro;Cel. João Carlos Guedes;MG;Guaiba;RJ;29.939;13.343.961
set/25;MRS;Minério de Ferro;Curuputuba;SP;Volta Redonda;RJ;28.202;4.894.287
set/25;MRS;Minério de Ferro;Dr. Joaquim Murtinho;MG;Baia Sepetiba;RJ;309.691;141.224.979
set/25;MRS;Minério de Ferro;Dr. Joaquim Murtinho;MG;Brisamar;RJ;256.184;115.543.851
set/25;MRS;Minério de Ferro;Dr. Joaquim Murtinho;MG;Porto Sudeste;RJ;208.190;94.522.214
set/25;MRS;Minério de Ferro;Itutinga;MG;Volta Redonda;RJ;158.881;32.853.117
set/25;MRS;Minério de Ferro;Olhos D Água;MG;Baia Sepetiba;RJ;238.354;131.329.955
set/25;MRS;Minério de Ferro;Olhos D Água;MG;Guaiba;RJ;346.129;198.368.952
set/25;MRS;Minério de Ferro;Otavio Dapieve;MG;Baia Sepetiba;RJ;882.983;427.874.136
set/25;MRS;Minério de Ferro;Otavio Dapieve;MG;Guaiba;RJ;1.627.975;824.891.676
set/25;MRS;Minério de Ferro;Otavio Dapieve;MG;Siderúrgica do Atlântico;RJ;247.748;122.778.457
set/25;MRS;Minério de Ferro;Otavio Dapieve;MG;Volta Redonda;RJ;24.975;9.130.410
set/25;MRS;Minério de Ferro;Pires;MG;Baia Sepetiba;RJ;1.558.821;706.791.264
set/25;MRS;Minério de Ferro;Pires;MG;Guaiba;RJ;413.338;196.556.272
set/25;MRS;Minério de Ferro;Pires;MG;Siderúrgica do Atlântico;RJ;100.354;46.605.802
set/25;MRS;Minério de Ferro;Sarzedo;MG;Baia Sepetiba;RJ;114.115;60.299.393
set/25;MRS;Minério de Ferro;Sarzedo;MG;Brisamar;RJ;285.678;149.526.436
set/25;MRS;Minério de Ferro;Sarzedo;MG;Porto Sudeste;RJ;314.286;166.992.094
set/25;MRS;Minério de Ferro;Sarzedo Novo;MG;Baia Sepetiba;RJ;283.648;148.918.602
set/25;MRS;Minério de Ferro;Sarzedo Novo;MG;Brisamar;RJ;128.961;67.061.267
set/25;MRS;Minério de Ferro;Sarzedo Novo;MG;Guaiba;RJ;30.712;16.803.517
set/25;MRS;Minério de Ferro;Sarzedo Novo;MG;Porto Sudeste;RJ;831.986;435.138.660
set/25;MRS;Minério de Ferro;Viga;MG;Baia Sepetiba;RJ;29.857;13.043.687
set/25;MRS;Minério de Ferro;Viga;MG;Congonhas do Campo;MG;12.778;135.178
set/25;MRS;Minério de Ferro;Viga;MG;Guaiba;RJ;178.233;81.807.521
set/25;MRS;Minério de Ferro Especial - MRS distancia menor 100 km;Cel. João Carlos Guedes;MG;Dias Tavares;MG;6.175;3.249.908
set/25;MRS;Minério de Ferro Especial - MRS distancia menor 100 km;Otavio Dapieve;MG;Ouro Branco;MG;20.375;1.975.475
set/25;MRS;Óleo Diesel;Embiruçu;MG;Cel. João Carlos Guedes;MG;5.004;725.805
set/25;MRS;Outras - Carga Geral Não Conteinerizada;Arará;RJ;Prudente de Morais;MG;1.343;1.003.431
set/25;MRS;Prd. Siderúrgicos - Bobina - BF;Lafaiete Bandeira;MG;Boa Vista Velha;SP;1.550;1.226.267
set/25;MRS;Prd. Siderúrgicos - Bobina - BF;Lafaiete Bandeira;MG;Caçapava;SP;993;545.652
set/25;MRS;Prd. Siderúrgicos - Bobina - BF;Lafaiete Bandeira;MG;Replan;SP;1.894;1.535.590
set/25;MRS;Prd. Siderúrgicos - Bobina - BF;Lafaiete Bandeira;MG;Usiminas;SP;2.957;1.592.045
set/25;MRS;Prd. Siderúrgicos - Bobina - BF;Lafaiete Bandeira;MG;Utinga;SP;498;342.984
set/25;MRS;Prd. Siderúrgicos - Bobina - BF;Ouro Branco;MG;Caçapava;SP;2.670;1.433.021
set/25;MRS;Prd. Siderúrgicos - Bobina - BF;Ouro Branco;MG;Ipiranga;SP;2.799;1.870.132
set/25;MRS;Prd. Siderúrgicos - Bobina - BF;Ouro Branco;MG;Parque Industrial;MG;14.194;2.281.174
set/25;MRS;Prd. Siderúrgicos - Bobina - BF;Ouro Branco;MG;Pulverizacao;RJ;1.174;449.759
set/25;MRS;Prd. Siderúrgicos - Bobina - BF;Ouro Branco;MG;São Bento;SP;20.421;12.504.757
set/25;MRS;Prd. Siderúrgicos - Bobina - BF;Ouro Branco;MG;São Caetano do Sul;SP;6.102;4.102.575
set/25;MRS;Prd. Siderúrgicos - Bobina - BF;Piaçaguera;SP;Barbará;RJ;2.127;773.341
set/25;MRS;Prd. Siderúrgicos - Bobina - BF;Piaçaguera;SP;Ipiranga;SP;4.205;221.405
set/25;MRS;Prd. Siderúrgicos - Bobina - BF;Piaçaguera;SP;São Caetano do Sul;SP;504;24.425
set/25;MRS;Prd. Siderúrgicos - Bobina - BF;Piaçaguera;SP;Utinga;SP;16.425;736.809
set/25;MRS;Prd. Siderúrgicos - Bobina - BF;Pulverizacao;RJ;Ouro Branco;MG;68;26.748
set/25;MRS;Prd. Siderúrgicos - Bobina - BF;Volta Redonda;RJ;Ipiranga;SP;2.688;926.673
set/25;MRS;Prd. Siderúrgicos - Bobina - BQ;Brisamar;RJ;Floriano;RJ;120;17.074
set/25;MRS;Prd. Siderúrgicos - Bobina - BQ;Horto Florestal;MG;Usiminas;SP;5.666;3.640.523
set/25;MRS;Prd. Siderúrgicos - Bobina - BQ;Lafaiete Bandeira;MG;Barbará;RJ;1.625;575.669
set/25;MRS;Prd. Siderúrgicos - Bobina - BQ;Lafaiete Bandeira;MG;Cruzeiro;SP;3.963;1.758.355
set/25;MRS;Prd. Siderúrgicos - Bobina - BQ;Lafaiete Bandeira;MG;Ipiranga;SP;4.907;3.341.323
set/25;MRS;Prd. Siderúrgicos - Bobina - BQ;Lafaiete Bandeira;MG;Manoel Feio;SP;7.035;4.541.999
set/25;MRS;Prd. Siderúrgicos - Bobina - BQ;Lafaiete Bandeira;MG;Pinheirinho;SP;910;581.086
set/25;MRS;Prd. Siderúrgicos - Bobina - BQ;Lafaiete Bandeira;MG;Usiminas;SP;2.102;1.131.714
set/25;MRS;Prd. Siderúrgicos - Bobina - BQ;Lafaiete Bandeira;MG;Utinga;SP;214;147.386
set/25;MRS;Prd. Siderúrgicos - Bobina - BQ;Manoel Feio;SP;São Bento;SP;3.054;62.588
set/25;MRS;Prd. Siderúrgicos - Bobina - BQ;Parque Industrial;MG;Utinga;SP;553;423.861
set/25;MRS;Prd. Siderúrgicos - Bobina - BQ;Piaçaguera;SP;Cruzeiro;SP;2.983;1.095.118
set/25;MRS;Prd. Siderúrgicos - Bobina - BQ;Piaçaguera;SP;Ipiranga;SP;1.355;71.344
set/25;MRS;Prd. Siderúrgicos - Bobina - BQ;Piaçaguera;SP;Replan;SP;4.498;862.307
set/25;MRS;Prd. Siderúrgicos - Bobina - BQ;Piaçaguera;SP;Usiminas;SP;305;50.781
set/25;MRS;Prd. Siderúrgicos - Fio Máquina;Dias Tavares;MG;Caçapava;SP;6.416;4.143.879
set/25;MRS;Prd. Siderúrgicos - Fio Máquina;Dias Tavares;MG;Parque Industrial;MG;1.042;362.757
set/25;MRS;Prd. Siderúrgicos - Fio Máquina;Dias Tavares;MG;Pinheirinho;SP;363;295.188
set/25;MRS;Prd. Siderúrgicos - Fio Máquina;Itaguai;RJ;São Bento;SP;5.405;2.221.163
set/25;MRS;Prd. Siderúrgicos - Fio Máquina;Ouro Branco;MG;Brisamar;RJ;2.577;1.186.950
set/25;MRS;Prd. Siderúrgicos - Fio Máquina;Ouro Branco;MG;Caçapava;SP;10.144;5.444.406
set/25;MRS;Prd. Siderúrgicos - Fio Máquina;Ouro Branco;MG;São Bento;SP;1.766;1.081.406
set/25;MRS;Prd. Siderúrgicos - Outros;Arará;RJ;Volta Redonda;RJ;120;17.359
set/25;MRS;Prd. Siderúrgicos - Outros;Barbará;RJ;Brisamar;RJ;519;61.824
set/25;MRS;Prd. Siderúrgicos - Outros;Barbará;RJ;Cruzeiro;SP;3.569;365.397
set/25;MRS;Prd. Siderúrgicos - Outros;Barbará;RJ;Volta Redonda;RJ;60;307
set/25;MRS;Prd. Siderúrgicos - Outros;Brisamar;RJ;Eldorado;MG;120;73.433
set/25;MRS;Prd. Siderúrgicos - Outros;Brisamar;RJ;Pulverizacao;RJ;293;23.659
set/25;MRS;Prd. Siderúrgicos - Outros;Brisamar;RJ;São Bento;SP;3.921;1.579.951
set/25;MRS;Prd. Siderúrgicos - Outros;Brisamar;RJ;Volta Redonda;RJ;21.255;2.422.984
set/25;MRS;Prd. Siderúrgicos - Outros;Caçapava;SP;Itaguai;RJ;583;195.485
set/25;MRS;Prd. Siderúrgicos - Outros;Caçapava;SP;Ouro Branco;MG;68;43.628
set/25;MRS;Prd. Siderúrgicos - Outros;Caçapava;SP;Volta Redonda;RJ;60;13.251
set/25;MRS;Prd. Siderúrgicos - Outros;Dias Tavares;MG;Parque Industrial;MG;3.273;1.139.448
set/25;MRS;Prd. Siderúrgicos - Outros;Itaguai;RJ;Caçapava;SP;2.583;867.898
set/25;MRS;Prd. Siderúrgicos - Outros;Itaguai;RJ;Parque Industrial;MG;1.232;762.539
set/25;MRS;Prd. Siderúrgicos - Outros;Itaguai;RJ;Pinheirinho;SP;853;361.985
set/25;MRS;Prd. Siderúrgicos - Outros;Lafaiete Bandeira;MG;Curuputuba;SP;3.241;1.652.015
set/25;MRS;Prd. Siderúrgicos - Outros;Lafaiete Bandeira;MG;Manoel Feio;SP;11.616;7.499.626
set/25;MRS;Prd. Siderúrgicos - Outros;Lafaiete Bandeira;MG;Piaçaguera;SP;6.902;6.274.084
set/25;MRS;Prd. Siderúrgicos - Outros;Lafaiete Bandeira;MG;Pinheirinho;SP;3.559;2.308.328
set/25;MRS;Prd. Siderúrgicos - Outros;Lafaiete Bandeira;MG;São Caetano do Sul;SP;143;101.289
set/25;MRS;Prd. Siderúrgicos - Outros;Lafaiete Bandeira;MG;Utinga;SP;11.201;7.714.396
set/25;MRS;Prd. Siderúrgicos - Outros;Manoel Feio;SP;Mogi das Cruzes;SP;676;15.582
set/25;MRS;Prd. Siderúrgicos - Outros;Manoel Feio;SP;Volta Redonda;RJ;4.737;1.465.836
set/25;MRS;Prd. Siderúrgicos - Outros;Ouro Branco;MG;Brisamar;RJ;17.250;7.945.246
set/25;MRS;Prd. Siderúrgicos - Outros;Ouro Branco;MG;Caçapava;SP;10.792;5.792.195
set/25;MRS;Prd. Siderúrgicos - Outros;Ouro Branco;MG;Eng. Cesar de Souza;SP;1.300;859.647
set/25;MRS;Prd. Siderúrgicos - Outros;Ouro Branco;MG;Itutinga;MG;14.390;2.012.009
set/25;MRS;Prd. Siderúrgicos - Outros;Ouro Branco;MG;Parque Industrial;MG;7.097;1.140.587
set/25;MRS;Prd. Siderúrgicos - Outros;Ouro Branco;MG;São Bento;SP;616;377.206
set/25;MRS;Prd. Siderúrgicos - Outros;Ouro Branco;MG;São Caetano do Sul;SP;990;665.608
set/25;MRS;Prd. Siderúrgicos - Outros;Piaçaguera;SP;Manoel Feio;SP;12.945;799.470
set/25;MRS;Prd. Siderúrgicos - Outros;Pulverizacao;RJ;Volta Redonda;RJ;60;2.040
set/25;MRS;Prd. Siderúrgicos - Outros;São Bento;SP;São Caetano do Sul;SP;842;50.507
set/25;MRS;Prd. Siderúrgicos - Outros;São Bento;SP;Volta Redonda;RJ;565;163.256
set/25;MRS;Prd. Siderúrgicos - Outros;Saudade;RJ;Caçapava;SP;847;170.851
set/25;MRS;Prd. Siderúrgicos - Outros;Saudade;RJ;Floriano;RJ;2.044;32.554
set/25;MRS;Prd. Siderúrgicos - Outros;Saudade;RJ;Pinheirinho;SP;4.253;1.236.653
set/25;MRS;Prd. Siderúrgicos - Outros;Siderúrgica do Atlântico;RJ;Piaçaguera;SP;87.701;43.955.653
set/25;MRS;Prd. Siderúrgicos - Outros;Volta Redonda;RJ;Arará;RJ;60;8.679
set/25;MRS;Prd. Siderúrgicos - Outros;Volta Redonda;RJ;Barbará;RJ;9.305;47.706
set/25;MRS;Prd. Siderúrgicos - Outros;Volta Redonda;RJ;Brisamar;RJ;433;49.360
set/25;MRS;Prd. Siderúrgicos - Outros;Volta Redonda;RJ;Floriano;RJ;1.593;43.850
set/25;MRS;Prd. Siderúrgicos - Outros;Volta Redonda;RJ;Manoel Feio;SP;24.730;7.652.550
set/25;MRS;Prd. Siderúrgicos - Outros;Volta Redonda;RJ;Mogi das Cruzes;SP;1.422;472.807
set/25;MRS;Prd. Siderúrgicos - Outros;Volta Redonda;RJ;Pulverizacao;RJ;5.498;186.985
set/25;MRS;Prd. Siderúrgicos - Outros;Volta Redonda;RJ;São Bento;SP;12.358;3.570.844
set/25;MRS;Prd. Siderúrgicos - Placa;Arará;RJ;Curuputuba;SP;598;190.284
set/25;MRS;Prd. Siderúrgicos - Placa;Barreiro;MG;Cel. João Carlos Guedes;MG;210;26.957
set/25;MRS;Prd. Siderúrgicos - Placa;Brisamar;RJ;Edmar Alves;SP;2.642;908.552
set/25;MRS;Prd. Siderúrgicos - Placa;Brisamar;RJ;Volta Redonda;RJ;121;13.793
set/25;MRS;Prd. Siderúrgicos - Placa;Cel. João Carlos Guedes;MG;Barreiro;MG;13.281;1.704.881
set/25;MRS;Prd. Siderúrgicos - Placa;Dias Tavares;MG;Parque Industrial;MG;2.122;738.744
set/25;MRS;Prd. Siderúrgicos - Placa;Horto Florestal;MG;Itaguai;RJ;1.997;1.159.388
set/25;MRS;Prd. Siderúrgicos - Placa;Ouro Branco;MG;Caçapava;SP;359;192.678
set/25;MRS;Prd. Siderúrgicos - Placa;Ouro Branco;MG;Curuputuba;SP;204;101.375
set/25;MRS;Prd. Siderúrgicos - Placa;Ouro Branco;MG;Horto Florestal;MG;2.061;365.254
set/25;MRS;Prd. Siderúrgicos - Placa;Ouro Branco;MG;Itaguai;RJ;7.335;3.437.136
set/25;MRS;Prd. Siderúrgicos - Placa;Ouro Branco;MG;Itutinga;MG;1.374;195.535
set/25;MRS;Prd. Siderúrgicos - Placa;Ouro Branco;MG;Manoel Feio;SP;897;567.659
set/25;MRS;Prd. Siderúrgicos - Placa;Ouro Branco;MG;Pinheirinho;SP;6.778;4.241.468
set/25;MRS;Prd. Siderúrgicos - Placa;Ouro Branco;MG;Pulverizacao;RJ;315;120.676
set/25;MRS;Prd. Siderúrgicos - Placa;Ouro Branco;MG;São Bento;SP;2.950;1.806.426
set/25;MRS;Prd. Siderúrgicos - Placa;Parque Industrial;MG;Brisamar;RJ;4.598;2.556.786
set/25;MRS;Prd. Siderúrgicos - Placa;Piaçaguera;SP;Siderúrgica do Atlântico;RJ;840;418.913
set/25;MRS;Prd. Siderúrgicos - Placa;Siderúrgica do Atlântico;RJ;Eldorado;MG;1.675;1.051.806
set/25;MRS;Prd. Siderúrgicos - Tubos;Barreiro;MG;Arará;RJ;11.619;6.711.390
set/25;MRS;Prd. Siderúrgicos - Tubos;Barreiro;MG;Eldorado;MG;3.824;19.804
set/25;MRS;Prd. Siderúrgicos - Tubos;Brisamar;RJ;Curuputuba;SP;2.550;733.214
set/25;MRS;Prd. Siderúrgicos - Tubos;Cel. João Carlos Guedes;MG;Arará;RJ;5.270;2.367.558
set/25;MRS;Prd. Siderúrgicos - Tubos;Cel. João Carlos Guedes;MG;Barreiro;MG;14.651;1.884.596
set/25;MRS;Prd. Siderúrgicos - Tubos;Curuputuba;SP;Arará;RJ;3.705;1.179.420
set/25;MRS;Prd. Siderúrgicos - Tubos;Eldorado;MG;Barreiro;MG;4.858;25.159
set/25;MRS;Prd. Siderúrgicos - Vergalhões;Itaguai;RJ;Caçapava;SP;464;155.583
set/25;MRS;Prd. Siderúrgicos - Vergalhões;Volta Redonda;RJ;Eldorado;MG;2.636;1.504.755
set/25;MRS;Prd. Siderúrgicos - Vergalhões;Volta Redonda;RJ;Manoel Feio;SP;7.648;2.366.627
set/25;MRS;Soja;Pederneiras;SP;Santos;SP;71.566;37.290.606
set/25;MRS;Veículos;Parque Industrial;MG;Piaçaguera;SP;975;763.081
set/25;RMC;Açúcar;Iturama;MG;Conceiçãozinha;SP;47.452;43.063.423
set/25;RMC;Açúcar;Iturama;MG;Santos;SP;88.047;79.273.887
set/25;RMC;Adubo Orgânico a Granel;Conceiçãozinha;SP;Rio Verde;GO;8.741;10.588.018
set/25;RMC;Bauxita;Santa Isabel;TO;Alumínio;SP;73.467;106.408.206
set/25;RMC;Cloreto de Potássio;Conceiçãozinha;SP;Rio Verde;GO;16.978;20.522.642
set/25;RMC;Contêiner Cheio de 40 Pés;Santa Isabel;TO;Alumínio;SP;3.512;5.091.771
set/25;RMC;Pallets de Madeira;Porto Nacional;TO;Sumaré;SP;52;104.445
set/25;RMC;Ureia;Conceiçãozinha;SP;Rio Verde;GO;1.865;2.256.758
set/25;RMN;Açúcar;Chapadao do Sul;MS;Conceiçãozinha;SP;13.195;15.775.545
set/25;RMN;Açúcar;Chapadao do Sul;MS;Santos;SP;48.340;57.476.610
set/25;RMN;Álcool;Chapadao do Sul;MS;Replan;SP;47.352;44.553.166
set/25;RMN;Álcool;Rondonópolis;MT;Replan;SP;156.452;218.968.388
set/25;RMN;Álcool;T. Olacyr F. Morais;MS;Replan;SP;3.813;4.013.056
set/25;RMN;Celulose;Aparecida do Taboado;MS;Barnabé;SP;206.492;191.274.960
set/25;RMN;Celulose;Chapadao do Sul;MS;Barnabé;SP;153.384;182.539.077
set/25;RMN;Celulose;Chapadao do Sul;MS;Santos;SP;73.728;87.852.736
set/25;RMN;Contêiner cheio 53 pés;Rondonópolis;MT;Boa Vista Nova;SP;121;166.257
set/25;RMN;Contêiner Cheio de 20 Pés;Rondonópolis;MT;Cubatão;SP;10.629;17.304.894
set/25;RMN;Contêiner Cheio de 20 Pés;Rondonópolis;MT;Sumaré;SP;126;172.298
set/25;RMN;Contêiner Cheio de 40 Pés;Rondonópolis;MT;Boa Vista Nova;SP;72.550;99.632.189
set/25;RMN;Contêiner Cheio de 40 Pés;Rondonópolis;MT;Boa Vista Velha;SP;1.674;2.291.476
set/25;RMN;Contêiner Cheio de 40 Pés;Rondonópolis;MT;Cubatão;SP;72.017;117.249.653
set/25;RMN;Contêiner Vazio de 40 Pés;Rondonópolis;MT;Boa Vista Nova;SP;135;184.972
set/25;RMN;Farelo de Soja;Alto Araguaia;MT;Santos;SP;92.849;129.963.559
set/25;RMN;Farelo de Soja;Rondonópolis;MT;Santos;SP;258.118;424.105.188
set/25;RMN;Grãos - Milho;Alto Araguaia;MT;Conceiçãozinha;SP;36.345;51.267.422
set/25;RMN;Grãos - Milho;Chapadao do Sul;MS;Santos;SP;71.825;85.414.319
set/25;RMN;Grãos - Milho;Rondonópolis;MT;Conceiçãozinha;SP;363.311;598.844.378
set/25;RMN;Grãos - Milho;Rondonópolis;MT;Santos;SP;1.011.466;1.666.418.786
set/25;RMN;Óleo Diesel;Rondonópolis;MT;Replan;SP;10.198;14.211.035
set/25;RMN;Óleo Diesel;T. Olacyr F. Morais;MS;Replan;SP;3.954;4.161.458
set/25;RMN;Soja;Itiquira;MT;Conceiçãozinha;SP;104.577;159.137.228
set/25;RMN;Soja;Itiquira;MT;Santos;SP;4.416;6.687.003
set/25;RMN;Soja;Rondonópolis;MT;Conceiçãozinha;SP;61.733;101.675.578
set/25;RMN;Soja;Rondonópolis;MT;Estação TUF;SP;20.226;33.084.829
set/25;RMN;Soja;Rondonópolis;MT;Piaçaguera;SP;1.260;2.068.321
set/25;RMN;Soja;Rondonópolis;MT;Santos;SP;202.115;332.140.723
set/25;RMP;Açúcar;Fernandopolis;SP;Conceiçãozinha;SP;30.965;25.156.463
set/25;RMP;Açúcar;Fernandopolis;SP;Santos;SP;40.132;32.285.490
set/25;RMP;Açúcar;Itirapina;SP;Santos;SP;7.362;2.879.682
set/25;RMP;Açúcar;Pradopolis;SP;Conceiçãozinha;SP;7.332;3.972.740
set/25;RMP;Açúcar;Rio Preto Paulista;SP;Santos;SP;15.368;10.259.494
set/25;RMP;Açúcar;Santa Adélia;SP;Santos;SP;64.135;37.146.849
set/25;RMP;Açúcar;Votuporanga;SP;Santos;SP;45.203;34.614.468
set/25;RMP;Adubo Orgânico a Granel;Conceiçãozinha;SP;Rondonópolis;MT;176.867;292.289.163
set/25;RMP;Adubo Orgânico a Granel;Cubatão;SP;Rondonópolis;MT;7.598;12.394.215
set/25;RMP;Adubo Orgânico a Granel;Estação TUF;SP;Rondonópolis;MT;7.170;11.728.119
set/25;RMP;Adubo Orgânico a Granel;Santos;SP;Rondonópolis;MT;574;948.169
set/25;RMP;Cloreto de Potássio;Conceiçãozinha;SP;Rondonópolis;MT;3.792;6.258.934
set/25;RMP;Cloreto de Potássio;Cubatão;SP;Rondonópolis;MT;8.920;14.522.500
set/25;RMP;Cloreto de Potássio;Estação TUF;SP;Rondonópolis;MT;13.961;22.836.300
set/25;RMP;Contêiner Cheio de 40 Pés;Boa Vista Nova;SP;Rondonópolis;MT;53;72.623
set/25;RMP;Contêiner Cheio de 40 Pés;Boa Vista Velha;SP;Rondonópolis;MT;40.504;55.444.425
set/25;RMP;Contêiner Cheio de 40 Pés;Cubatão;SP;Rondonópolis;MT;5.303;8.633.724
set/25;RMP;Contêiner Cheio de 40 Pés;Sumaré;SP;Porto Nacional;TO;2.393;4.806.521
set/25;RMP;Contêiner vazio 53 pés;Boa Vista Nova;SP;Rondonópolis;MT;26;35.724
set/25;RMP;Contêiner Vazio de 20 Pés;Cubatão;SP;Rondonópolis;MT;1.707;2.784.833
set/25;RMP;Contêiner Vazio de 40 Pés;Boa Vista Nova;SP;Anápolis;GO;816;1.038.261
set/25;RMP;Contêiner Vazio de 40 Pés;Boa Vista Velha;SP;Rondonópolis;MT;6.581;9.008.486
set/25;RMP;Contêiner Vazio de 40 Pés;Cubatão;SP;Rondonópolis;MT;16.081;26.234.865
set/25;RMP;Contêiner Vazio de 40 Pés;Sumaré;SP;Porto Nacional;TO;983;1.974.430
set/25;RMP;Contêiner Vazio de 40 Pés;Tutóia;SP;Rondonópolis;MT;730;850.027
set/25;RMP;Farelo de Soja;Rio Verde;GO;Santos;SP;89.321;107.488.443
set/25;RMP;Farelo de Soja;São Simão;GO;Santos;SP;32.247;31.900.860
set/25;RMP;Gasolina;Replan;SP;Rio Verde;GO;1.221;1.163.258
set/25;RMP;Gasolina;Replan;SP;Rondonópolis;MT;10.923;15.221.330
set/25;RMP;Gasolina;Replan;SP;T. Olacyr F. Morais;MS;718;755.671
set/25;RMP;Grãos - Milho;Alvorada;TO;Santos;SP;1.991;3.924.111
set/25;RMP;Grãos - Milho;Conceiçãozinha;SP;Rondonópolis;MT;2.983;4.945.473
set/25;RMP;Grãos - Milho;Rio Verde;GO;Conceiçãozinha;SP;135.328;163.679.034
set/25;RMP;Grãos - Milho;Rio Verde;GO;Santos;SP;318.665;382.789.249
set/25;RMP;Grãos - Milho;São Simão;GO;Santos;SP;3.110;3.065.247
set/25;RMP;Óleo Diesel;Replan;SP;Rio Verde;GO;8.770;8.355.264
set/25;RMP;Óleo Diesel;Replan;SP;Rondonópolis;MT;115.178;160.501.919
set/25;RMP;Óleo Diesel;Replan;SP;T. Olacyr F. Morais;MS;5.691;5.989.589
set/25;RMP;Outros - Indústria Cimenteira e Construção;Tutóia;SP;Rondonópolis;MT;12;14.176
set/25;RMP;Soja;Rio Verde;GO;Conceiçãozinha;SP;94;113.745
set/25;RMP;Soja;Rio Verde;GO;Estação TUF;SP;171;203.705
set/25;RMP;Soja;Rio Verde;GO;Santos;SP;189;226.748
set/25;RMP;Soja;São Simão;GO;Conceiçãozinha;SP;117.342;116.360.192
set/25;RMP;Soja;São Simão;GO;Piaçaguera;SP;1.052;1.025.987
set/25;RMP;Soja;São Simão;GO;Santos;SP;572;563.768
set/25;RMP;Ureia;Conceiçãozinha;SP;Rondonópolis;MT;49.531;81.831.206
set/25;RMP;Ureia;Cubatão;SP;Rondonópolis;MT;5.461;8.902.868
set/25;RMS;Açúcar;Londrina;PR;D Pedro II;PR;44.800;28.269.168
set/25;RMS;Açúcar;Marialva;PR;D Pedro II;PR;173.756;107.761.131
set/25;RMS;Açúcar;Maringa;PR;D Pedro II;PR;170.636;111.213.296
set/25;RMS;Açúcar;Rolandia;PR;D Pedro II;PR;67.748;41.796.671
set/25;RMS;Adubo Fert em Geral a Granel  - Perigoso;D Pedro II;PR;Cará-Cará;PR;1.689;405.157
set/25;RMS;Adubo Orgânico a Granel;km 5;PR;Cará-Cará;PR;421;99.167
set/25;RMS;Adubo Orgânico a Granel;Rio Grande;RS;Cruz Alta;RS;19.124;14.112.398
set/25;RMS;Adubo Orgânico a Granel;São Francisco do Sul;SC;Cascavel;PR;5.946;5.003.374
set/25;RMS;Álcool;Eng. Vicente Montanha;PR;Araucária Terminal;PR;7.091;3.642.433
set/25;RMS;Álcool;Londrina;PR;Araucária Terminal;PR;9.907;5.013.137
set/25;RMS;Álcool;Sarandi;PR;Araucária Terminal;PR;4.640;2.370.719
set/25;RMS;Calcário Corretivo;Tranqueira;PR;Maringa;PR;10.702;6.279.933
set/25;RMS;Celulose;Ortigueira;PR;km 5;PR;49.984;22.847.636
set/25;RMS;Cimento acondicionado;Apiai;SP;Londrina;PR;19.214;11.101.714
set/25;RMS;Cimento acondicionado;Apiai;SP;Uvaranas;PR;19.232;3.741.047
set/25;RMS;Cimento acondicionado;Rio Branco do Sul;PR;Cascavel;PR;12.600;8.637.325
set/25;RMS;Cimento acondicionado;Rio Branco do Sul;PR;Londrina;PR;11.449;6.660.009
set/25;RMS;Cimento acondicionado;Rio Branco do Sul;PR;Maringa;PR;23.901;14.399.396
set/25;RMS;Cloreto de Potássio;D Pedro II;PR;Maringa;PR;871;567.681
set/25;RMS;Cloreto de Potássio;km 5;PR;Cará-Cará;PR;2.964;698.179
set/25;RMS;Cloreto de Potássio;km 5;PR;Cascavel;PR;1.414;1.032.896
set/25;RMS;Cloreto de Potássio;Rio Grande;RS;Cruz Alta;RS;5.060;3.733.986
set/25;RMS;Contêiner Cheio de 40 Pés;Cambe;PR;D Pedro II;PR;41.395;25.825.015
set/25;RMS;Contêiner Cheio de 40 Pés;Cascavel;PR;D Pedro II;PR;39.688;29.162.701
set/25;RMS;Contêiner Cheio de 40 Pés;Ortigueira;PR;D Pedro II;PR;57.231;26.407.699
set/25;RMS;Contêiner Vazio de 40 Pés;D Pedro II;PR;Cambe;PR;10.220;6.375.930
set/25;RMS;Contêiner Vazio de 40 Pés;D Pedro II;PR;Cascavel;PR;10.129;7.442.779
set/25;RMS;Contêiner Vazio de 40 Pés;D Pedro II;PR;Ortigueira;PR;14.931;6.889.506
set/25;RMS;Farelo de Soja;Cruz Alta;RS;Rio Grande;RS;38.342;28.294.192
set/25;RMS;Farelo de Soja;Desvio Ribas;PR;D Pedro II;PR;45.733;10.525.219
set/25;RMS;Farelo de Soja;Ijuí;RS;Rio Grande;RS;14.034;11.107.093
set/25;RMS;Farelo de Soja;Londrina;PR;D Pedro II;PR;18.665;11.777.838
set/25;RMS;Farelo de Soja;Maringa;PR;D Pedro II;PR;18.043;11.759.651
set/25;RMS;Fosfato;km 5;PR;Cará-Cará;PR;1.152;271.357
set/25;RMS;Gasolina;Araucária Terminal;PR;Eng. Vicente Montanha;PR;7.520;3.862.798
set/25;RMS;Gasolina;Araucária Terminal;PR;Londrina;PR;6.347;3.211.708
set/25;RMS;Gasolina;Araucária Terminal;PR;Sarandi;PR;1.360;694.866
set/25;RMS;Gasolina;D Pedro II;PR;Araucária Terminal;PR;3.078;384.711
set/25;RMS;Gasolina;D Pedro II;PR;Londrina;PR;2.239;1.412.826
set/25;RMS;Gasolina;D Pedro II;PR;Sarandi;PR;2.690;1.699.007
set/25;RMS;Grãos - Cevada;km 5;PR;Guarapuava;PR;4.753;2.292.756
set/25;RMS;Grãos - Milho;Cascavel;PR;D Pedro II;PR;16.977;12.474.750
set/25;RMS;Grãos - Milho;D Pedro II;PR;Maringa;PR;59;38.453
set/25;RMS;Grãos - Milho;Londrina;PR;D Pedro II;PR;91.526;57.753.952
set/25;RMS;Grãos - Milho;Londrina;PR;São Francisco do Sul;SC;48.708;35.930.827
set/25;RMS;Grãos - Milho;Marialva;PR;D Pedro II;PR;15.034;9.323.893
set/25;RMS;Grãos - Milho;Marialva;PR;São Francisco do Sul;SC;13.518;9.825.639
set/25;RMS;Grãos - Milho;Maringa;PR;D Pedro II;PR;244.671;159.467.077
set/25;RMS;Grãos - Milho;Maringa;PR;São Francisco do Sul;SC;31.534;23.916.252
set/25;RMS;Grãos - Milho;Rio Grande;RS;Cruz Alta;RS;530;391.109
set/25;RMS;Grãos - Milho;Rolandia;PR;D Pedro II;PR;47.336;29.197.261
set/25;RMS;Grãos - Milho;Rolandia;PR;São Francisco do Sul;SC;40.060;28.983.093
set/25;RMS;Óleo Diesel;Araucária Terminal;PR;Eng. Vicente Montanha;PR;45.628;23.437.733
set/25;RMS;Óleo Diesel;Araucária Terminal;PR;Londrina;PR;18.003;9.109.875
set/25;RMS;Óleo Diesel;D Pedro II;PR;Araucária Terminal;PR;33.934;4.241.340
set/25;RMS;Óleo Diesel;D Pedro II;PR;Londrina;PR;6.053;3.819.491
set/25;RMS;Óleo Diesel;D Pedro II;PR;Sarandi;PR;3.121;1.971.218
set/25;RMS;Outros - adubos e Fertilizantes;D Pedro II;PR;Cascavel;PR;2.094;1.538.677
set/25;RMS;Prd. Siderúrgicos - Bobina - BF;São Francisco do Sul;SC;Araucária Carga;PR;2.143;670.542
set/25;RMS;Soja;Cacequi;RS;Rio Grande;RS;21.714;10.470.229
set/25;RMS;Soja;Cascavel;PR;D Pedro II;PR;11.802;8.672.121
set/25;RMS;Soja;Cruz Alta;RS;Rio Grande;RS;84.006;61.991.549
set/25;RMS;Soja;Ijuí;RS;Rio Grande;RS;3.734;2.955.232
set/25;RMS;Soja;J.De Castilhos;RS;Rio Grande;RS;30.067;19.803.204
set/25;RMS;Soja;Londrina;PR;São Francisco do Sul;SC;2.017;1.487.895
set/25;RMS;Soja;Marialva;PR;D Pedro II;PR;15.889;9.854.133
set/25;RMS;Soja;Marialva;PR;São Francisco do Sul;SC;78.160;56.811.063
set/25;RMS;Soja;Maringa;PR;D Pedro II;PR;31.329;20.418.985
set/25;RMS;Soja;Maringa;PR;São Francisco do Sul;SC;108.774;82.497.138
set/25;RMS;Soja;Rolandia;PR;D Pedro II;PR;3.552;2.187.161
set/25;RMS;Soja;Rolandia;PR;São Francisco do Sul;SC;11.325;8.141.414
set/25;RMS;Soja;Santo Ângelo;RS;Rio Grande;RS;5.998;5.074.050
set/25;RMS;Soja;Tigre;RS;Rio Grande;RS;2.399;1.338.713
set/25;RMS;Soja;Tupancireta;RS;Rio Grande;RS;20.269;13.842.205
set/25;RMS;Ureia;São Francisco do Sul;SC;Maringa;PR;1.002;759.943
out/25;EFC;Carvão Mineral;Ponta da Madeira;MA;Paraupebas;PA;29.165;25.111.065
out/25;EFC;Cobre;Paraupebas;PA;Ponta da Madeira Cobre;MA;97.590;85.098.480
out/25;EFC;Ferro Gusa;Açailândia;MA;Ponta da Madeira Pêra do Píer;MA;28.859;15.171.175
out/25;EFC;Ferro Gusa;Marabá;PA;Ponta da Madeira Pêra do Píer;MA;35.734;26.825.512
out/25;EFC;Gasolina;Itaqui Base Combustível;MA;Açailândia;MA;7.388;3.863.924
out/25;EFC;Gasolina;Itaqui Base Combustível;MA;Marabá;PA;9.173;6.861.404
out/25;EFC;Minério de Ferro;Açailândia;MA;Ponta da Madeira;MA;56.352;28.908.576
out/25;EFC;Minério de Ferro;Carajás;PA;Açailândia;MA;95.878;36.241.884
out/25;EFC;Minério de Ferro;Carajás;PA;Marabá;PA;40.555;6.204.915
out/25;EFC;Minério de Ferro;Carajás;PA;Ponta da Madeira;MA;8.092.302;7.213.417.053
out/25;EFC;Minério de Ferro;Marabá;PA;Açailândia;MA;10.050;2.261.250
out/25;EFC;Minério de Ferro;Marabá;PA;Ponta da Madeira;MA;11.650;8.597.700
out/25;EFC;Minério de Ferro;Serra Leste;PA;Açailândia;MA;24.857;7.913.027
out/25;EFC;Minério de Ferro;Serra Leste;PA;Ponta da Madeira;MA;983.545;817.662.267
out/25;EFC;Minério de Ferro;Serra Sul;PA;Ponta da Madeira;MA;8.192.861;7.753.608.949
out/25;EFC;Óleo Diesel;Itaqui Base Combustível;MA;Açailândia;MA;24.946;13.046.758
out/25;EFC;Óleo Diesel;Itaqui Base Combustível;MA;Marabá;PA;49.670;37.154.215
out/25;EFPO;Cimento acondicionado;Agrária;PR;Cascavel;PR;6.496;1.562.924
out/25;EFPO;Soja;Cascavel;PR;Agrária;PR;16.372;3.939.069
out/25;EFVM;Antracito;Tubarão;ES;Intendente Câmara;MG;72.656;31.468.112
out/25;EFVM;Carvão Mineral;Tubarão;ES;Bela Vista de Minas;MG;8.817;4.619.173
out/25;EFVM;Carvão Mineral;Tubarão;ES;Intendente Câmara;MG;36.309;16.015.681
out/25;EFVM;Carvão Mineral;Tubarão;ES;Ouro Branco;MG;136.009;91.245.173
out/25;EFVM;Celulose;Frederico Selow;MG;Aracruz;ES;77.660;28.778.699
out/25;EFVM;Cloreto de Potássio;Tubarão;ES;Brejo Alegre;MG;14.696;20.783.391
out/25;EFVM;Contêiner Cheio de 20 Pés;Tubarão;ES;Nova Granja;MG;8.777;6.025.717
out/25;EFVM;Coque;Tubarão;ES;Prudente de Morais;MG;35.305;25.560.135
out/25;EFVM;Coque Metalúrgico;Tubarão;ES;Bela Vista de Minas;MG;25.444;13.329.958
out/25;EFVM;Ferro Gusa;Aroaba;ES;Pedro Nolasco;ES;25.893;623.321
out/25;EFVM;Ferro Gusa;Funil;MG;Pedro Nolasco;ES;17.013;10.923.261
out/25;EFVM;Ferro Gusa;Funil;MG;Tubarão;ES;4.718;3.048.668
out/25;EFVM;Minério de Ferro;Barão de Cocais;MG;Intendente Câmara;MG;31.299;5.263.145
out/25;EFVM;Minério de Ferro;Barão de Cocais;MG;Tubarão;ES;46.804;28.141.747
out/25;EFVM;Minério de Ferro;Bicas;MG;Tubarão;ES;93.512;50.843.128
out/25;EFVM;Minério de Ferro;Brucutu;MG;Tubarão;ES;1.999.475;1.168.031.532
out/25;EFVM;Minério de Ferro;Capitão Eduardo;MG;Intendente Câmara;MG;67.682;14.681.396
out/25;EFVM;Minério de Ferro;Capitão Eduardo;MG;Tubarão;ES;17.264;11.317.967
out/25;EFVM;Minério de Ferro;Conceição;MG;Tubarão;ES;1.620.712;880.855.643
out/25;EFVM;Minério de Ferro;Fábrica Muro;MG;Tubarão;ES;147.590;99.854.532
out/25;EFVM;Minério de Ferro;Fazendão;MG;Tubarão;ES;1.359.683;809.317.148
out/25;EFVM;Minério de Ferro;João Correia;MG;Tubarão;ES;128.743;54.707.405
out/25;EFVM;Minério de Ferro;João Paulo;MG;Tubarão;ES;692.554;375.410.671
out/25;EFVM;Minério de Ferro;Mário Carvalho;MG;Tubarão;ES;160.943;71.931.058
out/25;EFVM;Minério de Ferro;Ouro Branco;MG;Mário Carvalho;MG;15.105;3.378.542
out/25;EFVM;Minério de Ferro;Ouro Branco;MG;Tubarão;ES;86.329;58.565.766
out/25;EFVM;Minério de Ferro;Pátio 206;MG;Tubarão;ES;516.990;309.404.259
out/25;EFVM;Minério de Ferro;Timbopeba;MG;Tubarão;ES;1.557.170;958.063.284
out/25;EFVM;Minério de Ferro;Tubarão;ES;Intendente Câmara;MG;43.452;19.166.416
out/25;EFVM;Minério de Ferro;Tubarão;ES;Mário Carvalho;MG;9.129;4.080.068
out/25;EFVM;Minério de Ferro;Tubarão;ES;Pedro Nolasco;ES;3.222;87.686
out/25;EFVM;Minério de Ferro;Tubarão;ES;Piraqueaçu;ES;13.598;1.096.229
out/25;EFVM;Outros - adubos e Fertilizantes;Tubarão;ES;Brejo Alegre;MG;66.923;94.637.060
out/25;EFVM;Prd. Siderúrgicos - Bobina - BF;Capitão Eduardo;MG;Tubarão;ES;325;213.064
out/25;EFVM;Prd. Siderúrgicos - Bobina - BF;Intendente Câmara;MG;Capitão Eduardo;MG;26.794;5.812.117
out/25;EFVM;Prd. Siderúrgicos - Bobina - BF;Intendente Câmara;MG;Carreira Comprida;MG;4.110;918.297
out/25;EFVM;Prd. Siderúrgicos - Bobina - BF;Intendente Câmara;MG;Couto e Silva;MG;4.547;1.154.733
out/25;EFVM;Prd. Siderúrgicos - Bobina - BF;Intendente Câmara;MG;Embiruçu;MG;35.087;8.676.703
out/25;EFVM;Prd. Siderúrgicos - Bobina - BF;Intendente Câmara;MG;Horto Florestal;MG;3.393;746.310
out/25;EFVM;Prd. Siderúrgicos - Bobina - BF;Intendente Câmara;MG;Lafaiete Bandeira;MG;32.116;7.154.095
out/25;EFVM;Prd. Siderúrgicos - Bobina - BF;Intendente Câmara;MG;Tubarão;ES;13.071;5.661.654
out/25;EFVM;Prd. Siderúrgicos - Bobina - BF;Mário Carvalho;MG;Capitão Eduardo;MG;5.582;1.131.176
out/25;EFVM;Prd. Siderúrgicos - Bobina - BF;Ouro Branco;MG;Tubarão;ES;794;538.740
out/25;EFVM;Prd. Siderúrgicos - Bobina - BF;Tubarão;ES;Lafaiete Bandeira;MG;13.944;9.252.036
out/25;EFVM;Prd. Siderúrgicos - Bobina - BF;Tubarão;ES;Parque Industrial;MG;1.863;1.251.896
out/25;EFVM;Prd. Siderúrgicos - Fio Máquina;João Monlevade;MG;Aracruz;ES;3.157;1.581.720
out/25;EFVM;Prd. Siderúrgicos - Fio Máquina;João Monlevade;MG;Capitão Eduardo;MG;12.214;1.506.657
out/25;EFVM;Prd. Siderúrgicos - Fio Máquina;João Monlevade;MG;Dr. Lund;MG;5.433;881.810
out/25;EFVM;Prd. Siderúrgicos - Fio Máquina;João Monlevade;MG;Governador Valadares;MG;4.501;918.834
out/25;EFVM;Prd. Siderúrgicos - Fio Máquina;João Monlevade;MG;Nova Granja;MG;1.958;300.635
out/25;EFVM;Prd. Siderúrgicos - Fio Máquina;João Monlevade;MG;Parque Industrial;MG;1.616;233.090
out/25;EFVM;Prd. Siderúrgicos - Fio Máquina;João Monlevade;MG;Pedro Nolasco;ES;1.882;995.180
out/25;EFVM;Prd. Siderúrgicos - Fio Máquina;Ouro Branco;MG;Tubarão;ES;6.243;4.188.278
out/25;EFVM;Prd. Siderúrgicos - Outros;Capitão Eduardo;MG;Tubarão;ES;1.298;850.945
out/25;EFVM;Prd. Siderúrgicos - Outros;Intendente Câmara;MG;Capitão Eduardo;MG;6.750;1.464.931
out/25;EFVM;Prd. Siderúrgicos - Outros;Intendente Câmara;MG;Lafaiete Bandeira;MG;13.772;3.096.237
out/25;EFVM;Prd. Siderúrgicos - Outros;Intendente Câmara;MG;Tubarão;ES;16.640;7.206.966
out/25;EFVM;Prd. Siderúrgicos - Outros;Ouro Branco;MG;Pedro Nolasco;ES;812;546.693
out/25;EFVM;Prd. Siderúrgicos - Outros;Ouro Branco;MG;Tubarão;ES;11.096;7.527.548
out/25;EFVM;Prd. Siderúrgicos - Outros;Pedro Nolasco;ES;Pedreira Rio das Velhas;MG;506;326.810
out/25;EFVM;Prd. Siderúrgicos - Placa;Intendente Câmara;MG;Lafaiete Bandeira;MG;3.157;703.269
out/25;EFVM;Prd. Siderúrgicos - Placa;João Monlevade;MG;Parque Industrial;MG;1.388;198.846
out/25;EFVM;Prd. Siderúrgicos - Placa;Ouro Branco;MG;Intendente Câmara;MG;16.597;3.946.185
out/25;EFVM;Prd. Siderúrgicos - Placa;Ouro Branco;MG;Tubarão;ES;14.000;9.497.628
out/25;EFVM;Prd. Siderúrgicos - Placa;Tubarão;ES;Divinopolis;MG;2.077;1.689.892
out/25;EFVM;Prd. Siderúrgicos - Tarugo;Ouro Branco;MG;Tubarão;ES;36.193;24.281.015
out/25;EFVM;Toras de Madeira;Desembargador Drumond;MG;Frederico Selow;MG;25.606;2.781.682
out/25;EFVM;Toras de Madeira;Eng. Costa Lacerda;MG;Frederico Selow;MG;30.597;5.225.049
out/25;EFVM;Ureia;Tubarão;ES;Brejo Alegre;MG;9.670;13.675.516
out/25;FCA;Açúcar;Guará;SP;Conceiçãozinha;SP;17.370;11.303.631
out/25;FCA;Açúcar;Guará;SP;Estação TUF;SP;362.726;231.919.655
out/25;FCA;Açúcar;Guará;SP;Santos;SP;6.242;4.024.422
out/25;FCA;Açúcar;Ribeirão Preto;SP;Estação TUF;SP;14.636;8.005.320
out/25;FCA;Açúcar;Ribeirão Preto;SP;Santos;SP;80.782;44.858.542
out/25;FCA;Açúcar;Terminal Integrador Uberaba;MG;Estação TUF;SP;117.280;95.656.236
out/25;FCA;Açúcar;Terminal Integrador Uberaba;MG;Santos;SP;6.259;5.050.900
out/25;FCA;Adubo Orgânico a Granel;Estação TUF;SP;Valefertil;MG;6.507;4.498.263
out/25;FCA;Areia;Pedreira Rio das Velhas;MG;Capitão Eduardo;MG;45.305;295.931
out/25;FCA;Areia;Roncador Novo;GO;Brasília;DF;3.732;912.724
out/25;FCA;Bauxita;Bauxita;MG;Alumínio;SP;28.550;7.988.147
out/25;FCA;Calcário Britado;Terminal Siderúrgico;MG;Calcario;RJ;72.511;34.914.626
out/25;FCA;Calcário Corretivo;Matozinhos;MG;Tubarão;ES;25.195;17.812.411
out/25;FCA;Calcário Siderúrgico;Matozinhos;MG;Intendente Câmara;MG;29.449;8.065.227
out/25;FCA;Calcário Siderúrgico;Matozinhos;MG;Tubarão;ES;2.063;1.458.503
out/25;FCA;Calcário Siderúrgico;Nova Granja;MG;Tubarão;ES;24.127;16.527.581
out/25;FCA;Celulose;LD Celulose;MG;Aracruz;ES;40.320;54.316.120
out/25;FCA;Clínquer;Terminal Siderúrgico;MG;Calcario;RJ;40.051;19.284.876
out/25;FCA;Cloreto de Potássio;Estação TUF;SP;Valefertil;MG;29.718;20.618.126
out/25;FCA;Cloreto de Potássio;Fosfago;GO;Final Ramal das Fábricas;SP;29.081;29.721.712
out/25;FCA;Contêiner Cheio de 20 Pés;Batista Almeida;MG;Calcario;RJ;2.541;1.212.839
out/25;FCA;Contêiner Cheio de 20 Pés;Batista Almeida;MG;Tubarão;ES;9.037;8.850.770
out/25;FCA;Contêiner Cheio de 20 Pés;Nova Granja;MG;Tubarão;ES;34.837;23.916.818
out/25;FCA;Cromita;Campo Formoso;BA;Irapui;BA;7.115;2.742.035
out/25;FCA;Cromita;Itiuba;BA;Irapui;BA;25.807;7.793.172
out/25;FCA;Demais Produtos;Embiruçu;MG;Tubarão;ES;19.258;13.250.466
out/25;FCA;Demais Produtos;Nova Granja;MG;Tubarão;ES;17.609;11.991.058
out/25;FCA;Dolomita;Terminal Siderúrgico;MG;Calcario;RJ;37.724;18.164.406
out/25;FCA;Enxofre;Estação TUF;SP;Fosfago;GO;13.102;13.191.567
out/25;FCA;Enxofre;Estação TUF;SP;Valefertil;MG;57.250;39.576.694
out/25;FCA;Farelo de Soja;Brejo Alegre;MG;Estação TUF;SP;28.862;26.647.557
out/25;FCA;Farelo de Soja;Brejo Alegre;MG;Santos;SP;5.694;5.231.151
out/25;FCA;Farelo de Soja;General Curado;GO;Tubarão;ES;19.528;34.293.980
out/25;FCA;Farelo de Soja;Ipameri;GO;Santos;SP;20.540;21.891.634
out/25;FCA;Ferro Gusa;Paulo Menicucci;MG;Pedro Nolasco;ES;3.250;2.680.544
out/25;FCA;Ferro Gusa;Paulo Menicucci;MG;Tubarão;ES;11.881;9.866.730
out/25;FCA;Ferro Gusa;Prudente de Morais;MG;Pedro Nolasco;ES;1.792;1.292.518
out/25;FCA;Fosfato;Catalão;GO;Valefertil;MG;70.667;21.415.139
out/25;FCA;Fosfato;Estação TUF;SP;Valefertil;MG;7.959;5.519.423
out/25;FCA;Gasolina;Embiruçu;MG;Governador Valadares;MG;1.786;642.892
out/25;FCA;Grãos - Milho;Brejo Alegre;MG;Tubarão;ES;99.258;140.372.743
out/25;FCA;Grãos - Milho;Terminal Integrador Uberaba;MG;Conceiçãozinha;SP;61.481;51.562.119
out/25;FCA;Grãos - Milho;Terminal Integrador Uberaba;MG;Santos;SP;31.248;25.393.864
out/25;FCA;Magnesita;Catiboaba;BA;Parque Industrial;MG;9.621;9.860.346
out/25;FCA;Magnesita;Catiboaba;BA;Porto de Aratu;BA;15.949;9.668.952
out/25;FCA;Minério de Ferro;Prudente de Morais;MG;Tubarão;ES;22.493;16.332.053
out/25;FCA;Minério de Ferro;Silva Oliveira;MG;Intendente Câmara;MG;147.738;45.348.917
out/25;FCA;Minério de Ferro;Terminal de Patrocínio;MG;Terminal de Fosfatados;MG;331.163;64.130.046
out/25;FCA;Óleo Diesel;Embiruçu;MG;Governador Valadares;MG;895;322.165
out/25;FCA;Outros - adubos e Fertilizantes;Estação TUF;SP;Valefertil;MG;2.724;1.893.176
out/25;FCA;Soja;Brejo Alegre;MG;Tubarão;ES;41.486;58.614.747
out/25;FCA;Soja;Pirapora;MG;Tubarão;ES;3.539;3.748.480
out/25;FCA;Soja;Terminal Integrador Uberaba;MG;Estação TUF;SP;352.143;286.889.328
out/25;FCA;Soja;Terminal Integrador Uberaba;MG;Santos;SP;49.111;39.631.725
out/25;FCA;Soja;Terminal Integrador Uberaba;MG;Tubarão;ES;3.620;5.362.884
out/25;FCA;Toras de Madeira;Prudente de Morais;MG;Aracruz;ES;45.043;31.638.833
out/25;FCA;Ureia;Estação TUF;SP;Valefertil;MG;9.259;6.421.056
out/25;FCA;Veículos;Boa Vista Nova;SP;Pedreira Rio das Velhas;MG;825;1.008.786
out/25;FNSTN;Adubo Fert em Geral a Granel  - Perigoso;Ponta da Madeira;MA;Palmeirante;TO;51.437;49.585.268
out/25;FNSTN;Álcool;Porto Nacional;TO;Itaqui Base Combustível;MA;3.374;4.207.646
out/25;FNSTN;Celulose;Ponta da Madeira;MA;Suzano;MA;80;48.392
out/25;FNSTN;Celulose;Suzano;MA;Pátio Esso;MA;141.600;87.165.278
out/25;FNSTN;Cloreto de Potássio;Ponta da Madeira;MA;Palmeirante;TO;15.231;14.691.021
out/25;FNSTN;Contêiner Cheio de 40 Pés;Porto Nacional;TO;Imperatriz;MA;2.849;1.796.294
out/25;FNSTN;Contêiner Vazio de 40 Pés;Imperatriz;MA;Porto Nacional;TO;5.055;3.187.177
out/25;FNSTN;Contêiner Vazio de 40 Pés;Porto Nacional;TO;Imperatriz;MA;342;215.631
out/25;FNSTN;Gasolina;Itaqui Base Combustível;MA;Palmeirante;TO;158;153.892
out/25;FNSTN;Gasolina;Itaqui Base Combustível;MA;Porto Nacional;TO;9.546;11.891.734
out/25;FNSTN;Grãos - Milho;Palmeirante;TO;Ponta da Madeira Pêra do Píer;MA;391.367;383.184.300
out/25;FNSTN;Grãos - Milho;Porto Nacional;TO;Ponta da Madeira Pêra do Píer;MA;42.943;53.773.058
out/25;FNSTN;Óleo Diesel;Itaqui Base Combustível;MA;Palmeirante;TO;3.915;3.813.210
out/25;FNSTN;Óleo Diesel;Itaqui Base Combustível;MA;Porto Nacional;TO;45.998;57.294.304
out/25;FNSTN;Outros - adubos e Fertilizantes;Ponta da Madeira;MA;Palmeirante;TO;12.643;12.187.852
out/25;FNSTN;Outros - Comb e derivado -  Perigoso;Porto Nacional;TO;Itaqui Base Combustível;MA;4.230;5.268.465
out/25;FNSTN;Prd. Siderúrgicos - Outros;Ponta da Madeira Pêra do Píer;MA;Campinorte;TO;2.165;3.839.638
out/25;FNSTN;Soja;Alvorada;TO;Porto Nacional;TO;6.857;2.208.419
out/25;FNSTN;Soja;Palmeirante;TO;Ponta da Madeira Pêra do Píer;MA;121.634;118.972.181
out/25;FNSTN;Soja;Porto Franco;MA;Ponta da Madeira Pêra do Píer;MA;158.859;115.802.776
out/25;FNSTN;Soja;Porto Nacional;TO;Ponta da Madeira;MA;24.915;30.916.325
out/25;FNSTN;Soja;Porto Nacional;TO;Ponta da Madeira Pêra do Píer;MA;360.692;450.780.257
out/25;FTC;Carvão Mineral;Mina Novo Horizonte;SC;Capivari;SC;69.143;3.820.915
out/25;FTC;Carvão Mineral;Rio Fiorita;SC;Capivari;SC;137.202;10.821.690
out/25;FTC;Carvão Mineral;Sangão;SC;Capivari;SC;1.868;130.855
out/25;FTC;Carvão Mineral;Urussanga;SC;Capivari;SC;40.709;2.628.022
out/25;FTC;Contêiner Cheio de 20 Pés;Eng. Paz Ferreira;SC;Imbituba;SC;29.253;3.118.428
out/25;FTC;Contêiner Cheio de 20 Pés;Imbituba;SC;Eng. Paz Ferreira;SC;41;4.370
out/25;FTC;Contêiner Cheio de 40 Pés;Eng. Paz Ferreira;SC;Imbituba;SC;6.281;669.567
out/25;FTC;Contêiner Cheio de 40 Pés;Imbituba;SC;Eng. Paz Ferreira;SC;973;103.723
out/25;FTC;Contêiner Vazio de 20 Pés;Eng. Paz Ferreira;SC;Imbituba;SC;2;213
out/25;FTC;Contêiner Vazio de 20 Pés;Imbituba;SC;Eng. Paz Ferreira;SC;2.630;280.363
out/25;FTC;Contêiner Vazio de 40 Pés;Eng. Paz Ferreira;SC;Imbituba;SC;71;7.568
out/25;FTC;Contêiner Vazio de 40 Pés;Imbituba;SC;Eng. Paz Ferreira;SC;515;54.900
out/25;FTL;Álcool;Babaçu;MA;Itaqui;MA;1.477;493.539
out/25;FTL;Areia;Aracapé;CE;Crateus;CE;40;17.526
out/25;FTL;Areia;Aracapé;CE;São Luis - Tirirical;MA;40;47.345
out/25;FTL;Areia;Aracapé;CE;Sobral;CE;40;9.223
out/25;FTL;Areia;Aracapé;CE;Teresina;PI;80;58.440
out/25;FTL;Calcário Corretivo;Poty;CE;Pátio ABL;MA;867;830.459
out/25;FTL;Celulose;Pátio Esso;MA;Itaqui;MA;131.832;263.664
out/25;FTL;Cimento acondicionado;Poty;CE;Aracapé;CE;1.684;391.865
out/25;FTL;Cimento acondicionado;Poty;CE;Teresina;PI;17.645;8.857.860
out/25;FTL;Coque;Mucuripe;CE;Poty;CE;1.998;508.267
out/25;FTL;Demais Produtos;Aracapé;CE;Crateus;CE;3;1.314
out/25;FTL;Demais Produtos;Aracapé;CE;Teresina;PI;3;2.191
out/25;FTL;Demais Produtos;Carga Ferro Gusa e Cruz;MA;Babaçu;MA;3.416;925.736
out/25;FTL;Demais Produtos;Carga Ferro Gusa e Cruz;MA;Codó;MA;1.889;431.508
out/25;FTL;Demais Produtos;Carga Ferro Gusa e Cruz;MA;Croatá;CE;80;84.444
out/25;FTL;Demais Produtos;Carga Ferro Gusa e Cruz;MA;Nova Russas;CE;482;360.856
out/25;FTL;Demais Produtos;Crateus;CE;Aracapé;CE;1;438
out/25;FTL;Demais Produtos;Oficina Demostenes Rockert;CE;Teresina;PI;9;6.579
out/25;FTL;Demais Produtos;Pecem;CE;Aracapé;CE;352;21.689
out/25;FTL;Demais Produtos;São Luis - Tirirical;MA;Aracapé;CE;5;5.918
out/25;FTL;Demais Produtos;São Luis - Tirirical;MA;Oficina Demostenes Rockert;CE;13;15.431
out/25;FTL;Demais Produtos;Sobral;CE;Aracapé;CE;1;230
out/25;FTL;Demais Produtos;Teresina;PI;Aracapé;CE;8;5.843
out/25;FTL;Demais Produtos;Teresina;PI;Oficina Demostenes Rockert;CE;13;9.503
out/25;FTL;Dormentes de Madeira;Caxias Nova;MA;Altos;PI;16;1.884
out/25;FTL;Dormentes de Madeira;Caxias Nova;MA;Aracapé;CE;24;19.422
out/25;FTL;Dormentes de Madeira;Caxias Nova;MA;Castelo;PI;28;6.702
out/25;FTL;Dormentes de Madeira;Caxias Nova;MA;Codó;MA;7;608
out/25;FTL;Dormentes de Madeira;Caxias Nova;MA;Coroatá;MA;32;4.497
out/25;FTL;Dormentes de Madeira;Caxias Nova;MA;Crateus;CE;16;5.937
out/25;FTL;Dormentes de Madeira;Caxias Nova;MA;Cristino Cruz Novo;MA;24;747
out/25;FTL;Dormentes de Madeira;Caxias Nova;MA;Croatá;CE;8;5.921
out/25;FTL;Dormentes de Madeira;Caxias Nova;MA;Ibiapaba;CE;4;1.336
out/25;FTL;Dormentes de Madeira;Caxias Nova;MA;Itapecuru Mirim;MA;20;4.997
out/25;FTL;Dormentes de Madeira;Caxias Nova;MA;Itapipoca;CE;8;5.396
out/25;FTL;Dormentes de Madeira;Caxias Nova;MA;Nova Russas;CE;15;6.456
out/25;FTL;Dormentes de Madeira;Caxias Nova;MA;Pirapemas Novo;MA;28;5.383
out/25;FTL;Dormentes de Madeira;Caxias Nova;MA;Reriutaba;CE;8;4.152
out/25;FTL;Dormentes de Madeira;Caxias Nova;MA;São Luis - Tirirical;MA;20;7.545
out/25;FTL;Dormentes de Madeira;Caxias Nova;MA;Sombra;PI;8;1.399
out/25;FTL;Dormentes de Madeira;Codó;MA;Itapecuru Mirim;MA;16;2.607
out/25;FTL;Dormentes de Madeira;Crateus;CE;Aracapé;CE;16;7.010
out/25;FTL;Dormentes de Madeira;Crateus;CE;Croatá;CE;16;5.905
out/25;FTL;Dormentes de Madeira;Crateus;CE;Ibiapaba;CE;6;222
out/25;FTL;Dormentes de Madeira;Crateus;CE;Miraíma;CE;8;2.056
out/25;FTL;Dormentes de Madeira;Crateus;CE;Nova Russas;CE;18;1.067
out/25;FTL;Dormentes de Madeira;Crateus;CE;Reriutaba;CE;20;2.959
out/25;FTL;Dormentes de Madeira;Pecem;CE;Aracapé;CE;101;6.223
out/25;FTL;Dormentes de Madeira;Sobral;CE;Itapipoca;CE;12;1.151
out/25;FTL;Dormentes de Madeira;Teresina;PI;Castelo;PI;19;3.051
out/25;FTL;Dormentes de Madeira;Teresina;PI;Ibiapaba;CE;12;3.063
out/25;FTL;Dormentes de Madeira;Teresina;PI;Sombra;PI;17;1.635
out/25;FTL;Gasolina;Itaqui;MA;Itarare;PI;15.951;7.387.703
out/25;FTL;Gasolina;Itaqui;MA;Teresina;PI;10.070;4.626.317
out/25;FTL;Óleo Diesel;Itaqui;MA;Itarare;PI;10.061;4.659.748
out/25;FTL;Óleo Diesel;Itaqui;MA;Teresina;PI;15.053;6.946.343
out/25;FTL;Óleo Diesel;Teresina;PI;Itaqui;MA;36;16.169
out/25;FTL;Pó de Pedra;Carga Ferro Gusa e Cruz;MA;Altos;PI;134;58.040
out/25;FTL;Prd. Siderúrgicos - Bobina - BF;Aracapé;CE;São Luis - Tirirical;MA;1.562;1.836.137
out/25;FTL;Prd. Siderúrgicos - Bobina - BF;Aracapé;CE;Teresina;PI;2.428;1.773.663
out/25;FTL;Produtos Químicos - Perigoso;Aracapé;CE;Oficina Demostenes Rockert;CE;2;39
out/25;MRS;Açúcar;Itirapina;SP;Santos;SP;25.190;9.895.336
out/25;MRS;Açúcar;Pederneiras;SP;Conceiçãozinha;SP;77.440;40.535.038
out/25;MRS;Açúcar;Pradopolis;SP;Conceiçãozinha;SP;31.115;16.992.834
out/25;MRS;Açúcar;Pradopolis;SP;Santos;SP;81.114;43.724.955
out/25;MRS;Açúcar;Rio Preto Paulista;SP;Santos;SP;56.795;38.085.703
out/25;MRS;Açúcar;Votuporanga;SP;Santos;SP;45.960;35.276.171
out/25;MRS;Areia;Cruzeiro;SP;Mooca;SP;19.963;4.676.053
out/25;MRS;Areia;Cruzeiro;SP;Santo André;SP;7.040;1.749.292
out/25;MRS;Areia;Parque Industrial;MG;Água Branca;SP;11.620;8.935.047
out/25;MRS;Areia;Roseira;SP;Água Branca;SP;11.340;2.092.819
out/25;MRS;Areia;Roseira;SP;Mooca;SP;13.233;2.357.988
out/25;MRS;Bauxita;Barão de Angra;RJ;Alumínio;SP;37.039;25.144.777
out/25;MRS;Calcário Siderúrgico;Itutinga;MG;Volta Redonda;RJ;1.957;404.664
out/25;MRS;Carvão Mineral;Baia Sepetiba;RJ;Volta Redonda;RJ;65.903;7.842.193
out/25;MRS;Carvão Mineral;Curuputuba;SP;Volta Redonda;RJ;3.752;651.118
out/25;MRS;Celulose;Pederneiras;SP;Santos;SP;190.360;99.190.123
out/25;MRS;Celulose;Santos;SP;Pederneiras;SP;188;97.960
out/25;MRS;Celulose;São Silvestre;SP;Barnabé;SP;72.160;7.285.273
out/25;MRS;Cimento a Granel;Barbacena;MG;Santo André;SP;38.238;25.317.991
out/25;MRS;Cimento a Granel;Pedra do Sino;MG;São Bento;SP;57.033;37.164.128
out/25;MRS;Cimento a Granel;Terminal Cimento Barroso;MG;Deodoro;RJ;1.080;385.381
out/25;MRS;Cimento a Granel;Wilson Lobato;MG;Santo André;SP;1.287;1.118.992
out/25;MRS;Cimento acondicionado;Pedra do Sino;MG;Arará;RJ;7.241;3.841.625
out/25;MRS;Cimento acondicionado;Volta Redonda;RJ;Arará;RJ;26.212;3.791.906
out/25;MRS;Cimento acondicionado;Volta Redonda;RJ;Benfica;MG;1.566;339.075
out/25;MRS;Cimento acondicionado;Volta Redonda;RJ;Capuava;SP;646;232.609
out/25;MRS;Cimento acondicionado;Volta Redonda;RJ;Pedrasil;SP;5.436;910.932
out/25;MRS;Cimento acondicionado;Volta Redonda;RJ;São José dos Campos;SP;5.838;1.377.715
out/25;MRS;Cimento acondicionado;Wilson Lobato;MG;Água Branca;SP;2.380;2.021.148
out/25;MRS;Cimento acondicionado;Wilson Lobato;MG;Capuava;SP;4.550;3.918.428
out/25;MRS;Cimento acondicionado;Wilson Lobato;MG;Eng. São Paulo;SP;700;587.485
out/25;MRS;Cimento acondicionado;Wilson Lobato;MG;Mogi das Cruzes;SP;980;816.938
out/25;MRS;Cimento acondicionado;Wilson Lobato;MG;Pedrasil;SP;280;188.400
out/25;MRS;Cimento acondicionado;Wilson Lobato;MG;São José dos Campos;SP;420;309.584
out/25;MRS;Contêiner Cheio de 20 Pés;Arará;RJ;Dias Tavares;MG;7;2.059
out/25;MRS;Contêiner Cheio de 20 Pés;Arará;RJ;Eldorado;MG;9.011;5.790.530
out/25;MRS;Contêiner Cheio de 20 Pés;Arará;RJ;Floriano;RJ;3.010;518.291
out/25;MRS;Contêiner Cheio de 20 Pés;Arará;RJ;Itatiaia;RJ;991;201.103
out/25;MRS;Contêiner Cheio de 20 Pés;Arará;RJ;MultiTerminais;RJ;485;96.461
out/25;MRS;Contêiner Cheio de 20 Pés;Arará;RJ;Suzano Novo;SP;39;18.227
out/25;MRS;Contêiner Cheio de 20 Pés;Barnabé;SP;Curuputuba;SP;1.844;376.190
out/25;MRS;Contêiner Cheio de 20 Pés;Barnabé;SP;Jundiaí;SP;55;7.089
out/25;MRS;Contêiner Cheio de 20 Pés;Brisamar;RJ;Prudente de Morais;MG;25;17.912
out/25;MRS;Contêiner Cheio de 20 Pés;Conceiçãozinha;SP;Eng. Neiva;SP;1.556;377.489
out/25;MRS;Contêiner Cheio de 20 Pés;Conceiçãozinha;SP;Jundiaí;SP;233;31.934
out/25;MRS;Contêiner Cheio de 20 Pés;Cragea;SP;Barnabé;SP;1.738;77.838
out/25;MRS;Contêiner Cheio de 20 Pés;Curuputuba;SP;Barnabé;SP;3.288;670.777
out/25;MRS;Contêiner Cheio de 20 Pés;Curuputuba;SP;Conceiçãozinha;SP;2.227;472.503
out/25;MRS;Contêiner Cheio de 20 Pés;Dias Tavares;MG;Arará;RJ;113;76.955
out/25;MRS;Contêiner Cheio de 20 Pés;Eldorado;MG;Arará;RJ;3.983;2.324.036
out/25;MRS;Contêiner Cheio de 20 Pés;Eldorado;MG;Brisamar;RJ;226;124.782
out/25;MRS;Contêiner Cheio de 20 Pés;Eldorado;MG;Conceiçãozinha;SP;354;284.814
out/25;MRS;Contêiner Cheio de 20 Pés;Final Ramal das Fábricas;SP;Edmar Alves;SP;80;13.035
out/25;MRS;Contêiner Cheio de 20 Pés;Itutinga;MG;Barnabé;SP;5.872;3.294.632
out/25;MRS;Contêiner Cheio de 20 Pés;Itutinga;MG;Brisamar;RJ;251;80.581
out/25;MRS;Contêiner Cheio de 20 Pés;Itutinga;MG;Conceiçãozinha;SP;3.666;2.086.415
out/25;MRS;Contêiner Cheio de 20 Pés;Itutinga;MG;Final Ramal das Fábricas;SP;91;52.383
out/25;MRS;Contêiner Cheio de 20 Pés;Jundiaí;SP;Barnabé;SP;108;13.921
out/25;MRS;Contêiner Cheio de 20 Pés;Jundiaí;SP;Conceiçãozinha;SP;38;5.208
out/25;MRS;Contêiner Cheio de 20 Pés;Parque Industrial;MG;Itaguai;RJ;611;344.643
out/25;MRS;Contêiner Cheio de 20 Pés - Perigoso;Arará;RJ;Dias Tavares;MG;855;251.582
out/25;MRS;Contêiner Cheio de 20 Pés - Perigoso;Conceiçãozinha;SP;Eng. Neiva;SP;1.660;402.720
out/25;MRS;Contêiner Cheio de 40 Pés;Arará;RJ;Dias Tavares;MG;17;5.002
out/25;MRS;Contêiner Cheio de 40 Pés;Arará;RJ;Edmar Alves;SP;1.576;577.213
out/25;MRS;Contêiner Cheio de 40 Pés;Arará;RJ;Eldorado;MG;231;148.438
out/25;MRS;Contêiner Cheio de 40 Pés;Arará;RJ;Floriano;RJ;1.541;265.344
out/25;MRS;Contêiner Cheio de 40 Pés;Arará;RJ;Itatiaia;RJ;124;25.163
out/25;MRS;Contêiner Cheio de 40 Pés;Arará;RJ;Manoel Feio;SP;28;12.714
out/25;MRS;Contêiner Cheio de 40 Pés;Arará;RJ;MultiTerminais;RJ;183;36.396
out/25;MRS;Contêiner Cheio de 40 Pés;Arará;RJ;Suzano Novo;SP;507;236.966
out/25;MRS;Contêiner Cheio de 40 Pés;Barnabé;SP;Conceiçãozinha;SP;2.947;23.458
out/25;MRS;Contêiner Cheio de 40 Pés;Barnabé;SP;Curuputuba;SP;3.806;776.454
out/25;MRS;Contêiner Cheio de 40 Pés;Barnabé;SP;Jundiaí;SP;8.209;1.058.130
out/25;MRS;Contêiner Cheio de 40 Pés;Brisamar;RJ;Floriano;RJ;5.916;837.250
out/25;MRS;Contêiner Cheio de 40 Pés;Brisamar;RJ;Prudente de Morais;MG;27;19.345
out/25;MRS;Contêiner Cheio de 40 Pés;Conceiçãozinha;SP;Curuputuba;SP;1.733;367.692
out/25;MRS;Contêiner Cheio de 40 Pés;Conceiçãozinha;SP;Edmar Alves;SP;939;154.109
out/25;MRS;Contêiner Cheio de 40 Pés;Conceiçãozinha;SP;Eng. Neiva;SP;510;123.727
out/25;MRS;Contêiner Cheio de 40 Pés;Conceiçãozinha;SP;Jundiaí;SP;9.205;1.261.653
out/25;MRS;Contêiner Cheio de 40 Pés;Cragea;SP;Conceiçãozinha;SP;768;41.000
out/25;MRS;Contêiner Cheio de 40 Pés;Curuputuba;SP;Barnabé;SP;879;179.323
out/25;MRS;Contêiner Cheio de 40 Pés;Eldorado;MG;Arará;RJ;29;16.901
out/25;MRS;Contêiner Cheio de 40 Pés;Eldorado;MG;Brisamar;RJ;91;50.244
out/25;MRS;Contêiner Cheio de 40 Pés;Final Ramal das Fábricas;SP;Conceiçãozinha;SP;4.754;186.989
out/25;MRS;Contêiner Cheio de 40 Pés;Final Ramal das Fábricas;SP;Edmar Alves;SP;42;6.843
out/25;MRS;Contêiner Cheio de 40 Pés;Floriano;RJ;Arará;RJ;1.574;271.176
out/25;MRS;Contêiner Cheio de 40 Pés;Floriano;RJ;Brisamar;RJ;132;18.681
out/25;MRS;Contêiner Cheio de 40 Pés;Jundiaí;SP;Barnabé;SP;5.064;652.706
out/25;MRS;Contêiner Cheio de 40 Pés;Jundiaí;SP;Conceiçãozinha;SP;14.401;1.973.678
out/25;MRS;Contêiner Cheio de 40 Pés;Manoel Feio;SP;Arará;RJ;300;136.232
out/25;MRS;Contêiner Cheio de 40 Pés;Manoel Feio;SP;Barnabé;SP;283;19.978
out/25;MRS;Contêiner Cheio de 40 Pés;Manoel Feio;SP;Conceiçãozinha;SP;314;24.730
out/25;MRS;Contêiner Cheio de 40 Pés;Suzano Novo;SP;Barnabé;SP;1.346;74.751
out/25;MRS;Contêiner Cheio de 40 Pés;Suzano Novo;SP;Conceiçãozinha;SP;1.656;105.149
out/25;MRS;Contêiner Cheio de 40 Pés - Perigoso;Conceiçãozinha;SP;Eng. Neiva;SP;1.618;392.531
out/25;MRS;Contêiner Cheio de 40 Pés - Perigoso;Conceiçãozinha;SP;Jundiaí;SP;76;10.368
out/25;MRS;Contêiner Cheio de 40 Pés - Perigoso;Eng. Neiva;SP;Conceiçãozinha;SP;130;31.538
out/25;MRS;Contêiner Vazio de 20 Pés;Arará;RJ;Dias Tavares;MG;9;2.648
out/25;MRS;Contêiner Vazio de 20 Pés;Arará;RJ;Eldorado;MG;155;99.604
out/25;MRS;Contêiner Vazio de 20 Pés;Conceiçãozinha;SP;Curuputuba;SP;198;42.009
out/25;MRS;Contêiner Vazio de 20 Pés;Cragea;SP;Conceiçãozinha;SP;2.603;138.963
out/25;MRS;Contêiner Vazio de 20 Pés;Curuputuba;SP;Conceiçãozinha;SP;44;9.335
out/25;MRS;Contêiner Vazio de 20 Pés;Dias Tavares;MG;Arará;RJ;55;33.968
out/25;MRS;Contêiner Vazio de 20 Pés;Eldorado;MG;Arará;RJ;524;305.599
out/25;MRS;Contêiner Vazio de 20 Pés;Eng. Neiva;SP;Conceiçãozinha;SP;375;90.975
out/25;MRS;Contêiner Vazio de 20 Pés;Final Ramal das Fábricas;SP;Eldorado;MG;108;103.953
out/25;MRS;Contêiner Vazio de 20 Pés;Final Ramal das Fábricas;SP;Itutinga;MG;713;410.161
out/25;MRS;Contêiner Vazio de 20 Pés;Floriano;RJ;Arará;RJ;108;18.596
out/25;MRS;Contêiner Vazio de 20 Pés;Itatiaia;RJ;Arará;RJ;101;20.495
out/25;MRS;Contêiner Vazio de 20 Pés;Nova Granja;MG;Brisamar;RJ;5;3.085
out/25;MRS;Contêiner Vazio de 20 Pés;Suzano Novo;SP;Arará;RJ;16;7.478
out/25;MRS;Contêiner Vazio de 40 Pés;Arará;RJ;Eldorado;MG;34;21.848
out/25;MRS;Contêiner Vazio de 40 Pés;Arará;RJ;Manoel Feio;SP;68;30.879
out/25;MRS;Contêiner Vazio de 40 Pés;Conceiçãozinha;SP;Eng. Neiva;SP;37;8.976
out/25;MRS;Contêiner Vazio de 40 Pés;Conceiçãozinha;SP;Suzano Novo;SP;571;36.256
out/25;MRS;Contêiner Vazio de 40 Pés;Curuputuba;SP;Conceiçãozinha;SP;384;81.473
out/25;MRS;Contêiner Vazio de 40 Pés;Dias Tavares;MG;Arará;RJ;7;4.750
out/25;MRS;Contêiner Vazio de 40 Pés;Edmar Alves;SP;Arará;RJ;160;58.600
out/25;MRS;Contêiner Vazio de 40 Pés;Edmar Alves;SP;Final Ramal das Fábricas;SP;163;26.559
out/25;MRS;Contêiner Vazio de 40 Pés;Edmar Alves;SP;Manoel Feio;SP;44;3.865
out/25;MRS;Contêiner Vazio de 40 Pés;Eng. Neiva;SP;Conceiçãozinha;SP;571;138.526
out/25;MRS;Contêiner Vazio de 40 Pés;Final Ramal das Fábricas;SP;Eldorado;MG;34;32.726
out/25;MRS;Contêiner Vazio de 40 Pés;Floriano;RJ;Arará;RJ;337;58.028
out/25;MRS;Contêiner Vazio de 40 Pés;Floriano;RJ;Brisamar;RJ;541;76.563
out/25;MRS;Contêiner Vazio de 40 Pés;Itatiaia;RJ;Arará;RJ;82;16.640
out/25;MRS;Contêiner Vazio de 40 Pés;Manoel Feio;SP;Arará;RJ;3;1.362
out/25;MRS;Contêiner Vazio de 40 Pés;MultiTerminais;RJ;Brisamar;RJ;384;64.597
out/25;MRS;Contêiner Vazio de 40 Pés;Nova Granja;MG;Brisamar;RJ;7;4.319
out/25;MRS;Contêiner Vazio de 40 Pés;Suzano Novo;SP;Arará;RJ;133;62.162
out/25;MRS;Coque;Baia Sepetiba;RJ;Sarzedo Novo;MG;18.769;10.976.317
out/25;MRS;Coque;Baia Sepetiba;RJ;Volta Redonda;RJ;82.262;9.788.848
out/25;MRS;Coque;Baia Sepetiba;RJ;Wilson Lobato;MG;2.448;1.721.242
out/25;MRS;Coque;Curuputuba;SP;Ouro Branco;MG;21.159;12.733.972
out/25;MRS;Coque;Vespasiano;MG;Ouro Branco;MG;5.655;1.252.876
out/25;MRS;Escória;Ouro Branco;MG;Wilson Lobato;MG;11.530;2.858.194
out/25;MRS;Ferro Gusa;Cel. João Carlos Guedes;MG;Arará;RJ;2.479;1.113.695
out/25;MRS;Ferro Gusa;Prudente de Morais;MG;Arará;RJ;33.368;22.997.535
out/25;MRS;Ferro Gusa;Prudente de Morais;MG;Dias Tavares;MG;2.016;1.541.022
out/25;MRS;Ferro Gusa;São Bento;SP;Arará;RJ;7.663;3.322.776
out/25;MRS;Ferro Gusa;Sarzedo Novo;MG;Arará;RJ;102.034;56.253.703
out/25;MRS;Ferro Gusa;Sarzedo Novo;MG;Itaguai;RJ;12.642;6.675.127
out/25;MRS;Ferro Gusa;Sarzedo Novo;MG;Volta Redonda;RJ;2.498;1.014.227
out/25;MRS;Grãos - Milho;Pederneiras;SP;Conceiçãozinha;SP;50.397;26.528.320
out/25;MRS;Grãos - Milho;Pederneiras;SP;Santos;SP;118.704;61.797.860
out/25;MRS;Minério de Ferro;Baia Sepetiba;RJ;Volta Redonda;RJ;25.000;2.974.900
out/25;MRS;Minério de Ferro;Carlos Newlands;MG;Baia Sepetiba;RJ;73.626;37.676.412
out/25;MRS;Minério de Ferro;Carlos Newlands;MG;Brisamar;RJ;331.754;168.108.708
out/25;MRS;Minério de Ferro;Carlos Newlands;MG;Porto Sudeste;RJ;108.300;55.203.433
out/25;MRS;Minério de Ferro;Casa de Pedra;MG;Baia Sepetiba;RJ;1.898.414;837.411.297
out/25;MRS;Minério de Ferro;Casa de Pedra;MG;Volta Redonda;RJ;161.384;51.984.207
out/25;MRS;Minério de Ferro;Cel. João Carlos Guedes;MG;Guaiba;RJ;57.966;25.835.736
out/25;MRS;Minério de Ferro;Curuputuba;SP;Volta Redonda;RJ;65.951;11.445.400
out/25;MRS;Minério de Ferro;Dr. Joaquim Murtinho;MG;Baia Sepetiba;RJ;272.517;124.272.929
out/25;MRS;Minério de Ferro;Dr. Joaquim Murtinho;MG;Brisamar;RJ;234.831;105.913.242
out/25;MRS;Minério de Ferro;Dr. Joaquim Murtinho;MG;Porto Sudeste;RJ;195.310;88.674.449
out/25;MRS;Minério de Ferro;Itutinga;MG;Baia Sepetiba;RJ;22.571;7.353.044
out/25;MRS;Minério de Ferro;Itutinga;MG;Volta Redonda;RJ;145.454;30.076.715
out/25;MRS;Minério de Ferro;Olhos D Água;MG;Baia Sepetiba;RJ;266.145;146.642.435
out/25;MRS;Minério de Ferro;Olhos D Água;MG;Guaiba;RJ;466.293;267.235.782
out/25;MRS;Minério de Ferro;Otavio Dapieve;MG;Baia Sepetiba;RJ;769.337;372.803.784
out/25;MRS;Minério de Ferro;Otavio Dapieve;MG;Guaiba;RJ;1.360.075;689.147.282
out/25;MRS;Minério de Ferro;Otavio Dapieve;MG;Siderúrgica do Atlântico;RJ;261.265;129.477.185
out/25;MRS;Minério de Ferro;Otavio Dapieve;MG;Volta Redonda;RJ;37.869;13.844.224
out/25;MRS;Minério de Ferro;Ouro Branco;MG;Siderúrgica do Atlântico;RJ;14.099;6.719.498
out/25;MRS;Minério de Ferro;Pires;MG;Baia Sepetiba;RJ;1.427.763;647.367.732
out/25;MRS;Minério de Ferro;Pires;MG;Guaiba;RJ;326.975;155.487.729
out/25;MRS;Minério de Ferro;Pires;MG;Siderúrgica do Atlântico;RJ;262.385;121.855.267
out/25;MRS;Minério de Ferro;Sarzedo;MG;Baia Sepetiba;RJ;116.006;61.298.613
out/25;MRS;Minério de Ferro;Sarzedo;MG;Brisamar;RJ;154.307;80.765.671
out/25;MRS;Minério de Ferro;Sarzedo;MG;Guaiba;RJ;59.473;32.741.611
out/25;MRS;Minério de Ferro;Sarzedo;MG;Porto Sudeste;RJ;298.850;158.790.361
out/25;MRS;Minério de Ferro;Sarzedo;MG;Siderúrgica do Atlântico;RJ;28.442;15.482.061
out/25;MRS;Minério de Ferro;Sarzedo Novo;MG;Baia Sepetiba;RJ;213.317;111.993.984
out/25;MRS;Minério de Ferro;Sarzedo Novo;MG;Brisamar;RJ;64.001;33.281.288
out/25;MRS;Minério de Ferro;Sarzedo Novo;MG;Porto Sudeste;RJ;838.724;438.662.715
out/25;MRS;Minério de Ferro;Viga;MG;Baia Sepetiba;RJ;24.100;10.528.615
out/25;MRS;Minério de Ferro;Viga;MG;Congonhas do Campo;MG;6.272;66.351
out/25;MRS;Minério de Ferro;Viga;MG;Guaiba;RJ;223.865;102.752.244
out/25;MRS;Minério de Ferro Especial - MRS distancia menor 100 km;Otavio Dapieve;MG;Ouro Branco;MG;19.834;1.889.367
out/25;MRS;Minério de Ferro Especial - MRS distancia menor 100 km;Viga;MG;Ouro Branco;MG;5.593;160.642
out/25;MRS;Óleo Diesel;Embiruçu;MG;Cel. João Carlos Guedes;MG;3.266;473.716
out/25;MRS;Outras - Carga Geral Não Conteinerizada;Arará;RJ;Prudente de Morais;MG;1.785;1.333.675
out/25;MRS;Outros Graneis Minerais;Arará;RJ;Dias Tavares;MG;6.708;1.973.822
out/25;MRS;Outros Graneis Minerais;Arará;RJ;Terminal Paraibuna de Metais;MG;11.759;3.466.701
out/25;MRS;Outros Graneis Minerais;Dias Tavares;MG;Prudente de Morais;MG;6.708;3.043.298
out/25;MRS;Prd. Siderúrgicos - Bobina - BF;Lafaiete Bandeira;MG;Boa Vista Velha;SP;5.989;4.738.137
out/25;MRS;Prd. Siderúrgicos - Bobina - BF;Lafaiete Bandeira;MG;Replan;SP;299;243.922
out/25;MRS;Prd. Siderúrgicos - Bobina - BF;Lafaiete Bandeira;MG;São Caetano do Sul;SP;286;195.944
out/25;MRS;Prd. Siderúrgicos - Bobina - BF;Lafaiete Bandeira;MG;Usiminas;SP;3.167;1.705.109
out/25;MRS;Prd. Siderúrgicos - Bobina - BF;Ouro Branco;MG;Caçapava;SP;2.178;1.168.958
out/25;MRS;Prd. Siderúrgicos - Bobina - BF;Ouro Branco;MG;Horto Florestal;MG;681;120.688
out/25;MRS;Prd. Siderúrgicos - Bobina - BF;Ouro Branco;MG;Ipiranga;SP;140;93.540
out/25;MRS;Prd. Siderúrgicos - Bobina - BF;Ouro Branco;MG;Parque Industrial;MG;20.141;3.236.940
out/25;MRS;Prd. Siderúrgicos - Bobina - BF;Ouro Branco;MG;Pulverizacao;RJ;567;217.217
out/25;MRS;Prd. Siderúrgicos - Bobina - BF;Ouro Branco;MG;São Bento;SP;18.316;11.215.764
out/25;MRS;Prd. Siderúrgicos - Bobina - BF;Ouro Branco;MG;São Caetano do Sul;SP;2.458;1.652.594
out/25;MRS;Prd. Siderúrgicos - Bobina - BF;Parque Industrial;MG;Boa Vista Velha;SP;1.655;1.438.017
out/25;MRS;Prd. Siderúrgicos - Bobina - BF;Piaçaguera;SP;Barbará;RJ;625;227.239
out/25;MRS;Prd. Siderúrgicos - Bobina - BF;Piaçaguera;SP;Ipiranga;SP;1.882;99.092
out/25;MRS;Prd. Siderúrgicos - Bobina - BF;Piaçaguera;SP;São Caetano do Sul;SP;483;23.407
out/25;MRS;Prd. Siderúrgicos - Bobina - BF;Piaçaguera;SP;Utinga;SP;17.423;781.578
out/25;MRS;Prd. Siderúrgicos - Bobina - BF;Volta Redonda;RJ;Ipiranga;SP;1.266;436.446
out/25;MRS;Prd. Siderúrgicos - Bobina - BQ;Brisamar;RJ;Floriano;RJ;120;17.074
out/25;MRS;Prd. Siderúrgicos - Bobina - BQ;Horto Florestal;MG;Piaçaguera;SP;637;511.957
out/25;MRS;Prd. Siderúrgicos - Bobina - BQ;Horto Florestal;MG;Usiminas;SP;647;415.711
out/25;MRS;Prd. Siderúrgicos - Bobina - BQ;Lafaiete Bandeira;MG;Barbará;RJ;5.876;2.081.619
out/25;MRS;Prd. Siderúrgicos - Bobina - BQ;Lafaiete Bandeira;MG;Cruzeiro;SP;1.712;759.602
out/25;MRS;Prd. Siderúrgicos - Bobina - BQ;Lafaiete Bandeira;MG;Ipiranga;SP;3.239;2.205.530
out/25;MRS;Prd. Siderúrgicos - Bobina - BQ;Lafaiete Bandeira;MG;Manoel Feio;SP;2.632;1.699.295
out/25;MRS;Prd. Siderúrgicos - Bobina - BQ;Lafaiete Bandeira;MG;Pinheirinho;SP;490;312.892
out/25;MRS;Prd. Siderúrgicos - Bobina - BQ;Lafaiete Bandeira;MG;Replan;SP;1.503;1.226.136
out/25;MRS;Prd. Siderúrgicos - Bobina - BQ;Lafaiete Bandeira;MG;Usiminas;SP;2.105;1.133.329
out/25;MRS;Prd. Siderúrgicos - Bobina - BQ;Parque Industrial;MG;Barbará;RJ;420;181.444
out/25;MRS;Prd. Siderúrgicos - Bobina - BQ;Parque Industrial;MG;Cruzeiro;SP;1.146;597.577
out/25;MRS;Prd. Siderúrgicos - Bobina - BQ;Parque Industrial;MG;Utinga;SP;568;435.358
out/25;MRS;Prd. Siderúrgicos - Bobina - BQ;Piaçaguera;SP;Cruzeiro;SP;1.033;379.234
out/25;MRS;Prd. Siderúrgicos - Bobina - BQ;Piaçaguera;SP;Horto Florestal;MG;475;453.409
out/25;MRS;Prd. Siderúrgicos - Bobina - BQ;Piaçaguera;SP;Ipiranga;SP;1.364;71.818
out/25;MRS;Prd. Siderúrgicos - Bobina - BQ;Piaçaguera;SP;Replan;SP;4.238;812.462
out/25;MRS;Prd. Siderúrgicos - Bobina - BQ;Volta Redonda;RJ;Brisamar;RJ;3.147;358.745
out/25;MRS;Prd. Siderúrgicos - Fio Máquina;Dias Tavares;MG;Caçapava;SP;4.517;2.992.858
out/25;MRS;Prd. Siderúrgicos - Fio Máquina;Dias Tavares;MG;Parque Industrial;MG;772;268.760
out/25;MRS;Prd. Siderúrgicos - Fio Máquina;Dias Tavares;MG;Pinheirinho;SP;350;284.617
out/25;MRS;Prd. Siderúrgicos - Fio Máquina;Itaguai;RJ;São Bento;SP;6.109;2.510.469
out/25;MRS;Prd. Siderúrgicos - Fio Máquina;Ouro Branco;MG;Brisamar;RJ;512;235.824
out/25;MRS;Prd. Siderúrgicos - Fio Máquina;Ouro Branco;MG;Caçapava;SP;10.964;5.884.510
out/25;MRS;Prd. Siderúrgicos - Outros;Barbará;RJ;Brisamar;RJ;249;29.661
out/25;MRS;Prd. Siderúrgicos - Outros;Barbará;RJ;Cruzeiro;SP;1.148;117.533
out/25;MRS;Prd. Siderúrgicos - Outros;Barbará;RJ;Volta Redonda;RJ;574;2.942
out/25;MRS;Prd. Siderúrgicos - Outros;Brisamar;RJ;Eldorado;MG;1.504;920.363
out/25;MRS;Prd. Siderúrgicos - Outros;Brisamar;RJ;Pulverizacao;RJ;1.108;89.471
out/25;MRS;Prd. Siderúrgicos - Outros;Brisamar;RJ;São Bento;SP;2.353;948.131
out/25;MRS;Prd. Siderúrgicos - Outros;Brisamar;RJ;Volta Redonda;RJ;20.356;2.320.502
out/25;MRS;Prd. Siderúrgicos - Outros;Caçapava;SP;Itaguai;RJ;76;25.483
out/25;MRS;Prd. Siderúrgicos - Outros;Caçapava;SP;Ouro Branco;MG;213;137.462
out/25;MRS;Prd. Siderúrgicos - Outros;Dias Tavares;MG;Parque Industrial;MG;1.566;545.180
out/25;MRS;Prd. Siderúrgicos - Outros;Eldorado;MG;Pinheirinho;SP;705;513.956
out/25;MRS;Prd. Siderúrgicos - Outros;Floriano;RJ;Ipiranga;SP;198;63.348
out/25;MRS;Prd. Siderúrgicos - Outros;Horto Florestal;MG;Piaçaguera;SP;363;291.743
out/25;MRS;Prd. Siderúrgicos - Outros;Itaguai;RJ;Caçapava;SP;1.438;483.985
out/25;MRS;Prd. Siderúrgicos - Outros;Itaguai;RJ;Parque Industrial;MG;2.167;1.341.251
out/25;MRS;Prd. Siderúrgicos - Outros;Lafaiete Bandeira;MG;Curuputuba;SP;4.826;2.459.928
out/25;MRS;Prd. Siderúrgicos - Outros;Lafaiete Bandeira;MG;Manoel Feio;SP;16.468;10.632.218
out/25;MRS;Prd. Siderúrgicos - Outros;Lafaiete Bandeira;MG;Piaçaguera;SP;3.600;3.412.047
out/25;MRS;Prd. Siderúrgicos - Outros;Lafaiete Bandeira;MG;Utinga;SP;11.311;7.790.156
out/25;MRS;Prd. Siderúrgicos - Outros;Manoel Feio;SP;Volta Redonda;RJ;5.081;1.572.284
out/25;MRS;Prd. Siderúrgicos - Outros;Ouro Branco;MG;Brisamar;RJ;1.903;876.510
out/25;MRS;Prd. Siderúrgicos - Outros;Ouro Branco;MG;Caçapava;SP;8.380;4.497.646
out/25;MRS;Prd. Siderúrgicos - Outros;Ouro Branco;MG;Eng. Cesar de Souza;SP;2.524;1.669.037
out/25;MRS;Prd. Siderúrgicos - Outros;Ouro Branco;MG;Itutinga;MG;14.220;1.988.240
out/25;MRS;Prd. Siderúrgicos - Outros;Ouro Branco;MG;Parque Industrial;MG;7.709;1.238.944
out/25;MRS;Prd. Siderúrgicos - Outros;Ouro Branco;MG;São Bento;SP;1.433;877.494
out/25;MRS;Prd. Siderúrgicos - Outros;Ouro Branco;MG;São Caetano do Sul;SP;486;326.753
out/25;MRS;Prd. Siderúrgicos - Outros;Parque Industrial;MG;Barreiro;MG;1.006;4.205
out/25;MRS;Prd. Siderúrgicos - Outros;Piaçaguera;SP;Curuputuba;SP;809;157.893
out/25;MRS;Prd. Siderúrgicos - Outros;Piaçaguera;SP;Manoel Feio;SP;8.968;553.854
out/25;MRS;Prd. Siderúrgicos - Outros;Pulverizacao;RJ;Volta Redonda;RJ;1.532;52.103
out/25;MRS;Prd. Siderúrgicos - Outros;São Bento;SP;São Caetano do Sul;SP;203;12.176
out/25;MRS;Prd. Siderúrgicos - Outros;Saudade;RJ;Caçapava;SP;777;156.731
out/25;MRS;Prd. Siderúrgicos - Outros;Saudade;RJ;Eldorado;MG;72;41.936
out/25;MRS;Prd. Siderúrgicos - Outros;Saudade;RJ;Floriano;RJ;1.904;30.323
out/25;MRS;Prd. Siderúrgicos - Outros;Saudade;RJ;Pinheirinho;SP;5.113;1.486.717
out/25;MRS;Prd. Siderúrgicos - Outros;Siderúrgica do Atlântico;RJ;Piaçaguera;SP;127.839;64.072.778
out/25;MRS;Prd. Siderúrgicos - Outros;Volta Redonda;RJ;Arará;RJ;60;8.679
out/25;MRS;Prd. Siderúrgicos - Outros;Volta Redonda;RJ;Barbará;RJ;11.152;57.176
out/25;MRS;Prd. Siderúrgicos - Outros;Volta Redonda;RJ;Brisamar;RJ;2.402;273.818
out/25;MRS;Prd. Siderúrgicos - Outros;Volta Redonda;RJ;Caçapava;SP;3.299;703.722
out/25;MRS;Prd. Siderúrgicos - Outros;Volta Redonda;RJ;Cruzeiro;SP;60;6.450
out/25;MRS;Prd. Siderúrgicos - Outros;Volta Redonda;RJ;Floriano;RJ;4.503;123.954
out/25;MRS;Prd. Siderúrgicos - Outros;Volta Redonda;RJ;Manoel Feio;SP;39.951;12.362.597
out/25;MRS;Prd. Siderúrgicos - Outros;Volta Redonda;RJ;Mogi das Cruzes;SP;7.700;2.560.211
out/25;MRS;Prd. Siderúrgicos - Outros;Volta Redonda;RJ;Pulverizacao;RJ;12.074;410.636
out/25;MRS;Prd. Siderúrgicos - Placa;Arará;RJ;Curuputuba;SP;1.186;377.387
out/25;MRS;Prd. Siderúrgicos - Placa;Arará;RJ;MultiTerminais;RJ;7.074;1.412.366
out/25;MRS;Prd. Siderúrgicos - Placa;Brisamar;RJ;Edmar Alves;SP;2.608;896.859
out/25;MRS;Prd. Siderúrgicos - Placa;Cel. João Carlos Guedes;MG;Barreiro;MG;17.701;2.272.277
out/25;MRS;Prd. Siderúrgicos - Placa;Dias Tavares;MG;Parque Industrial;MG;2.736;952.500
out/25;MRS;Prd. Siderúrgicos - Placa;Horto Florestal;MG;Itaguai;RJ;2.092;1.214.541
out/25;MRS;Prd. Siderúrgicos - Placa;Ouro Branco;MG;Caçapava;SP;3.240;1.738.945
out/25;MRS;Prd. Siderúrgicos - Placa;Ouro Branco;MG;Itaguai;RJ;8.249;3.865.431
out/25;MRS;Prd. Siderúrgicos - Placa;Ouro Branco;MG;Itutinga;MG;797;113.421
out/25;MRS;Prd. Siderúrgicos - Placa;Ouro Branco;MG;Manoel Feio;SP;544;344.266
out/25;MRS;Prd. Siderúrgicos - Placa;Ouro Branco;MG;Parque Industrial;MG;2.737;439.873
out/25;MRS;Prd. Siderúrgicos - Placa;Ouro Branco;MG;Pinheirinho;SP;5.410;3.385.414
out/25;MRS;Prd. Siderúrgicos - Placa;Ouro Branco;MG;Roseira;SP;204;99.338
out/25;MRS;Prd. Siderúrgicos - Placa;Ouro Branco;MG;São Bento;SP;667;408.436
out/25;MRS;Prd. Siderúrgicos - Placa;Ouro Branco;MG;Volta Redonda;RJ;4.559;1.580.140
out/25;MRS;Prd. Siderúrgicos - Placa;Parque Industrial;MG;Itaguai;RJ;2.559;1.443.442
out/25;MRS;Prd. Siderúrgicos - Placa;Piaçaguera;SP;Siderúrgica do Atlântico;RJ;952;475.864
out/25;MRS;Prd. Siderúrgicos - Placa;Siderúrgica do Atlântico;RJ;Eldorado;MG;2.627;1.649.608
out/25;MRS;Prd. Siderúrgicos - Tubos;Arará;RJ;Curuputuba;SP;270;85.914
out/25;MRS;Prd. Siderúrgicos - Tubos;Barreiro;MG;Arará;RJ;6.171;3.564.505
out/25;MRS;Prd. Siderúrgicos - Tubos;Barreiro;MG;Eldorado;MG;8.077;41.830
out/25;MRS;Prd. Siderúrgicos - Tubos;Cel. João Carlos Guedes;MG;Arará;RJ;3.967;1.782.182
out/25;MRS;Prd. Siderúrgicos - Tubos;Cel. João Carlos Guedes;MG;Barreiro;MG;11.427;1.466.883
out/25;MRS;Prd. Siderúrgicos - Tubos;Curuputuba;SP;Arará;RJ;1.810;575.945
out/25;MRS;Prd. Siderúrgicos - Tubos;Eldorado;MG;Barreiro;MG;3.962;20.519
out/25;MRS;Prd. Siderúrgicos - Vergalhões;Itaguai;RJ;Caçapava;SP;691;231.699
out/25;MRS;Prd. Siderúrgicos - Vergalhões;Volta Redonda;RJ;Eldorado;MG;1.440;822.021
out/25;MRS;Prd. Siderúrgicos - Vergalhões;Volta Redonda;RJ;Manoel Feio;SP;6.750;2.088.747
out/25;MRS;Sucata;Itaguai;RJ;Ouro Branco;MG;964;460.056
out/25;MRS;Veículos;Parque Industrial;MG;Piaçaguera;SP;390;305.232
out/25;RMC;Açúcar;Iturama;MG;Conceiçãozinha;SP;16.388;14.875.467
out/25;RMC;Açúcar;Iturama;MG;Santos;SP;98.873;89.033.405
out/25;RMC;Adubo Orgânico a Granel;Conceiçãozinha;SP;Rio Verde;GO;20.528;24.917.938
out/25;RMC;Adubo Orgânico a Granel;Cubatão;SP;Rio Verde;GO;3.812;4.575.387
out/25;RMC;Bauxita;Santa Isabel;TO;Alumínio;SP;85.867;124.368.131
out/25;RMC;Cloreto de Potássio;Cubatão;SP;Rio Verde;GO;3.264;3.917.645
out/25;RMC;Contêiner Cheio de 40 Pés;Santa Isabel;TO;Alumínio;SP;6.199;8.987.440
out/25;RMC;Contêiner Vazio de 40 Pés;Anápolis;GO;Tutóia;SP;876;935.946
out/25;RMC;Contêiner Vazio de 40 Pés;Porto Nacional;TO;Sumaré;SP;159;319.363
out/25;RMC;Ureia;Conceiçãozinha;SP;Rio Verde;GO;1.550;1.869.338
out/25;RMN;Açúcar;Chapadao do Sul;MS;Conceiçãozinha;SP;2.712;3.237.980
out/25;RMN;Açúcar;Chapadao do Sul;MS;Santos;SP;70.973;84.396.803
out/25;RMN;Álcool;Chapadao do Sul;MS;Replan;SP;47.990;45.153.458
out/25;RMN;Álcool;Rondonópolis;MT;Replan;SP;144.159;201.915.188
out/25;RMN;Álcool;T. Olacyr F. Morais;MS;Replan;SP;2.620;2.757.463
out/25;RMN;Celulose;Aparecida do Taboado;MS;Barnabé;SP;213.440;197.730.716
out/25;RMN;Celulose;Chapadao do Sul;MS;Barnabé;SP;139.888;166.477.771
out/25;RMN;Celulose;Chapadao do Sul;MS;Santos;SP;67.104;79.959.717
out/25;RMN;Contêiner cheio 53 pés;Rondonópolis;MT;Boa Vista Nova;SP;89;122.288
out/25;RMN;Contêiner Cheio de 20 Pés;Rondonópolis;MT;Cubatão;SP;10.080;16.411.076
out/25;RMN;Contêiner Cheio de 20 Pés;Rondonópolis;MT;Sumaré;SP;761;1.040.626
out/25;RMN;Contêiner Cheio de 40 Pés;Rondonópolis;MT;Boa Vista Nova;SP;71.812;98.623.528
out/25;RMN;Contêiner Cheio de 40 Pés;Rondonópolis;MT;Cubatão;SP;78.703;128.135.015
out/25;RMN;Contêiner Vazio de 40 Pés;Rondonópolis;MT;Boa Vista Nova;SP;126;172.640
out/25;RMN;Farelo de Soja;Alto Araguaia;MT;Santos;SP;97.021;135.816.720
out/25;RMN;Farelo de Soja;Rondonópolis;MT;Santos;SP;269.953;443.387.252
out/25;RMN;Grãos - Milho;Alto Araguaia;MT;Conceiçãozinha;SP;34.207;48.233.007
out/25;RMN;Grãos - Milho;Chapadao do Sul;MS;Conceiçãozinha;SP;20.599;24.611.625
out/25;RMN;Grãos - Milho;Chapadao do Sul;MS;Santos;SP;57.162;67.975.947
out/25;RMN;Grãos - Milho;Rondonópolis;MT;Conceiçãozinha;SP;513.149;845.710.605
out/25;RMN;Grãos - Milho;Rondonópolis;MT;Santos;SP;750.599;1.236.336.405
out/25;RMN;Óleo Diesel;Rondonópolis;MT;Replan;SP;12.763;17.798.515
out/25;RMN;Óleo Diesel;T. Olacyr F. Morais;MS;Replan;SP;2.851;3.000.586
out/25;RMN;Soja;Itiquira;MT;Conceiçãozinha;SP;170.960;259.990.091
out/25;RMN;Soja;Itiquira;MT;Santos;SP;15.035;22.766.996
out/25;RMN;Soja;Rondonópolis;MT;Conceiçãozinha;SP;70.201;115.640.088
out/25;RMN;Soja;Rondonópolis;MT;Santos;SP;352.187;579.338.735
out/25;RMP;Açúcar;Fernandopolis;SP;Conceiçãozinha;SP;23.927;19.445.746
out/25;RMP;Açúcar;Fernandopolis;SP;Santos;SP;47.841;38.476.185
out/25;RMP;Açúcar;Santa Adélia;SP;Santos;SP;65.265;37.818.330
out/25;RMP;Açúcar;Votuporanga;SP;Santos;SP;23.214;17.776.258
out/25;RMP;Adubo Orgânico a Granel;Conceiçãozinha;SP;Rondonópolis;MT;180.905;299.114.077
out/25;RMP;Adubo Orgânico a Granel;Cubatão;SP;Rondonópolis;MT;2.312;3.764.127
out/25;RMP;Adubo Orgânico a Granel;Estação TUF;SP;Rondonópolis;MT;13.613;22.267.068
out/25;RMP;Adubo Orgânico a Granel;Santos;SP;Rondonópolis;MT;95;156.926
out/25;RMP;Cloreto de Potássio;Cubatão;SP;Rondonópolis;MT;7.593;12.362.034
out/25;RMP;Cloreto de Potássio;Santos;SP;Rondonópolis;MT;43.651;71.903.198
out/25;RMP;Contêiner Cheio de 20 Pés;Cubatão;SP;Rondonópolis;MT;31;50.470
out/25;RMP;Contêiner Cheio de 40 Pés;Boa Vista Nova;SP;Rondonópolis;MT;76;104.139
out/25;RMP;Contêiner Cheio de 40 Pés;Boa Vista Velha;SP;Rondonópolis;MT;33.381;45.694.014
out/25;RMP;Contêiner Cheio de 40 Pés;Cubatão;SP;Rondonópolis;MT;6.415;10.444.152
out/25;RMP;Contêiner Cheio de 40 Pés;Sumaré;SP;Porto Nacional;TO;3.963;7.959.986
out/25;RMP;Contêiner Vazio de 20 Pés;Boa Vista Velha;SP;Rondonópolis;MT;56;76.656
out/25;RMP;Contêiner Vazio de 20 Pés;Cubatão;SP;Rondonópolis;MT;1.559;2.543.383
out/25;RMP;Contêiner Vazio de 40 Pés;Boa Vista Velha;SP;Rondonópolis;MT;7.321;10.021.446
out/25;RMP;Contêiner Vazio de 40 Pés;Cubatão;SP;Rondonópolis;MT;14.785;24.120.544
out/25;RMP;Contêiner Vazio de 40 Pés;Sumaré;SP;Porto Nacional;TO;571;1.146.896
out/25;RMP;Farelo de Soja;Rio Verde;GO;Santos;SP;92.961;111.868.801
out/25;RMP;Farelo de Soja;São Simão;GO;Santos;SP;29.887;29.566.192
out/25;RMP;Gasolina;Replan;SP;Rio Verde;GO;1.757;1.673.910
out/25;RMP;Gasolina;Replan;SP;Rondonópolis;MT;10.462;14.578.920
out/25;RMP;Gasolina;Replan;SP;T. Olacyr F. Morais;MS;876;921.961
out/25;RMP;Grãos - Milho;Conceiçãozinha;SP;Rondonópolis;MT;13.691;22.698.117
out/25;RMP;Grãos - Milho;Rio Verde;GO;Conceiçãozinha;SP;152.912;184.960.986
out/25;RMP;Grãos - Milho;Rio Verde;GO;Santos;SP;361.423;434.234.322
out/25;RMP;Óleo Diesel;Replan;SP;Rio Verde;GO;10.081;9.604.266
out/25;RMP;Óleo Diesel;Replan;SP;Rondonópolis;MT;114.275;159.258.601
out/25;RMP;Óleo Diesel;Replan;SP;T. Olacyr F. Morais;MS;4.360;4.588.755
out/25;RMP;Soja;Rio Verde;GO;Conceiçãozinha;SP;18.842;22.799.912
out/25;RMP;Soja;São Simão;GO;Conceiçãozinha;SP;87.078;86.349.412
out/25;RMP;Soja;São Simão;GO;Santos;SP;579;570.667
out/25;RMP;Ureia;Conceiçãozinha;SP;Rondonópolis;MT;30.336;50.046.381
out/25;RMP;Ureia;Cubatão;SP;Rondonópolis;MT;16.200;26.423.755
out/25;RMP;Ureia;Estação TUF;SP;Rondonópolis;MT;13.134;21.483.559
out/25;RMP;Ureia;Santos;SP;Rondonópolis;MT;11.492;18.983.209
out/25;RMS;Açúcar;Londrina;PR;D Pedro II;PR;30.236;19.079.157
out/25;RMS;Açúcar;Marialva;PR;D Pedro II;PR;176.261;109.314.708
out/25;RMS;Açúcar;Maringa;PR;D Pedro II;PR;151.945;99.031.282
out/25;RMS;Açúcar;Rolandia;PR;D Pedro II;PR;62.867;38.785.688
out/25;RMS;Adubo Fert em Geral a Granel  - Perigoso;D Pedro II;PR;Cará-Cará;PR;6.464;1.550.584
out/25;RMS;Adubo Orgânico a Granel;D Pedro II;PR;Cará-Cará;PR;406;97.390
out/25;RMS;Adubo Orgânico a Granel;D Pedro II;PR;Maringa;PR;4.919;3.206.017
out/25;RMS;Adubo Orgânico a Granel;km 5;PR;Cará-Cará;PR;4.252;1.001.571
out/25;RMS;Adubo Orgânico a Granel;km 5;PR;Maringa;PR;60;38.845
out/25;RMS;Adubo Orgânico a Granel;Rio Grande;RS;Cruz Alta;RS;15.428;11.384.967
out/25;RMS;Adubo Orgânico a Granel;São Francisco do Sul;SC;Maringa;PR;695;527.108
out/25;RMS;Álcool;Eng. Vicente Montanha;PR;Araucária Terminal;PR;12.563;6.453.235
out/25;RMS;Álcool;Londrina;PR;Araucária Terminal;PR;12.146;6.146.115
out/25;RMS;Álcool;Sarandi;PR;Araucária Terminal;PR;6.500;3.321.050
out/25;RMS;Calcário Corretivo;Tranqueira;PR;Maringa;PR;15.872;9.313.689
out/25;RMS;Celulose;Ortigueira;PR;km 5;PR;40.768;18.635.012
out/25;RMS;Cimento acondicionado;Apiai;SP;Londrina;PR;13.588;7.851.051
out/25;RMS;Cimento acondicionado;Apiai;SP;Uvaranas;PR;20.980;4.081.071
out/25;RMS;Cimento acondicionado;Rio Branco do Sul;PR;Cascavel;PR;10.640;7.293.741
out/25;RMS;Cimento acondicionado;Rio Branco do Sul;PR;Londrina;PR;10.812;6.289.459
out/25;RMS;Cimento acondicionado;Rio Branco do Sul;PR;Maringa;PR;22.650;13.645.719
out/25;RMS;Cloreto de Potássio;km 5;PR;Cará-Cará;PR;885;208.464
out/25;RMS;Cloreto de Potássio;km 5;PR;Cascavel;PR;1.578;1.152.695
out/25;RMS;Cloreto de Potássio;km 5;PR;Maringa;PR;855;553.555
out/25;RMS;Cloreto de Potássio;Rio Grande;RS;Cruz Alta;RS;3.552;2.621.169
out/25;RMS;Cloreto de Potássio;São Francisco do Sul;SC;Cascavel;PR;515;433.356
out/25;RMS;Contêiner Cheio de 40 Pés;Cambe;PR;D Pedro II;PR;50.452;31.475.388
out/25;RMS;Contêiner Cheio de 40 Pés;Cascavel;PR;D Pedro II;PR;36.493;26.815.018
out/25;RMS;Contêiner Cheio de 40 Pés;Ortigueira;PR;D Pedro II;PR;64.070;29.563.371
out/25;RMS;Contêiner Vazio de 40 Pés;D Pedro II;PR;Cambe;PR;11.933;7.444.616
out/25;RMS;Contêiner Vazio de 40 Pés;D Pedro II;PR;Cascavel;PR;8.048;5.913.661
out/25;RMS;Contêiner Vazio de 40 Pés;D Pedro II;PR;Ortigueira;PR;16.256;7.500.892
out/25;RMS;Farelo de Soja;Cruz Alta;RS;Rio Grande;RS;41.926;30.938.991
out/25;RMS;Farelo de Soja;Desvio Ribas;PR;D Pedro II;PR;69.690;16.038.865
out/25;RMS;Farelo de Soja;Ijuí;RS;Rio Grande;RS;17.319;13.706.963
out/25;RMS;Farelo de Soja;Londrina;PR;D Pedro II;PR;3.022;1.906.918
out/25;RMS;Farelo de Soja;Maringa;PR;D Pedro II;PR;7.042;4.589.672
out/25;RMS;Fosfato;Rio Grande;RS;Cruz Alta;RS;1.116;823.543
out/25;RMS;Gasolina;Araucária Terminal;PR;Eng. Vicente Montanha;PR;8.261;4.243.427
out/25;RMS;Gasolina;Araucária Terminal;PR;Londrina;PR;7.446;3.767.823
out/25;RMS;Gasolina;Araucária Terminal;PR;Sarandi;PR;2.647;1.352.434
out/25;RMS;Gasolina;D Pedro II;PR;Araucária Terminal;PR;341;42.620
out/25;RMS;Gasolina;D Pedro II;PR;Sarandi;PR;623;393.488
out/25;RMS;Grãos - Cevada;km 5;PR;Guarapuava;PR;2.774;1.338.124
out/25;RMS;Grãos - Milho;Cascavel;PR;D Pedro II;PR;16.194;11.899.399
out/25;RMS;Grãos - Milho;Londrina;PR;D Pedro II;PR;119.581;75.457.023
out/25;RMS;Grãos - Milho;Londrina;PR;São Francisco do Sul;SC;23.817;17.569.284
out/25;RMS;Grãos - Milho;Marialva;PR;São Francisco do Sul;SC;55.276;40.177.698
out/25;RMS;Grãos - Milho;Maringa;PR;D Pedro II;PR;208.847;136.118.246
out/25;RMS;Grãos - Milho;Maringa;PR;São Francisco do Sul;SC;59.504;45.129.500
out/25;RMS;Grãos - Milho;Rolandia;PR;D Pedro II;PR;28.262;17.428.420
out/25;RMS;Grãos - Milho;Rolandia;PR;São Francisco do Sul;SC;41.897;30.212.799
out/25;RMS;Óleo Diesel;Araucária Terminal;PR;Eng. Vicente Montanha;PR;38.141;19.591.886
out/25;RMS;Óleo Diesel;Araucária Terminal;PR;Londrina;PR;20.305;10.274.733
out/25;RMS;Óleo Diesel;Araucária Terminal;PR;Sarandi;PR;3.181;1.625.270
out/25;RMS;Óleo Diesel;D Pedro II;PR;Araucária Terminal;PR;42.345;5.292.615
out/25;RMS;Óleo Diesel;D Pedro II;PR;Londrina;PR;3.563;2.248.281
out/25;RMS;Óleo Diesel;D Pedro II;PR;Sarandi;PR;3.122;1.971.851
out/25;RMS;Outros - adubos e Fertilizantes;D Pedro II;PR;Cascavel;PR;289;212.358
out/25;RMS;Prd. Siderúrgicos - Bobina - BF;São Francisco do Sul;SC;Araucária Carga;PR;2.039;638.000
out/25;RMS;Soja;Cacequi;RS;Rio Grande;RS;9.370;4.518.100
out/25;RMS;Soja;Cascavel;PR;D Pedro II;PR;21.364;15.698.325
out/25;RMS;Soja;Cruz Alta;RS;Rio Grande;RS;92.095;67.960.764
out/25;RMS;Soja;Ijuí;RS;Rio Grande;RS;2.245;1.776.777
out/25;RMS;Soja;J.De Castilhos;RS;Rio Grande;RS;33.212;21.874.588
out/25;RMS;Soja;Londrina;PR;D Pedro II;PR;1.890;1.192.605
out/25;RMS;Soja;Marialva;PR;D Pedro II;PR;32.124;19.922.854
out/25;RMS;Soja;Marialva;PR;São Francisco do Sul;SC;10.339;7.514.964
out/25;RMS;Soja;Maringa;PR;D Pedro II;PR;36.124;23.544.197
out/25;RMS;Soja;Maringa;PR;São Francisco do Sul;SC;114.942;87.175.124
out/25;RMS;Soja;Rolandia;PR;D Pedro II;PR;3.930;2.425.189
out/25;RMS;Soja;Rolandia;PR;São Francisco do Sul;SC;14.920;10.719.094
out/25;RMS;Soja;Santo Ângelo;RS;Rio Grande;RS;9.836;8.320.835
out/25;RMS;Soja;São Francisco do Sul;SC;Maringa;PR;55;41.713
out/25;RMS;Soja;Tigre;RS;Rio Grande;RS;4.774;2.664.035
out/25;RMS;Soja;Tupancireta;RS;Rio Grande;RS;18.947;12.939.379
out/25;RMS;Ureia;São Francisco do Sul;SC;Maringa;PR;1.108;840.337
nov/25;EFC;Carvão Mineral;Ponta da Madeira;MA;Paraupebas;PA;20.720;17.839.920
nov/25;EFC;Cobre;Paraupebas;PA;Ponta da Madeira Cobre;MA;85.973;74.968.456
nov/25;EFC;Ferro Gusa;Açailândia;MA;Ponta da Madeira Pêra do Píer;MA;26.629;13.998.864
nov/25;EFC;Ferro Gusa;Marabá;PA;Ponta da Madeira Pêra do Píer;MA;43.597;32.728.266
nov/25;EFC;Gasolina;Itaqui Base Combustível;MA;Açailândia;MA;7.940;4.152.620
nov/25;EFC;Gasolina;Itaqui Base Combustível;MA;Marabá;PA;10.419;7.794.394
nov/25;EFC;Minério de Ferro;Açailândia;MA;Ponta da Madeira;MA;44.308;22.730.004
nov/25;EFC;Minério de Ferro;Carajás;PA;Açailândia;MA;115.658;43.718.724
nov/25;EFC;Minério de Ferro;Carajás;PA;Marabá;PA;18.918;2.894.454
nov/25;EFC;Minério de Ferro;Carajás;PA;Ponta da Madeira;MA;7.110.767;6.348.029.245
nov/25;EFC;Minério de Ferro;Marabá;PA;Açailândia;MA;5.986;1.346.850
nov/25;EFC;Minério de Ferro;Marabá;PA;Ponta da Madeira;MA;11.160;8.236.080
nov/25;EFC;Minério de Ferro;Serra Leste;PA;Açailândia;MA;23.316;7.422.462
nov/25;EFC;Minério de Ferro;Serra Leste;PA;Ponta da Madeira;MA;884.387;735.228.056
nov/25;EFC;Minério de Ferro;Serra Sul;PA;Ponta da Madeira;MA;6.804.580;6.439.759.247
nov/25;EFC;Óleo Diesel;Itaqui Base Combustível;MA;Açailândia;MA;24.623;12.877.829
nov/25;EFC;Óleo Diesel;Itaqui Base Combustível;MA;Marabá;PA;46.442;34.738.616
nov/25;EFPO;Cimento acondicionado;Agrária;PR;Cascavel;PR;6.372;1.533.090
nov/25;EFPO;Soja;Cascavel;PR;Agrária;PR;18.186;4.375.513
nov/25;EFVM;Antracito;Tubarão;ES;Intendente Câmara;MG;53.539;23.188.329
nov/25;EFVM;Carvão Mineral;Tubarão;ES;Bela Vista de Minas;MG;8.315;4.356.178
nov/25;EFVM;Carvão Mineral;Tubarão;ES;Intendente Câmara;MG;97.889;43.178.247
nov/25;EFVM;Carvão Mineral;Tubarão;ES;Ouro Branco;MG;131.131;87.972.640
nov/25;EFVM;Celulose;Frederico Selow;MG;Aracruz;ES;64.482;23.895.288
nov/25;EFVM;Cloreto de Potássio;Tubarão;ES;Brejo Alegre;MG;31.853;45.047.181
nov/25;EFVM;Contêiner Cheio de 20 Pés;Tubarão;ES;Batista Almeida;MG;362;355.525
nov/25;EFVM;Contêiner Cheio de 20 Pés;Tubarão;ES;Nova Granja;MG;6.579;4.516.713
nov/25;EFVM;Coque;Pedro Nolasco;ES;Prudente de Morais;MG;7.319;5.273.376
nov/25;EFVM;Coque;Tubarão;ES;Prudente de Morais;MG;39.099;28.303.499
nov/25;EFVM;Coque Metalúrgico;Tubarão;ES;Bela Vista de Minas;MG;28.969;15.176.685
nov/25;EFVM;Ferro Gusa;Aroaba;ES;Pedro Nolasco;ES;10.201;245.568
nov/25;EFVM;Ferro Gusa;Funil;MG;Pedro Nolasco;ES;1.375;881.405
nov/25;EFVM;Ferro Gusa;Funil;MG;Tubarão;ES;9.310;5.981.471
nov/25;EFVM;Minério de Ferro;Barão de Cocais;MG;Intendente Câmara;MG;30.802;5.179.571
nov/25;EFVM;Minério de Ferro;Barão de Cocais;MG;Tubarão;ES;61.435;36.938.899
nov/25;EFVM;Minério de Ferro;Bicas;MG;Tubarão;ES;134.896;73.343.898
nov/25;EFVM;Minério de Ferro;Brucutu;MG;Tubarão;ES;2.380.608;1.390.881.690
nov/25;EFVM;Minério de Ferro;Capitão Eduardo;MG;Intendente Câmara;MG;74.163;16.014.011
nov/25;EFVM;Minério de Ferro;Capitão Eduardo;MG;Tubarão;ES;20.903;13.703.630
nov/25;EFVM;Minério de Ferro;Conceição;MG;Tubarão;ES;1.469.391;798.613.235
nov/25;EFVM;Minério de Ferro;Congonhas do Campo;MG;Tubarão;ES;25.117;17.442.375
nov/25;EFVM;Minério de Ferro;Fábrica Muro;MG;Tubarão;ES;126.460;85.559.800
nov/25;EFVM;Minério de Ferro;Fazendão;MG;Tubarão;ES;1.184.262;704.836.173
nov/25;EFVM;Minério de Ferro;João Correia;MG;Tubarão;ES;153.211;65.104.714
nov/25;EFVM;Minério de Ferro;João Paulo;MG;Tubarão;ES;830.629;450.251.963
nov/25;EFVM;Minério de Ferro;Mário Carvalho;MG;Tubarão;ES;123.835;55.346.195
nov/25;EFVM;Minério de Ferro;Ouro Branco;MG;Mário Carvalho;MG;17.783;3.977.116
nov/25;EFVM;Minério de Ferro;Ouro Branco;MG;Tubarão;ES;55.004;37.314.823
nov/25;EFVM;Minério de Ferro;Pátio 206;MG;Intendente Câmara;MG;12.673;2.077.345
nov/25;EFVM;Minério de Ferro;Pátio 206;MG;Tubarão;ES;354.468;211.774.056
nov/25;EFVM;Minério de Ferro;Timbopeba;MG;Intendente Câmara;MG;17.278;3.202.580
nov/25;EFVM;Minério de Ferro;Timbopeba;MG;Tubarão;ES;1.394.203;857.682.337
nov/25;EFVM;Minério de Ferro;Tubarão;ES;Intendente Câmara;MG;37.527;16.552.933
nov/25;EFVM;Minério de Ferro;Tubarão;ES;Mário Carvalho;MG;6.403;2.861.724
nov/25;EFVM;Minério de Ferro;Tubarão;ES;Pedro Nolasco;ES;1.048;28.521
nov/25;EFVM;Outros - adubos e Fertilizantes;Tubarão;ES;Brejo Alegre;MG;355;502.048
nov/25;EFVM;Prd. Siderúrgicos - Bobina - BF;Capitão Eduardo;MG;Tubarão;ES;1.061;695.572
nov/25;EFVM;Prd. Siderúrgicos - Bobina - BF;Intendente Câmara;MG;Capitão Eduardo;MG;26.905;5.835.083
nov/25;EFVM;Prd. Siderúrgicos - Bobina - BF;Intendente Câmara;MG;Carreira Comprida;MG;4.545;1.015.489
nov/25;EFVM;Prd. Siderúrgicos - Bobina - BF;Intendente Câmara;MG;Couto e Silva;MG;2.246;570.382
nov/25;EFVM;Prd. Siderúrgicos - Bobina - BF;Intendente Câmara;MG;Embiruçu;MG;35.766;8.851.626
nov/25;EFVM;Prd. Siderúrgicos - Bobina - BF;Intendente Câmara;MG;Horto Florestal;MG;9.886;2.174.482
nov/25;EFVM;Prd. Siderúrgicos - Bobina - BF;Intendente Câmara;MG;Lafaiete Bandeira;MG;23.113;5.149.087
nov/25;EFVM;Prd. Siderúrgicos - Bobina - BF;Intendente Câmara;MG;Tubarão;ES;8.890;3.850.785
nov/25;EFVM;Prd. Siderúrgicos - Bobina - BF;Mário Carvalho;MG;Capitão Eduardo;MG;3.352;678.995
nov/25;EFVM;Prd. Siderúrgicos - Bobina - BF;Ouro Branco;MG;Tubarão;ES;2.024;1.373.312
nov/25;EFVM;Prd. Siderúrgicos - Bobina - BF;Tubarão;ES;Lafaiete Bandeira;MG;11.281;7.485.099
nov/25;EFVM;Prd. Siderúrgicos - Bobina - BF;Tubarão;ES;Nova Granja;MG;2.825;1.939.461
nov/25;EFVM;Prd. Siderúrgicos - Bobina - BF;Tubarão;ES;Parque Industrial;MG;1.501;1.008.641
nov/25;EFVM;Prd. Siderúrgicos - Fio Máquina;João Monlevade;MG;Aracruz;ES;1.743;873.277
nov/25;EFVM;Prd. Siderúrgicos - Fio Máquina;João Monlevade;MG;Capitão Eduardo;MG;7.790;960.935
nov/25;EFVM;Prd. Siderúrgicos - Fio Máquina;João Monlevade;MG;Dr. Lund;MG;3.430;556.711
nov/25;EFVM;Prd. Siderúrgicos - Fio Máquina;João Monlevade;MG;Governador Valadares;MG;4.172;851.672
nov/25;EFVM;Prd. Siderúrgicos - Fio Máquina;João Monlevade;MG;Nova Granja;MG;3.053;466.177
nov/25;EFVM;Prd. Siderúrgicos - Fio Máquina;João Monlevade;MG;Parque Industrial;MG;5.416;785.379
nov/25;EFVM;Prd. Siderúrgicos - Fio Máquina;João Monlevade;MG;Pedro Nolasco;ES;9.353;4.944.949
nov/25;EFVM;Prd. Siderúrgicos - Fio Máquina;Ouro Branco;MG;Tubarão;ES;3.384;2.270.243
nov/25;EFVM;Prd. Siderúrgicos - Outros;Intendente Câmara;MG;Capitão Eduardo;MG;7.631;1.655.217
nov/25;EFVM;Prd. Siderúrgicos - Outros;Intendente Câmara;MG;Lafaiete Bandeira;MG;10.824;2.420.170
nov/25;EFVM;Prd. Siderúrgicos - Outros;Intendente Câmara;MG;Tubarão;ES;18.683;8.091.915
nov/25;EFVM;Prd. Siderúrgicos - Outros;Ouro Branco;MG;Pedro Nolasco;ES;1.166;784.629
nov/25;EFVM;Prd. Siderúrgicos - Outros;Ouro Branco;MG;Tubarão;ES;20.449;13.873.897
nov/25;EFVM;Prd. Siderúrgicos - Placa;Intendente Câmara;MG;Lafaiete Bandeira;MG;4.606;1.026.055
nov/25;EFVM;Prd. Siderúrgicos - Placa;Ouro Branco;MG;Tubarão;ES;16.471;11.173.959
nov/25;EFVM;Prd. Siderúrgicos - Placa;Tubarão;ES;Divinopolis;MG;2.116;1.721.624
nov/25;EFVM;Prd. Siderúrgicos - Tarugo;João Monlevade;MG;Parque Industrial;MG;2.349;341.370
nov/25;EFVM;Prd. Siderúrgicos - Tarugo;Ouro Branco;MG;Tubarão;ES;32.125;21.551.891
nov/25;EFVM;Prd. Siderúrgicos - Tarugo;Pedro Nolasco;ES;João Monlevade;MG;1.165;616.339
nov/25;EFVM;Toras de Madeira;Desembargador Drumond;MG;Frederico Selow;MG;26.009;2.825.461
nov/25;EFVM;Toras de Madeira;Eng. Costa Lacerda;MG;Frederico Selow;MG;24.800;4.235.096
nov/25;EFVM;Ureia;Tubarão;ES;Brejo Alegre;MG;52.471;74.205.588
nov/25;EFVM;Veículos;Frederico Selow;MG;Intendente Câmara;MG;1;36
nov/25;FCA;Açúcar;Guará;SP;Conceiçãozinha;SP;6.252;4.068.525
nov/25;FCA;Açúcar;Guará;SP;Estação TUF;SP;262.146;167.343.937
nov/25;FCA;Açúcar;Guará;SP;Santos;SP;18.284;11.788.298
nov/25;FCA;Açúcar;Ribeirão Preto;SP;Santos;SP;74.514;41.387.903
nov/25;FCA;Açúcar;Terminal Integrador Uberaba;MG;Estação TUF;SP;101.932;83.096.921
nov/25;FCA;Adubo Orgânico a Granel;Estação TUF;SP;Valefertil;MG;4.129;2.854.361
nov/25;FCA;Areia;Pedreira Rio das Velhas;MG;Capitão Eduardo;MG;60.187;393.141
nov/25;FCA;Areia;Roncador Novo;GO;Brasília;DF;3.735;913.457
nov/25;FCA;Bauxita;Bauxita;MG;Alumínio;SP;23.600;6.603.162
nov/25;FCA;Calcário Britado;Terminal Siderúrgico;MG;Calcario;RJ;74.795;36.014.390
nov/25;FCA;Calcário Corretivo;Matozinhos;MG;Tubarão;ES;21.626;15.289.192
nov/25;FCA;Calcário Siderúrgico;Matozinhos;MG;Intendente Câmara;MG;34.479;9.442.798
nov/25;FCA;Calcário Siderúrgico;Matozinhos;MG;Tubarão;ES;1.997;1.411.843
nov/25;FCA;Calcário Siderúrgico;Nova Granja;MG;Tubarão;ES;23.514;16.148.744
nov/25;FCA;Celulose;LD Celulose;MG;Aracruz;ES;31.296;42.159.655
nov/25;FCA;Clínquer;Terminal Siderúrgico;MG;Calcario;RJ;24.111;11.609.639
nov/25;FCA;Cloreto de Potássio;Estação TUF;SP;Valefertil;MG;5.945;4.113.261
nov/25;FCA;Cloreto de Potássio;Fosfago;GO;Final Ramal das Fábricas;SP;30.369;31.038.089
nov/25;FCA;Contêiner Cheio de 20 Pés;Batista Almeida;MG;Calcario;RJ;2.147;1.024.779
nov/25;FCA;Contêiner Cheio de 20 Pés;Batista Almeida;MG;Tubarão;ES;9.401;9.202.370
nov/25;FCA;Contêiner Cheio de 20 Pés;Nova Granja;MG;Tubarão;ES;34.149;23.444.481
nov/25;FCA;Cromita;Campo Formoso;BA;Irapui;BA;1.667;642.441
nov/25;FCA;Cromita;Itiuba;BA;Irapui;BA;24.870;7.510.217
nov/25;FCA;Demais Produtos;Embiruçu;MG;Tubarão;ES;19.423;13.363.995
nov/25;FCA;Demais Produtos;Nova Granja;MG;Tubarão;ES;5.504;3.748.014
nov/25;FCA;Dolomita;Terminal Siderúrgico;MG;Calcario;RJ;32.913;15.847.871
nov/25;FCA;Enxofre;Estação TUF;SP;Fosfago;GO;7.441;7.729.947
nov/25;FCA;Enxofre;Estação TUF;SP;Valefertil;MG;75.827;52.418.899
nov/25;FCA;Farelo de Soja;Brejo Alegre;MG;Estação TUF;SP;8.968;8.488.354
nov/25;FCA;Farelo de Soja;Brejo Alegre;MG;Santos;SP;39.093;35.915.246
nov/25;FCA;Farelo de Soja;Ipameri;GO;Santos;SP;16.470;17.023.564
nov/25;FCA;Ferro Gusa;Paulo Menicucci;MG;Tubarão;ES;4.715;3.915.208
nov/25;FCA;Ferro Gusa;Prudente de Morais;MG;Tubarão;ES;447;324.564
nov/25;FCA;Fosfato;Catalão;GO;Valefertil;MG;55.274;16.750.398
nov/25;FCA;Gasolina;Embiruçu;MG;Governador Valadares;MG;2.822;1.013.015
nov/25;FCA;Grãos - Milho;Brejo Alegre;MG;Tubarão;ES;196.272;277.571.977
nov/25;FCA;Grãos - Milho;Terminal Integrador Uberaba;MG;Conceiçãozinha;SP;55.333;46.252.071
nov/25;FCA;Grãos - Milho;Terminal Integrador Uberaba;MG;Santos;SP;61.522;51.460.333
nov/25;FCA;Magnesita;Catiboaba;BA;Parque Industrial;MG;8.412;8.621.267
nov/25;FCA;Magnesita;Catiboaba;BA;Porto de Aratu;BA;13.640;8.269.140
nov/25;FCA;Minério de Ferro;Prudente de Morais;MG;Tubarão;ES;9.013;6.544.294
nov/25;FCA;Minério de Ferro;Silva Oliveira;MG;Intendente Câmara;MG;168.124;51.606.502
nov/25;FCA;Minério de Ferro;Terminal de Patrocínio;MG;Terminal de Fosfatados;MG;330.713;64.042.903
nov/25;FCA;Óleo Diesel;Embiruçu;MG;Governador Valadares;MG;1.191;427.929
nov/25;FCA;Outros - adubos e Fertilizantes;Estação TUF;SP;Valefertil;MG;4.001;2.780.690
nov/25;FCA;Prd. Siderúrgicos - Outros;Horto Florestal;MG;Tubarão;ES;1.435;948.606
nov/25;FCA;Soja;Brejo Alegre;MG;Tubarão;ES;615;869.745
nov/25;FCA;Soja;Terminal Integrador Uberaba;MG;Estação TUF;SP;339.017;275.375.360
nov/25;FCA;Soja;Terminal Integrador Uberaba;MG;Santos;SP;36.815;29.709.037
nov/25;FCA;Soja;Terminal Integrador Uberaba;MG;Tubarão;ES;2.322;3.439.949
nov/25;FCA;Ureia;Estação TUF;SP;Valefertil;MG;8.468;5.885.251
nov/25;FCA;Veículos;Boa Vista Nova;SP;Pedreira Rio das Velhas;MG;840;1.027.127
nov/25;FNSTN;Adubo Fert em Geral a Granel  - Perigoso;Ponta da Madeira;MA;Palmeirante;TO;60.505;58.326.820
nov/25;FNSTN;Álcool;Porto Nacional;TO;Itaqui Base Combustível;MA;3.050;3.803.685
nov/25;FNSTN;Álcool;Porto Nacional;TO;Ponta da Madeira;MA;86;106.714
nov/25;FNSTN;Celulose;Suzano;MA;Pátio Esso;MA;134.800;82.979.375
nov/25;FNSTN;Cloreto de Potássio;Ponta da Madeira;MA;Palmeirante;TO;8.651;8.339.564
nov/25;FNSTN;Contêiner Cheio de 40 Pés;Porto Nacional;TO;Imperatriz;MA;4.268;2.690.974
nov/25;FNSTN;Contêiner Vazio de 40 Pés;Imperatriz;MA;Porto Nacional;TO;2.261;1.425.560
nov/25;FNSTN;Contêiner Vazio de 40 Pés;Porto Nacional;TO;Imperatriz;MA;88;55.484
nov/25;FNSTN;Gasolina;Itaqui Base Combustível;MA;Palmeirante;TO;819;797.706
nov/25;FNSTN;Gasolina;Itaqui Base Combustível;MA;Porto Nacional;TO;8.954;11.154.844
nov/25;FNSTN;Grãos - Milho;Palmeirante;TO;Ponta da Madeira Pêra do Píer;MA;217.638;213.274.202
nov/25;FNSTN;Grãos - Milho;Porto Franco;MA;Ponta da Madeira Pêra do Píer;MA;10.210;7.464.245
nov/25;FNSTN;Grãos - Milho;Porto Nacional;TO;Ponta da Madeira Pêra do Píer;MA;18.928;23.626.997
nov/25;FNSTN;Óleo Diesel;Itaqui Base Combustível;MA;Palmeirante;TO;7.308;7.117.992
nov/25;FNSTN;Óleo Diesel;Itaqui Base Combustível;MA;Porto Nacional;TO;35.490;44.204.215
nov/25;FNSTN;Outros - adubos e Fertilizantes;Ponta da Madeira;MA;Palmeirante;TO;6.014;5.797.496
nov/25;FNSTN;Outros - Comb e derivado -  Perigoso;Porto Nacional;TO;Itaqui Base Combustível;MA;5.529;6.887.346
nov/25;FNSTN;Soja;Palmeirante;TO;Ponta da Madeira Pêra do Píer;MA;137.089;134.014.862
nov/25;FNSTN;Soja;Porto Franco;MA;Ponta da Madeira Pêra do Píer;MA;18.053;13.178.563
nov/25;FNSTN;Soja;Porto Nacional;TO;Ponta da Madeira;MA;1.904;2.362.620
nov/25;FNSTN;Soja;Porto Nacional;TO;Ponta da Madeira Pêra do Píer;MA;255.071;318.747.488
nov/25;FTC;Carvão Mineral;Mina Novo Horizonte;SC;Capivari;SC;62.793;3.470.003
nov/25;FTC;Carvão Mineral;Rio Fiorita;SC;Capivari;SC;123.405;9.733.463
nov/25;FTC;Carvão Mineral;Sangão;SC;Capivari;SC;836;58.562
nov/25;FTC;Carvão Mineral;Urussanga;SC;Capivari;SC;35.881;2.316.346
nov/25;FTC;Contêiner Cheio de 20 Pés;Eng. Paz Ferreira;SC;Imbituba;SC;29.880;3.185.267
nov/25;FTC;Contêiner Cheio de 20 Pés;Imbituba;SC;Eng. Paz Ferreira;SC;15;1.599
nov/25;FTC;Contêiner Cheio de 40 Pés;Eng. Paz Ferreira;SC;Imbituba;SC;4.713;502.415
nov/25;FTC;Contêiner Cheio de 40 Pés;Imbituba;SC;Eng. Paz Ferreira;SC;5.794;617.651
nov/25;FTC;Contêiner Vazio de 20 Pés;Imbituba;SC;Eng. Paz Ferreira;SC;2.528;269.489
nov/25;FTC;Contêiner Vazio de 40 Pés;Eng. Paz Ferreira;SC;Imbituba;SC;58;6.182
nov/25;FTC;Contêiner Vazio de 40 Pés;Imbituba;SC;Eng. Paz Ferreira;SC;243;25.904
nov/25;FTL;Areia;Aracapé;CE;Coroatá;MA;40;37.992
nov/25;FTL;Areia;Aracapé;CE;Teresina;PI;40;29.220
nov/25;FTL;Celulose;Pátio Esso;MA;Itaqui;MA;139.120;278.240
nov/25;FTL;Cimento acondicionado;Poty;CE;Aracapé;CE;2.331;542.421
nov/25;FTL;Cimento acondicionado;Poty;CE;Teresina;PI;16.850;8.458.767
nov/25;FTL;Coque;Mucuripe;CE;Poty;CE;7.964;2.025.946
nov/25;FTL;Demais Produtos;AMV km 26 Itaqui;MA;Ajugaiaba;MA;40;7.462
nov/25;FTL;Demais Produtos;Aracapé;CE;Cana Brava;PI;305;157.228
nov/25;FTL;Demais Produtos;Carga Ferro Gusa e Cruz;MA;AMV km 26 Itaqui;MA;40;1.326
nov/25;FTL;Demais Produtos;Carga Ferro Gusa e Cruz;MA;Babaçu;MA;723;195.933
nov/25;FTL;Demais Produtos;Carga Ferro Gusa e Cruz;MA;Catanhede Novo;MA;362;35.114
nov/25;FTL;Demais Produtos;Caxias Nova;MA;Timon;MA;6;429
nov/25;FTL;Demais Produtos;Oficina Demostenes Rockert;CE;Teresina;PI;20;14.620
nov/25;FTL;Demais Produtos;São Luis - Tirirical;MA;Aracapé;CE;1;1.183
nov/25;FTL;Demais Produtos;Teresina;PI;Aracapé;CE;6;4.382
nov/25;FTL;Demais Produtos;Teresina;PI;Caxias Nova;MA;12;945
nov/25;FTL;Demais Produtos;Teresina;PI;Oficina Demostenes Rockert;CE;4;2.924
nov/25;FTL;Dormente de Concreto;Carga Ferro Gusa e Cruz;MA;Teresina;PI;508;201.086
nov/25;FTL;Dormentes de Madeira;Caxias Nova;MA;Água Branca;PI;19;5.243
nov/25;FTL;Dormentes de Madeira;Caxias Nova;MA;Altos;PI;9;1.059
nov/25;FTL;Dormentes de Madeira;Caxias Nova;MA;Castelo;PI;12;2.872
nov/25;FTL;Dormentes de Madeira;Caxias Nova;MA;Codó;MA;12;1.043
nov/25;FTL;Dormentes de Madeira;Caxias Nova;MA;Pirapemas;MA;12;2.343
nov/25;FTL;Dormentes de Madeira;Caxias Nova;MA;São Luis - Tirirical;MA;9;3.395
nov/25;FTL;Dormentes de Madeira;Caxias Nova;MA;Sombra;PI;5;874
nov/25;FTL;Dormentes de Madeira;Crateus;CE;Água Branca;PI;48;4.565
nov/25;FTL;Dormentes de Madeira;Crateus;CE;Aracapé;CE;8;3.505
nov/25;FTL;Dormentes de Madeira;Crateus;CE;Cariré;CE;24;4.195
nov/25;FTL;Dormentes de Madeira;Crateus;CE;Cristino Cruz Novo;MA;20;6.798
nov/25;FTL;Dormentes de Madeira;Crateus;CE;Croatá;CE;8;2.952
nov/25;FTL;Dormentes de Madeira;Crateus;CE;Ibiapaba;CE;6;222
nov/25;FTL;Dormentes de Madeira;Crateus;CE;Itapipoca;CE;20;6.069
nov/25;FTL;Dormentes de Madeira;Crateus;CE;Miraíma;CE;36;9.256
nov/25;FTL;Dormentes de Madeira;Crateus;CE;Morro Alegre;PI;64;10.933
nov/25;FTL;Dormentes de Madeira;Crateus;CE;Nova Russas;CE;8;474
nov/25;FTL;Dormentes de Madeira;Crateus;CE;Reriutaba;CE;16;2.367
nov/25;FTL;Dormentes de Madeira;Pirapemas Novo;MA;Coroatá;MA;2;103
nov/25;FTL;Gasolina;Itaqui;MA;Itarare;PI;12.770;5.914.424
nov/25;FTL;Gasolina;Itaqui;MA;Teresina;PI;9.724;4.469.448
nov/25;FTL;Óleo Diesel;Itaqui;MA;Itarare;PI;9.805;4.541.182
nov/25;FTL;Óleo Diesel;Itaqui;MA;Teresina;PI;13.382;6.154.881
nov/25;FTL;Pó de Pedra;Carga Ferro Gusa e Cruz;MA;AMV km 26 Itaqui;MA;179;5.933
nov/25;FTL;Prd. Siderúrgicos - Bobina - BF;Aracapé;CE;Teresina;PI;10.191;7.444.564
nov/25;FTL;Prd. Siderúrgicos - Outros;Itapipoca;CE;Oficina Demostenes Rockert;CE;33;4.460
nov/25;FTL;Produtos Químicos - Perigoso;Teresina;PI;Oficina Demostenes Rockert;CE;33;24.123
nov/25;MRS;Açúcar;Pederneiras;SP;Conceiçãozinha;SP;76.793;40.196.373
nov/25;MRS;Açúcar;Pederneiras;SP;Estação TUF;SP;6.205;3.157.960
nov/25;MRS;Açúcar;Pradopolis;SP;Conceiçãozinha;SP;50.708;27.693.159
nov/25;MRS;Açúcar;Pradopolis;SP;Santos;SP;58.120;31.347.600
nov/25;MRS;Açúcar;Rio Preto Paulista;SP;Santos;SP;40.895;27.423.450
nov/25;MRS;Açúcar;Votuporanga;SP;Santos;SP;38.167;29.226.609
nov/25;MRS;Areia;Cruzeiro;SP;Mooca;SP;20.579;4.833.091
nov/25;MRS;Areia;Cruzeiro;SP;Santo André;SP;6.084;1.511.746
nov/25;MRS;Areia;Parque Industrial;MG;Água Branca;SP;5.040;3.868.053
nov/25;MRS;Areia;Roseira;SP;Água Branca;SP;14.742;2.720.665
nov/25;MRS;Areia;Roseira;SP;Mooca;SP;8.062;1.436.567
nov/25;MRS;Bauxita;Barão de Angra;RJ;Alumínio;SP;34.016;23.092.543
nov/25;MRS;Calcário Siderúrgico;Itutinga;MG;Volta Redonda;RJ;4.283;885.630
nov/25;MRS;Carvão Mineral;Baia Sepetiba;RJ;Volta Redonda;RJ;87.042;10.357.649
nov/25;MRS;Carvão Mineral;Curuputuba;SP;Volta Redonda;RJ;3.935;682.875
nov/25;MRS;Celulose;Pederneiras;SP;Santos;SP;174.040;90.686.326
nov/25;MRS;Celulose;São Silvestre;SP;Barnabé;SP;71.544;7.223.082
nov/25;MRS;Cimento a Granel;Barbacena;MG;Santo André;SP;45.259;29.966.708
nov/25;MRS;Cimento a Granel;Pedra do Sino;MG;São Bento;SP;48.420;31.551.682
nov/25;MRS;Cimento a Granel;Terminal Cimento Barroso;MG;Deodoro;RJ;4.946;1.764.905
nov/25;MRS;Cimento acondicionado;Pedra do Sino;MG;Arará;RJ;5.549;2.943.955
nov/25;MRS;Cimento acondicionado;Volta Redonda;RJ;Arará;RJ;23.886;3.455.420
nov/25;MRS;Cimento acondicionado;Volta Redonda;RJ;Benfica;MG;2.450;530.481
nov/25;MRS;Cimento acondicionado;Volta Redonda;RJ;Capuava;SP;789;284.100
nov/25;MRS;Cimento acondicionado;Volta Redonda;RJ;Pedrasil;SP;4.606;771.845
nov/25;MRS;Cimento acondicionado;Volta Redonda;RJ;São José dos Campos;SP;5.266;1.242.728
nov/25;MRS;Cimento acondicionado;Wilson Lobato;MG;Água Branca;SP;1.820;1.545.584
nov/25;MRS;Cimento acondicionado;Wilson Lobato;MG;Capuava;SP;6.020;5.184.381
nov/25;MRS;Cimento acondicionado;Wilson Lobato;MG;Mogi das Cruzes;SP;2.030;1.692.230
nov/25;MRS;Cimento acondicionado;Wilson Lobato;MG;Pedrasil;SP;560;376.800
nov/25;MRS;Cimento acondicionado;Wilson Lobato;MG;São José dos Campos;SP;1.190;877.157
nov/25;MRS;Contêiner Cheio de 20 Pés;Arará;RJ;Couto e Silva;MG;170;111.978
nov/25;MRS;Contêiner Cheio de 20 Pés;Arará;RJ;Eldorado;MG;5.378;3.455.913
nov/25;MRS;Contêiner Cheio de 20 Pés;Arará;RJ;Floriano;RJ;2.487;428.236
nov/25;MRS;Contêiner Cheio de 20 Pés;Arará;RJ;MultiTerminais;RJ;52;10.342
nov/25;MRS;Contêiner Cheio de 20 Pés;Arará;RJ;Suzano Novo;SP;15;7.010
nov/25;MRS;Contêiner Cheio de 20 Pés;Barnabé;SP;Curuputuba;SP;1.971;402.099
nov/25;MRS;Contêiner Cheio de 20 Pés;Barnabé;SP;Jundiaí;SP;10;1.288
nov/25;MRS;Contêiner Cheio de 20 Pés;Conceiçãozinha;SP;Edmar Alves;SP;8;1.312
nov/25;MRS;Contêiner Cheio de 20 Pés;Conceiçãozinha;SP;Eng. Neiva;SP;996;241.632
nov/25;MRS;Contêiner Cheio de 20 Pés;Conceiçãozinha;SP;Jundiaí;SP;19;2.604
nov/25;MRS;Contêiner Cheio de 20 Pés;Cragea;SP;Barnabé;SP;538;24.094
nov/25;MRS;Contêiner Cheio de 20 Pés;Curuputuba;SP;Arará;RJ;1.454;462.665
nov/25;MRS;Contêiner Cheio de 20 Pés;Curuputuba;SP;Barnabé;SP;2.273;463.710
nov/25;MRS;Contêiner Cheio de 20 Pés;Curuputuba;SP;Brisamar;RJ;1.117;321.176
nov/25;MRS;Contêiner Cheio de 20 Pés;Curuputuba;SP;Conceiçãozinha;SP;5.612;1.190.703
nov/25;MRS;Contêiner Cheio de 20 Pés;Eldorado;MG;Arará;RJ;3.011;1.756.267
nov/25;MRS;Contêiner Cheio de 20 Pés;Eldorado;MG;Barnabé;SP;481;383.165
nov/25;MRS;Contêiner Cheio de 20 Pés;Eldorado;MG;Brisamar;RJ;1.497;833.926
nov/25;MRS;Contêiner Cheio de 20 Pés;Eldorado;MG;Conceiçãozinha;SP;506;407.107
nov/25;MRS;Contêiner Cheio de 20 Pés;Floriano;RJ;Brisamar;RJ;93;13.161
nov/25;MRS;Contêiner Cheio de 20 Pés;Itutinga;MG;Barnabé;SP;4.404;2.470.974
nov/25;MRS;Contêiner Cheio de 20 Pés;Itutinga;MG;Brisamar;RJ;480;153.971
nov/25;MRS;Contêiner Cheio de 20 Pés;Itutinga;MG;Conceiçãozinha;SP;1.468;835.343
nov/25;MRS;Contêiner Cheio de 20 Pés;Jundiaí;SP;Barnabé;SP;83;10.679
nov/25;MRS;Contêiner Cheio de 20 Pés;Jundiaí;SP;Conceiçãozinha;SP;30;4.110
nov/25;MRS;Contêiner Cheio de 20 Pés;Parque Industrial;MG;Itaguai;RJ;811;457.456
nov/25;MRS;Contêiner Cheio de 20 Pés - Perigoso;Arará;RJ;Dias Tavares;MG;1.711;503.460
nov/25;MRS;Contêiner Cheio de 20 Pés - Perigoso;Conceiçãozinha;SP;Eng. Neiva;SP;985;238.963
nov/25;MRS;Contêiner Cheio de 40 Pés;Arará;RJ;Couto e Silva;MG;58;38.196
nov/25;MRS;Contêiner Cheio de 40 Pés;Arará;RJ;Dias Tavares;MG;176;51.651
nov/25;MRS;Contêiner Cheio de 40 Pés;Arará;RJ;Edmar Alves;SP;2.132;780.849
nov/25;MRS;Contêiner Cheio de 40 Pés;Arará;RJ;Floriano;RJ;1.037;178.561
nov/25;MRS;Contêiner Cheio de 40 Pés;Arará;RJ;Itatiaia;RJ;26;5.276
nov/25;MRS;Contêiner Cheio de 40 Pés;Arará;RJ;MultiTerminais;RJ;43;8.552
nov/25;MRS;Contêiner Cheio de 40 Pés;Arará;RJ;Suzano Novo;SP;1.275;595.922
nov/25;MRS;Contêiner Cheio de 40 Pés;Barnabé;SP;Conceiçãozinha;SP;1.716;13.659
nov/25;MRS;Contêiner Cheio de 40 Pés;Barnabé;SP;Curuputuba;SP;3.696;754.013
nov/25;MRS;Contêiner Cheio de 40 Pés;Barnabé;SP;Jundiaí;SP;5.674;731.371
nov/25;MRS;Contêiner Cheio de 40 Pés;Barnabé;SP;Suzano Novo;SP;640;35.543
nov/25;MRS;Contêiner Cheio de 40 Pés;Benfica;MG;Manoel Feio;SP;8;6.676
nov/25;MRS;Contêiner Cheio de 40 Pés;Brisamar;RJ;Floriano;RJ;2.768;391.735
nov/25;MRS;Contêiner Cheio de 40 Pés;Brisamar;RJ;Prudente de Morais;MG;119;85.262
nov/25;MRS;Contêiner Cheio de 40 Pés;Conceiçãozinha;SP;Curuputuba;SP;2.926;620.812
nov/25;MRS;Contêiner Cheio de 40 Pés;Conceiçãozinha;SP;Edmar Alves;SP;366;60.068
nov/25;MRS;Contêiner Cheio de 40 Pés;Conceiçãozinha;SP;Eng. Neiva;SP;203;49.248
nov/25;MRS;Contêiner Cheio de 40 Pés;Conceiçãozinha;SP;Jundiaí;SP;9.058;1.241.505
nov/25;MRS;Contêiner Cheio de 40 Pés;Cragea;SP;Conceiçãozinha;SP;757;40.413
nov/25;MRS;Contêiner Cheio de 40 Pés;Curuputuba;SP;Barnabé;SP;483;98.535
nov/25;MRS;Contêiner Cheio de 40 Pés;Curuputuba;SP;Brisamar;RJ;62;17.827
nov/25;MRS;Contêiner Cheio de 40 Pés;Eldorado;MG;Arará;RJ;51;29.722
nov/25;MRS;Contêiner Cheio de 40 Pés;Eldorado;MG;Brisamar;RJ;82;45.274
nov/25;MRS;Contêiner Cheio de 40 Pés;Eldorado;MG;Conceiçãozinha;SP;132;106.202
nov/25;MRS;Contêiner Cheio de 40 Pés;Final Ramal das Fábricas;SP;Conceiçãozinha;SP;5.432;213.656
nov/25;MRS;Contêiner Cheio de 40 Pés;Final Ramal das Fábricas;SP;Edmar Alves;SP;133;21.671
nov/25;MRS;Contêiner Cheio de 40 Pés;Floriano;RJ;Arará;RJ;1.378;237.519
nov/25;MRS;Contêiner Cheio de 40 Pés;Floriano;RJ;Brisamar;RJ;549;77.696
nov/25;MRS;Contêiner Cheio de 40 Pés;Jundiaí;SP;Arará;RJ;928;507.995
nov/25;MRS;Contêiner Cheio de 40 Pés;Jundiaí;SP;Barnabé;SP;6.438;829.835
nov/25;MRS;Contêiner Cheio de 40 Pés;Jundiaí;SP;Conceiçãozinha;SP;13.807;1.892.279
nov/25;MRS;Contêiner Cheio de 40 Pés;Manoel Feio;SP;Arará;RJ;340;154.396
nov/25;MRS;Contêiner Cheio de 40 Pés;Manoel Feio;SP;Conceiçãozinha;SP;169;13.310
nov/25;MRS;Contêiner Cheio de 40 Pés;Replan;SP;Barnabé;SP;45;9.004
nov/25;MRS;Contêiner Cheio de 40 Pés;Suzano Novo;SP;Barnabé;SP;2.652;147.281
nov/25;MRS;Contêiner Cheio de 40 Pés;Suzano Novo;SP;Conceiçãozinha;SP;1.510;95.878
nov/25;MRS;Contêiner Cheio de 40 Pés - Perigoso;Conceiçãozinha;SP;Eng. Neiva;SP;680;164.970
nov/25;MRS;Contêiner Vazio de 20 Pés;Arará;RJ;Curuputuba;SP;64;20.364
nov/25;MRS;Contêiner Vazio de 20 Pés;Arará;RJ;Eldorado;MG;76;48.837
nov/25;MRS;Contêiner Vazio de 20 Pés;Arará;RJ;Itutinga;MG;12;7.448
nov/25;MRS;Contêiner Vazio de 20 Pés;Conceiçãozinha;SP;Curuputuba;SP;143;30.340
nov/25;MRS;Contêiner Vazio de 20 Pés;Cragea;SP;Conceiçãozinha;SP;1.703;90.916
nov/25;MRS;Contêiner Vazio de 20 Pés;Curuputuba;SP;Conceiçãozinha;SP;85;18.034
nov/25;MRS;Contêiner Vazio de 20 Pés;Dias Tavares;MG;Arará;RJ;69;46.990
nov/25;MRS;Contêiner Vazio de 20 Pés;Eldorado;MG;Arará;RJ;354;206.467
nov/25;MRS;Contêiner Vazio de 20 Pés;Eng. Neiva;SP;Conceiçãozinha;SP;324;78.602
nov/25;MRS;Contêiner Vazio de 20 Pés;Final Ramal das Fábricas;SP;Eldorado;MG;46;44.276
nov/25;MRS;Contêiner Vazio de 20 Pés;Final Ramal das Fábricas;SP;Itutinga;MG;322;185.234
nov/25;MRS;Contêiner Vazio de 20 Pés;Floriano;RJ;Arará;RJ;136;23.417
nov/25;MRS;Contêiner Vazio de 20 Pés;Floriano;RJ;Eldorado;MG;193;115.486
nov/25;MRS;Contêiner Vazio de 20 Pés;Itatiaia;RJ;Arará;RJ;5;1.014
nov/25;MRS;Contêiner Vazio de 20 Pés;Suzano Novo;SP;Arará;RJ;2;934
nov/25;MRS;Contêiner Vazio de 40 Pés;Arará;RJ;Eldorado;MG;24;15.422
nov/25;MRS;Contêiner Vazio de 40 Pés;Arará;RJ;Manoel Feio;SP;34;15.439
nov/25;MRS;Contêiner Vazio de 40 Pés;Arará;RJ;Suzano Novo;SP;24;11.217
nov/25;MRS;Contêiner Vazio de 40 Pés;Conceiçãozinha;SP;Eng. Neiva;SP;7;1.698
nov/25;MRS;Contêiner Vazio de 40 Pés;Conceiçãozinha;SP;Suzano Novo;SP;442;28.065
nov/25;MRS;Contêiner Vazio de 40 Pés;Couto e Silva;MG;Arará;RJ;14;8.384
nov/25;MRS;Contêiner Vazio de 40 Pés;Curuputuba;SP;Conceiçãozinha;SP;252;53.467
nov/25;MRS;Contêiner Vazio de 40 Pés;Edmar Alves;SP;Final Ramal das Fábricas;SP;262;42.691
nov/25;MRS;Contêiner Vazio de 40 Pés;Edmar Alves;SP;Manoel Feio;SP;99;8.697
nov/25;MRS;Contêiner Vazio de 40 Pés;Eldorado;MG;Arará;RJ;20;11.655
nov/25;MRS;Contêiner Vazio de 40 Pés;Eng. Neiva;SP;Conceiçãozinha;SP;439;106.502
nov/25;MRS;Contêiner Vazio de 40 Pés;Final Ramal das Fábricas;SP;Eldorado;MG;48;46.176
nov/25;MRS;Contêiner Vazio de 40 Pés;Floriano;RJ;Arará;RJ;41;7.059
nov/25;MRS;Contêiner Vazio de 40 Pés;Floriano;RJ;Brisamar;RJ;228;32.266
nov/25;MRS;Contêiner Vazio de 40 Pés;Floriano;RJ;Eldorado;MG;65;38.836
nov/25;MRS;Contêiner Vazio de 40 Pés;Itatiaia;RJ;Arará;RJ;7;1.420
nov/25;MRS;Contêiner Vazio de 40 Pés;Jundiaí;SP;Conceiçãozinha;SP;143;19.599
nov/25;MRS;Contêiner Vazio de 40 Pés;MultiTerminais;RJ;Brisamar;RJ;330;55.513
nov/25;MRS;Contêiner Vazio de 40 Pés;Nova Granja;MG;Brisamar;RJ;14;8.639
nov/25;MRS;Contêiner Vazio de 40 Pés;Suzano Novo;SP;Arará;RJ;68;31.781
nov/25;MRS;Coque;Baia Sepetiba;RJ;Volta Redonda;RJ;84.944;10.107.996
nov/25;MRS;Coque;Curuputuba;SP;Ouro Branco;MG;21.163;12.736.380
nov/25;MRS;Coque;Vespasiano;MG;Ouro Branco;MG;5.471;1.212.110
nov/25;MRS;Escória;Ouro Branco;MG;Wilson Lobato;MG;12.191;3.022.051
nov/25;MRS;Ferro Gusa;Cel. João Carlos Guedes;MG;Arará;RJ;12.302;5.526.698
nov/25;MRS;Ferro Gusa;Prudente de Morais;MG;Arará;RJ;51.823;35.686.057
nov/25;MRS;Ferro Gusa;São Bento;SP;Arará;RJ;12.977;5.626.994
nov/25;MRS;Ferro Gusa;Sarzedo Novo;MG;Arará;RJ;115.107;63.484.904
nov/25;MRS;Ferro Gusa;Sarzedo Novo;MG;Itaguai;RJ;13.071;6.901.644
nov/25;MRS;Ferro Gusa;Sarzedo Novo;MG;Volta Redonda;RJ;3.500;1.421.056
nov/25;MRS;Grãos - Milho;Pederneiras;SP;Conceiçãozinha;SP;45.080;23.772.268
nov/25;MRS;Grãos - Milho;Pederneiras;SP;Santos;SP;117.125;60.918.388
nov/25;MRS;Minério de Ferro;Baia Sepetiba;RJ;Volta Redonda;RJ;30.000;3.569.880
nov/25;MRS;Minério de Ferro;Carlos Newlands;MG;Baia Sepetiba;RJ;13.605;6.962.045
nov/25;MRS;Minério de Ferro;Carlos Newlands;MG;Brisamar;RJ;343.730;174.177.270
nov/25;MRS;Minério de Ferro;Carlos Newlands;MG;Porto Sudeste;RJ;323.359;165.883.705
nov/25;MRS;Minério de Ferro;Casa de Pedra;MG;Baia Sepetiba;RJ;1.898.589;837.488.491
nov/25;MRS;Minério de Ferro;Casa de Pedra;MG;Porto Sudeste;RJ;29.111;12.782.960
nov/25;MRS;Minério de Ferro;Casa de Pedra;MG;Volta Redonda;RJ;108.571;34.972.347
nov/25;MRS;Minério de Ferro;Cel. João Carlos Guedes;MG;Guaiba;RJ;73.875;32.926.456
nov/25;MRS;Minério de Ferro;Curuputuba;SP;Volta Redonda;RJ;75.273;13.063.177
nov/25;MRS;Minério de Ferro;Dr. Joaquim Murtinho;MG;Baia Sepetiba;RJ;315.400;143.919.432
nov/25;MRS;Minério de Ferro;Dr. Joaquim Murtinho;MG;Brisamar;RJ;283.060;127.665.438
nov/25;MRS;Minério de Ferro;Dr. Joaquim Murtinho;MG;Porto Sudeste;RJ;194.797;88.441.538
nov/25;MRS;Minério de Ferro;Itutinga;MG;Volta Redonda;RJ;116.056;23.997.827
nov/25;MRS;Minério de Ferro;Olhos D Água;MG;Baia Sepetiba;RJ;383.409;211.253.374
nov/25;MRS;Minério de Ferro;Olhos D Água;MG;Guaiba;RJ;544.982;312.332.999
nov/25;MRS;Minério de Ferro;Otavio Dapieve;MG;Baia Sepetiba;RJ;850.570;412.167.509
nov/25;MRS;Minério de Ferro;Otavio Dapieve;MG;Guaiba;RJ;1.467.538;743.598.569
nov/25;MRS;Minério de Ferro;Otavio Dapieve;MG;Siderúrgica do Atlântico;RJ;364.516;180.646.109
nov/25;MRS;Minério de Ferro;Otavio Dapieve;MG;Volta Redonda;RJ;50.122;18.323.701
nov/25;MRS;Minério de Ferro;Pires;MG;Baia Sepetiba;RJ;1.349.312;611.796.951
nov/25;MRS;Minério de Ferro;Pires;MG;Guaiba;RJ;253.071;120.343.864
nov/25;MRS;Minério de Ferro;Pires;MG;Siderúrgica do Atlântico;RJ;160.227;74.411.661
nov/25;MRS;Minério de Ferro;Sarzedo;MG;Baia Sepetiba;RJ;171.782;90.771.154
nov/25;MRS;Minério de Ferro;Sarzedo;MG;Brisamar;RJ;26.949;14.105.349
nov/25;MRS;Minério de Ferro;Sarzedo;MG;Guaiba;RJ;87.223;48.018.790
nov/25;MRS;Minério de Ferro;Sarzedo;MG;Porto Sudeste;RJ;418.899;222.576.956
nov/25;MRS;Minério de Ferro;Sarzedo Novo;MG;Baia Sepetiba;RJ;279.164;146.564.449
nov/25;MRS;Minério de Ferro;Sarzedo Novo;MG;Brisamar;RJ;132.035;68.659.784
nov/25;MRS;Minério de Ferro;Sarzedo Novo;MG;Porto Sudeste;RJ;785.850;411.008.979
nov/25;MRS;Minério de Ferro;Sarzedo Novo;MG;Volta Redonda;RJ;9.385;3.810.460
nov/25;MRS;Minério de Ferro;Viga;MG;Baia Sepetiba;RJ;14.847;6.486.238
nov/25;MRS;Minério de Ferro;Viga;MG;Congonhas do Campo;MG;6.279;66.425
nov/25;MRS;Minério de Ferro;Viga;MG;Guaiba;RJ;162.381;74.531.579
nov/25;MRS;Minério de Ferro Especial - MRS distancia menor 100 km;Otavio Dapieve;MG;Ouro Branco;MG;40.710;3.912.693
nov/25;MRS;Óleo Diesel;Embiruçu;MG;Cel. João Carlos Guedes;MG;3.354;486.480
nov/25;MRS;Outras - Carga Geral Não Conteinerizada;Arará;RJ;Prudente de Morais;MG;899;671.694
nov/25;MRS;Outras - Carga Geral Não Conteinerizada;Brisamar;RJ;Volta Redonda;RJ;180;20.519
nov/25;MRS;Prd. Siderúrgicos - Bobina - BF;Lafaiete Bandeira;MG;Boa Vista Velha;SP;7.228;5.718.359
nov/25;MRS;Prd. Siderúrgicos - Bobina - BF;Lafaiete Bandeira;MG;Replan;SP;729;594.716
nov/25;MRS;Prd. Siderúrgicos - Bobina - BF;Lafaiete Bandeira;MG;São Caetano do Sul;SP;204;139.764
nov/25;MRS;Prd. Siderúrgicos - Bobina - BF;Lafaiete Bandeira;MG;Usiminas;SP;3.487;1.877.397
nov/25;MRS;Prd. Siderúrgicos - Bobina - BF;Lafaiete Bandeira;MG;Utinga;SP;146;100.553
nov/25;MRS;Prd. Siderúrgicos - Bobina - BF;Ouro Branco;MG;Caçapava;SP;3.567;1.914.451
nov/25;MRS;Prd. Siderúrgicos - Bobina - BF;Ouro Branco;MG;Horto Florestal;MG;2.597;460.245
nov/25;MRS;Prd. Siderúrgicos - Bobina - BF;Ouro Branco;MG;Ipiranga;SP;625;417.589
nov/25;MRS;Prd. Siderúrgicos - Bobina - BF;Ouro Branco;MG;Parque Industrial;MG;16.905;2.716.870
nov/25;MRS;Prd. Siderúrgicos - Bobina - BF;Ouro Branco;MG;Pulverizacao;RJ;139;53.250
nov/25;MRS;Prd. Siderúrgicos - Bobina - BF;Ouro Branco;MG;São Bento;SP;16.855;10.321.124
nov/25;MRS;Prd. Siderúrgicos - Bobina - BF;Ouro Branco;MG;São Caetano do Sul;SP;2.908;1.955.144
nov/25;MRS;Prd. Siderúrgicos - Bobina - BF;Parque Industrial;MG;Boa Vista Velha;SP;420;364.935
nov/25;MRS;Prd. Siderúrgicos - Bobina - BF;Parque Industrial;MG;Ouro Branco;MG;68;10.929
nov/25;MRS;Prd. Siderúrgicos - Bobina - BF;Piaçaguera;SP;Barbará;RJ;1.726;627.544
nov/25;MRS;Prd. Siderúrgicos - Bobina - BF;Piaçaguera;SP;Ipiranga;SP;1.954;102.883
nov/25;MRS;Prd. Siderúrgicos - Bobina - BF;Piaçaguera;SP;São Caetano do Sul;SP;372;18.028
nov/25;MRS;Prd. Siderúrgicos - Bobina - BF;Piaçaguera;SP;Utinga;SP;20.583;923.332
nov/25;MRS;Prd. Siderúrgicos - Bobina - BF;Volta Redonda;RJ;Ipiranga;SP;322;111.007
nov/25;MRS;Prd. Siderúrgicos - Bobina - BQ;Floriano;RJ;Brisamar;RJ;726;102.745
nov/25;MRS;Prd. Siderúrgicos - Bobina - BQ;Horto Florestal;MG;Ipiranga;SP;144;112.618
nov/25;MRS;Prd. Siderúrgicos - Bobina - BQ;Horto Florestal;MG;Piaçaguera;SP;3.347;2.689.987
nov/25;MRS;Prd. Siderúrgicos - Bobina - BQ;Horto Florestal;MG;Usiminas;SP;2.055;1.320.380
nov/25;MRS;Prd. Siderúrgicos - Bobina - BQ;Lafaiete Bandeira;MG;Barbará;RJ;715;253.294
nov/25;MRS;Prd. Siderúrgicos - Bobina - BQ;Lafaiete Bandeira;MG;Cruzeiro;SP;1.153;511.578
nov/25;MRS;Prd. Siderúrgicos - Bobina - BQ;Lafaiete Bandeira;MG;Ipiranga;SP;2.490;1.695.515
nov/25;MRS;Prd. Siderúrgicos - Bobina - BQ;Lafaiete Bandeira;MG;Manoel Feio;SP;3.260;2.104.750
nov/25;MRS;Prd. Siderúrgicos - Bobina - BQ;Lafaiete Bandeira;MG;Pinheirinho;SP;2.662;1.699.838
nov/25;MRS;Prd. Siderúrgicos - Bobina - BQ;Lafaiete Bandeira;MG;Usiminas;SP;1.950;1.049.878
nov/25;MRS;Prd. Siderúrgicos - Bobina - BQ;Lafaiete Bandeira;MG;Utinga;SP;70;48.210
nov/25;MRS;Prd. Siderúrgicos - Bobina - BQ;Parque Industrial;MG;Cruzeiro;SP;1.150;599.662
nov/25;MRS;Prd. Siderúrgicos - Bobina - BQ;Parque Industrial;MG;Utinga;SP;421;322.686
nov/25;MRS;Prd. Siderúrgicos - Bobina - BQ;Piaçaguera;SP;Cruzeiro;SP;2.034;746.722
nov/25;MRS;Prd. Siderúrgicos - Bobina - BQ;Piaçaguera;SP;Ipiranga;SP;1.123;59.129
nov/25;MRS;Prd. Siderúrgicos - Bobina - BQ;Piaçaguera;SP;Replan;SP;4.832;926.337
nov/25;MRS;Prd. Siderúrgicos - Bobina - BQ;Piaçaguera;SP;Usiminas;SP;488;81.250
nov/25;MRS;Prd. Siderúrgicos - Bobina - BQ;Volta Redonda;RJ;Brisamar;RJ;26.065;2.971.305
nov/25;MRS;Prd. Siderúrgicos - Fio Máquina;Dias Tavares;MG;Caçapava;SP;3.799;2.552.653
nov/25;MRS;Prd. Siderúrgicos - Fio Máquina;Dias Tavares;MG;Parque Industrial;MG;1.661;578.253
nov/25;MRS;Prd. Siderúrgicos - Fio Máquina;Dias Tavares;MG;Pinheirinho;SP;1.534;1.247.436
nov/25;MRS;Prd. Siderúrgicos - Fio Máquina;Itaguai;RJ;São Bento;SP;9.574;3.934.397
nov/25;MRS;Prd. Siderúrgicos - Fio Máquina;Ouro Branco;MG;Brisamar;RJ;512;235.824
nov/25;MRS;Prd. Siderúrgicos - Fio Máquina;Ouro Branco;MG;Caçapava;SP;15.243;8.181.101
nov/25;MRS;Prd. Siderúrgicos - Outros;Barbará;RJ;Brisamar;RJ;25.325;3.016.789
nov/25;MRS;Prd. Siderúrgicos - Outros;Barbará;RJ;Cruzeiro;SP;1.365;139.750
nov/25;MRS;Prd. Siderúrgicos - Outros;Barreiro;MG;Horto Florestal;MG;1.928;39.870
nov/25;MRS;Prd. Siderúrgicos - Outros;Brisamar;RJ;São Bento;SP;3.679;1.482.437
nov/25;MRS;Prd. Siderúrgicos - Outros;Brisamar;RJ;Volta Redonda;RJ;20.549;2.342.503
nov/25;MRS;Prd. Siderúrgicos - Outros;Dias Tavares;MG;Horto Florestal;MG;663;241.151
nov/25;MRS;Prd. Siderúrgicos - Outros;Dias Tavares;MG;Parque Industrial;MG;513;178.593
nov/25;MRS;Prd. Siderúrgicos - Outros;Eldorado;MG;Pinheirinho;SP;143;104.249
nov/25;MRS;Prd. Siderúrgicos - Outros;Floriano;RJ;Ipiranga;SP;448;143.334
nov/25;MRS;Prd. Siderúrgicos - Outros;Floriano;RJ;Volta Redonda;RJ;385;10.597
nov/25;MRS;Prd. Siderúrgicos - Outros;Horto Florestal;MG;Piaçaguera;SP;72;57.866
nov/25;MRS;Prd. Siderúrgicos - Outros;Itaguai;RJ;Caçapava;SP;2.738;919.855
nov/25;MRS;Prd. Siderúrgicos - Outros;Itaguai;RJ;Parque Industrial;MG;2.981;1.845.072
nov/25;MRS;Prd. Siderúrgicos - Outros;Itaguai;RJ;Pinheirinho;SP;73;30.978
nov/25;MRS;Prd. Siderúrgicos - Outros;Lafaiete Bandeira;MG;Curuputuba;SP;1.218;620.843
nov/25;MRS;Prd. Siderúrgicos - Outros;Lafaiete Bandeira;MG;Manoel Feio;SP;13.086;8.448.701
nov/25;MRS;Prd. Siderúrgicos - Outros;Lafaiete Bandeira;MG;Piaçaguera;SP;3.872;3.669.846
nov/25;MRS;Prd. Siderúrgicos - Outros;Lafaiete Bandeira;MG;São Caetano do Sul;SP;287;203.287
nov/25;MRS;Prd. Siderúrgicos - Outros;Lafaiete Bandeira;MG;Utinga;SP;9.907;6.823.187
nov/25;MRS;Prd. Siderúrgicos - Outros;Manoel Feio;SP;Volta Redonda;RJ;5.640;1.745.264
nov/25;MRS;Prd. Siderúrgicos - Outros;Ouro Branco;MG;Brisamar;RJ;39.030;17.976.983
nov/25;MRS;Prd. Siderúrgicos - Outros;Ouro Branco;MG;Caçapava;SP;8.660;4.647.925
nov/25;MRS;Prd. Siderúrgicos - Outros;Ouro Branco;MG;Eng. Cesar de Souza;SP;1.909;1.262.358
nov/25;MRS;Prd. Siderúrgicos - Outros;Ouro Branco;MG;Itutinga;MG;12.857;1.797.665
nov/25;MRS;Prd. Siderúrgicos - Outros;Ouro Branco;MG;Parque Industrial;MG;5.119;822.694
nov/25;MRS;Prd. Siderúrgicos - Outros;Ouro Branco;MG;São Bento;SP;2.659;1.628.233
nov/25;MRS;Prd. Siderúrgicos - Outros;Ouro Branco;MG;São Caetano do Sul;SP;280;188.253
nov/25;MRS;Prd. Siderúrgicos - Outros;Piaçaguera;SP;Curuputuba;SP;2.403;468.995
nov/25;MRS;Prd. Siderúrgicos - Outros;Piaçaguera;SP;Manoel Feio;SP;8.390;518.158
nov/25;MRS;Prd. Siderúrgicos - Outros;Pulverizacao;RJ;Volta Redonda;RJ;69;2.346
nov/25;MRS;Prd. Siderúrgicos - Outros;São Bento;SP;Volta Redonda;RJ;127;36.696
nov/25;MRS;Prd. Siderúrgicos - Outros;Saudade;RJ;Caçapava;SP;210;42.359
nov/25;MRS;Prd. Siderúrgicos - Outros;Saudade;RJ;Floriano;RJ;3.448;54.915
nov/25;MRS;Prd. Siderúrgicos - Outros;Saudade;RJ;MultiTerminais;RJ;354;15.089
nov/25;MRS;Prd. Siderúrgicos - Outros;Saudade;RJ;Pinheirinho;SP;3.099;901.102
nov/25;MRS;Prd. Siderúrgicos - Outros;Siderúrgica do Atlântico;RJ;Piaçaguera;SP;63.572;31.862.222
nov/25;MRS;Prd. Siderúrgicos - Outros;Volta Redonda;RJ;Arará;RJ;180;26.039
nov/25;MRS;Prd. Siderúrgicos - Outros;Volta Redonda;RJ;Barbará;RJ;26.182;134.234
nov/25;MRS;Prd. Siderúrgicos - Outros;Volta Redonda;RJ;Brisamar;RJ;126;14.363
nov/25;MRS;Prd. Siderúrgicos - Outros;Volta Redonda;RJ;Cruzeiro;SP;446;47.948
nov/25;MRS;Prd. Siderúrgicos - Outros;Volta Redonda;RJ;Floriano;RJ;2.437;67.082
nov/25;MRS;Prd. Siderúrgicos - Outros;Volta Redonda;RJ;Manoel Feio;SP;26.786;8.288.766
nov/25;MRS;Prd. Siderúrgicos - Outros;Volta Redonda;RJ;Mogi das Cruzes;SP;3.401;1.130.815
nov/25;MRS;Prd. Siderúrgicos - Outros;Volta Redonda;RJ;Pulverizacao;RJ;7.180;244.190
nov/25;MRS;Prd. Siderúrgicos - Placa;Arará;RJ;MultiTerminais;RJ;6.380;1.273.805
nov/25;MRS;Prd. Siderúrgicos - Placa;Brisamar;RJ;Edmar Alves;SP;1.809;622.093
nov/25;MRS;Prd. Siderúrgicos - Placa;Dias Tavares;MG;Parque Industrial;MG;2.196;764.506
nov/25;MRS;Prd. Siderúrgicos - Placa;Horto Florestal;MG;Brisamar;RJ;2.244;1.284.835
nov/25;MRS;Prd. Siderúrgicos - Placa;Ouro Branco;MG;Caçapava;SP;2.826;1.516.747
nov/25;MRS;Prd. Siderúrgicos - Placa;Ouro Branco;MG;Itaguai;RJ;6.537;3.063.198
nov/25;MRS;Prd. Siderúrgicos - Placa;Ouro Branco;MG;Manoel Feio;SP;1.027;649.928
nov/25;MRS;Prd. Siderúrgicos - Placa;Ouro Branco;MG;Pinheirinho;SP;5.066;3.170.149
nov/25;MRS;Prd. Siderúrgicos - Placa;Ouro Branco;MG;São Bento;SP;1.305;799.114
nov/25;MRS;Prd. Siderúrgicos - Placa;Ouro Branco;MG;Volta Redonda;RJ;19.346;6.705.284
nov/25;MRS;Prd. Siderúrgicos - Placa;Piaçaguera;SP;Siderúrgica do Atlântico;RJ;1.439;717.637
nov/25;MRS;Prd. Siderúrgicos - Placa;Siderúrgica do Atlântico;RJ;Eldorado;MG;1.253;786.813
nov/25;MRS;Prd. Siderúrgicos - Tubos;Barreiro;MG;Arará;RJ;8.226;4.751.518
nov/25;MRS;Prd. Siderúrgicos - Tubos;Barreiro;MG;Eldorado;MG;9.076;47.004
nov/25;MRS;Prd. Siderúrgicos - Tubos;Cel. João Carlos Guedes;MG;Arará;RJ;8.097;3.637.593
nov/25;MRS;Prd. Siderúrgicos - Tubos;Cel. João Carlos Guedes;MG;Barreiro;MG;10.530;1.351.736
nov/25;MRS;Prd. Siderúrgicos - Tubos;Curuputuba;SP;Arará;RJ;5.876;1.869.754
nov/25;MRS;Prd. Siderúrgicos - Tubos;Eldorado;MG;Barreiro;MG;5.924;30.680
nov/25;MRS;Prd. Siderúrgicos - Vergalhões;Volta Redonda;RJ;Eldorado;MG;1.759;1.004.121
nov/25;MRS;Prd. Siderúrgicos - Vergalhões;Volta Redonda;RJ;Manoel Feio;SP;10.120;3.131.573
nov/25;MRS;Prd. Siderúrgicos - Vergalhões;Volta Redonda;RJ;Pulverizacao;RJ;240;8.162
nov/25;MRS;Soja;Pederneiras;SP;Conceiçãozinha;SP;130;68.604
nov/25;MRS;Sucata;Itaguai;RJ;Ouro Branco;MG;591;282.047
nov/25;MRS;Toras de Madeira;Piaçaguera;SP;Siderúrgica do Atlântico;RJ;30;14.995
nov/25;RMC;Açúcar;Iturama;MG;Conceiçãozinha;SP;31.494;28.587.259
nov/25;RMC;Açúcar;Iturama;MG;Santos;SP;92.228;82.955.318
nov/25;RMC;Adubo Orgânico a Granel;Conceiçãozinha;SP;Rio Verde;GO;18.447;22.242.690
nov/25;RMC;Adubo Orgânico a Granel;Santos;SP;Rio Verde;GO;25.445;30.527.358
nov/25;RMC;Bauxita;Santa Isabel;TO;Alumínio;SP;73.735;106.796.373
nov/25;RMC;Cloreto de Potássio;Estação TUF;SP;Rio Verde;GO;3.841;4.624.679
nov/25;RMC;Contêiner Cheio de 40 Pés;Santa Isabel;TO;Alumínio;SP;2.735;3.965.260
nov/25;RMC;Contêiner Vazio de 40 Pés;Porto Nacional;TO;Sumaré;SP;515;1.034.416
nov/25;RMC;Ureia;Conceiçãozinha;SP;Rio Verde;GO;7.541;9.125.047
nov/25;RMN;Açúcar;Chapadao do Sul;MS;Santos;SP;72.316;86.044.493
nov/25;RMN;Álcool;Chapadao do Sul;MS;Replan;SP;50.449;47.467.117
nov/25;RMN;Álcool;Rondonópolis;MT;Replan;SP;131.757;184.616.163
nov/25;RMN;Álcool;T. Olacyr F. Morais;MS;Replan;SP;2.765;2.910.071
nov/25;RMN;Celulose;Aparecida do Taboado;MS;Barnabé;SP;208.904;193.531.897
nov/25;RMN;Celulose;Chapadao do Sul;MS;Barnabé;SP;118.752;141.324.261
nov/25;RMN;Celulose;Chapadao do Sul;MS;Santos;SP;78.520;93.562.783
nov/25;RMN;Contêiner cheio 53 pés;Rondonópolis;MT;Boa Vista Nova;SP;120;164.883
nov/25;RMN;Contêiner Cheio de 20 Pés;Rondonópolis;MT;Cubatão;SP;6.923;11.271.218
nov/25;RMN;Contêiner Cheio de 20 Pés;Rondonópolis;MT;Sumaré;SP;2.099;2.870.269
nov/25;RMN;Contêiner Cheio de 40 Pés;Rondonópolis;MT;Boa Vista Nova;SP;73.868;101.460.389
nov/25;RMN;Contêiner Cheio de 40 Pés;Rondonópolis;MT;Cubatão;SP;68.561;111.622.997
nov/25;RMN;Contêiner Vazio de 40 Pés;Rondonópolis;MT;Boa Vista Nova;SP;127;174.010
nov/25;RMN;Farelo de Soja;Alto Araguaia;MT;Santos;SP;95.647;133.895.538
nov/25;RMN;Farelo de Soja;Rondonópolis;MT;Conceiçãozinha;SP;30.803;50.935.988
nov/25;RMN;Farelo de Soja;Rondonópolis;MT;Santos;SP;312.072;512.426.937
nov/25;RMN;Grãos - Milho;Alto Araguaia;MT;Conceiçãozinha;SP;28.818;40.619.811
nov/25;RMN;Grãos - Milho;Chapadao do Sul;MS;Conceiçãozinha;SP;26.804;32.030.617
nov/25;RMN;Grãos - Milho;Chapadao do Sul;MS;Santos;SP;48.279;57.405.204
nov/25;RMN;Grãos - Milho;Rondonópolis;MT;Conceiçãozinha;SP;279.967;461.381.149
nov/25;RMN;Grãos - Milho;Rondonópolis;MT;Santos;SP;732.268;1.206.080.260
nov/25;RMN;Óleo Diesel;Rondonópolis;MT;Replan;SP;17.385;24.272.670
nov/25;RMN;Óleo Diesel;T. Olacyr F. Morais;MS;Replan;SP;2.033;2.139.667
nov/25;RMN;Soja;Itiquira;MT;Conceiçãozinha;SP;142.966;217.420.666
nov/25;RMN;Soja;Itiquira;MT;Santos;SP;1.394;2.110.888
nov/25;RMN;Soja;Rondonópolis;MT;Conceiçãozinha;SP;92.750;152.759.736
nov/25;RMN;Soja;Rondonópolis;MT;Santos;SP;199.340;328.019.296
nov/25;RMO;Minério de Ferro;Antônio Maria Coelho;MS;Porto Esperança;MS;71.213;3.309.624
nov/25;RMP;Açúcar;Fernandopolis;SP;Conceiçãozinha;SP;31.897;25.925.144
nov/25;RMP;Açúcar;Fernandopolis;SP;Santos;SP;45.870;36.891.260
nov/25;RMP;Açúcar;Santa Adélia;SP;Santos;SP;64.559;37.418.358
nov/25;RMP;Adubo Orgânico a Granel;Conceiçãozinha;SP;Rondonópolis;MT;136.802;226.025.970
nov/25;RMP;Adubo Orgânico a Granel;Cubatão;SP;Rondonópolis;MT;25.454;41.507.535
nov/25;RMP;Adubo Orgânico a Granel;Estação TUF;SP;Rondonópolis;MT;11.044;18.064.902
nov/25;RMP;Cloreto de Potássio;Cubatão;SP;Rondonópolis;MT;3.497;5.733.733
nov/25;RMP;Cloreto de Potássio;Estação TUF;SP;Rondonópolis;MT;12.711;20.791.649
nov/25;RMP;Cloreto de Potássio;Santos;SP;Rondonópolis;MT;20.535;33.764.356
nov/25;RMP;Contêiner Cheio de 40 Pés;Boa Vista Nova;SP;Rondonópolis;MT;118;161.689
nov/25;RMP;Contêiner Cheio de 40 Pés;Boa Vista Velha;SP;Rondonópolis;MT;25.818;35.341.303
nov/25;RMP;Contêiner Cheio de 40 Pés;Cubatão;SP;Rondonópolis;MT;5.520;8.987.018
nov/25;RMP;Contêiner Cheio de 40 Pés;Sumaré;SP;Porto Nacional;TO;5.558;11.163.664
nov/25;RMP;Contêiner Vazio de 20 Pés;Boa Vista Velha;SP;Rondonópolis;MT;8;10.950
nov/25;RMP;Contêiner Vazio de 20 Pés;Cubatão;SP;Rondonópolis;MT;1.793;2.925.136
nov/25;RMP;Contêiner Vazio de 40 Pés;Boa Vista Nova;SP;Anápolis;GO;879;1.118.421
nov/25;RMP;Contêiner Vazio de 40 Pés;Boa Vista Velha;SP;Rondonópolis;MT;9.865;13.503.833
nov/25;RMP;Contêiner Vazio de 40 Pés;Cubatão;SP;Rondonópolis;MT;16.005;26.110.877
nov/25;RMP;Contêiner Vazio de 40 Pés;Sumaré;SP;Porto Nacional;TO;189;379.620
nov/25;RMP;Farelo de Soja;Gurupi;TO;Santos;SP;13.831;28.674.622
nov/25;RMP;Farelo de Soja;Rio Verde;GO;Santos;SP;91.309;109.880.792
nov/25;RMP;Farelo de Soja;São Simão;GO;Santos;SP;34.993;34.617.385
nov/25;RMP;Fosfato;Cubatão;SP;Rondonópolis;MT;6.346;10.404.996
nov/25;RMP;Gasolina;Replan;SP;Rio Verde;GO;1.422;1.354.752
nov/25;RMP;Gasolina;Replan;SP;Rondonópolis;MT;13.510;18.826.344
nov/25;RMP;Gasolina;Replan;SP;T. Olacyr F. Morais;MS;730;768.300
nov/25;RMP;Grãos - Milho;Conceiçãozinha;SP;Rondonópolis;MT;6.216;10.305.419
nov/25;RMP;Grãos - Milho;Rio Verde;GO;Conceiçãozinha;SP;253.144;306.193.393
nov/25;RMP;Grãos - Milho;Rio Verde;GO;Santos;SP;392.458;471.318.038
nov/25;RMP;Óleo Diesel;Replan;SP;Rio Verde;GO;8.287;7.895.105
nov/25;RMP;Óleo Diesel;Replan;SP;Rondonópolis;MT;91.346;127.295.512
nov/25;RMP;Óleo Diesel;Replan;SP;T. Olacyr F. Morais;MS;4.144;4.361.423
nov/25;RMP;Soja;Rio Verde;GO;Conceiçãozinha;SP;5.376;6.505.271
nov/25;RMP;Soja;São Simão;GO;Conceiçãozinha;SP;93.596;92.812.878
nov/25;RMP;Soja;São Simão;GO;Santos;SP;1.260;1.246.475
nov/25;RMP;Ureia;Conceiçãozinha;SP;Rondonópolis;MT;15.305;25.372.745
nov/25;RMP;Ureia;Cubatão;SP;Rondonópolis;MT;15.841;25.820.868
nov/25;RMP;Ureia;Estação TUF;SP;Rondonópolis;MT;24.503;40.080.071
nov/25;RMP;Ureia;Santos;SP;Rondonópolis;MT;15.315;25.298.280
nov/25;RMS;Açúcar;Londrina;PR;D Pedro II;PR;44.565;28.120.912
nov/25;RMS;Açúcar;Marialva;PR;D Pedro II;PR;178.948;110.981.133
nov/25;RMS;Açúcar;Maringa;PR;D Pedro II;PR;181.227;118.116.082
nov/25;RMS;Açúcar;Rolandia;PR;D Pedro II;PR;79.149;48.790.417
nov/25;RMS;Adubo Fert em Geral a Granel  - Perigoso;D Pedro II;PR;Cará-Cará;PR;1.537;368.695
nov/25;RMS;Adubo Orgânico a Granel;D Pedro II;PR;Maringa;PR;7.489;4.881.045
nov/25;RMS;Adubo Orgânico a Granel;km 5;PR;Cará-Cará;PR;809;190.562
nov/25;RMS;Adubo Orgânico a Granel;km 5;PR;Cascavel;PR;746;544.936
nov/25;RMS;Adubo Orgânico a Granel;Rio Grande;RS;Cruz Alta;RS;20.822;15.365.426
nov/25;RMS;Adubo Orgânico a Granel;São Francisco do Sul;SC;Cascavel;PR;1.304;1.097.275
nov/25;RMS;Álcool;Eng. Vicente Montanha;PR;Araucária Terminal;PR;7.318;3.759.035
nov/25;RMS;Álcool;Londrina;PR;Araucária Terminal;PR;12.514;6.332.329
nov/25;RMS;Álcool;Sarandi;PR;Araucária Terminal;PR;3.920;2.002.849
nov/25;RMS;Calcário Corretivo;Tranqueira;PR;Maringa;PR;10.978;6.441.890
nov/25;RMS;Celulose;Ortigueira;PR;km 5;PR;18.176;8.308.231
nov/25;RMS;Cimento acondicionado;Apiai;SP;Londrina;PR;7.388;4.268.734
nov/25;RMS;Cimento acondicionado;Apiai;SP;Uvaranas;PR;13.436;2.613.597
nov/25;RMS;Cimento acondicionado;Rio Branco do Sul;PR;Cascavel;PR;10.808;7.408.905
nov/25;RMS;Cimento acondicionado;Rio Branco do Sul;PR;Londrina;PR;9.076;5.279.609
nov/25;RMS;Cimento acondicionado;Rio Branco do Sul;PR;Maringa;PR;19.830;11.946.781
nov/25;RMS;Cloreto de Potássio;km 5;PR;Cará-Cará;PR;407;95.870
nov/25;RMS;Cloreto de Potássio;km 5;PR;Cascavel;PR;1.855;1.355.038
nov/25;RMS;Cloreto de Potássio;km 5;PR;Maringa;PR;187;121.069
nov/25;RMS;Cloreto de Potássio;Rio Grande;RS;Cruz Alta;RS;1.113;821.329
nov/25;RMS;Cloreto de Potássio;São Francisco do Sul;SC;Maringa;PR;1.030;781.179
nov/25;RMS;Contêiner Cheio de 40 Pés;Cambe;PR;D Pedro II;PR;46.247;28.852.023
nov/25;RMS;Contêiner Cheio de 40 Pés;Cascavel;PR;D Pedro II;PR;39.800;29.245.000
nov/25;RMS;Contêiner Cheio de 40 Pés;Ortigueira;PR;D Pedro II;PR;51.228;23.637.777
nov/25;RMS;Contêiner Vazio de 40 Pés;D Pedro II;PR;Cambe;PR;10.953;6.833.226
nov/25;RMS;Contêiner Vazio de 40 Pés;D Pedro II;PR;Cascavel;PR;9.838;7.228.951
nov/25;RMS;Contêiner Vazio de 40 Pés;D Pedro II;PR;Ortigueira;PR;13.912;6.419.316
nov/25;RMS;Farelo de Soja;Cascavel;PR;D Pedro II;PR;428;314.495
nov/25;RMS;Farelo de Soja;Cruz Alta;RS;Rio Grande;RS;44.234;32.642.161
nov/25;RMS;Farelo de Soja;Desvio Ribas;PR;D Pedro II;PR;67.301;15.489.053
nov/25;RMS;Farelo de Soja;Ijuí;RS;Rio Grande;RS;794;628.404
nov/25;RMS;Farelo de Soja;Londrina;PR;D Pedro II;PR;16.153;10.192.736
nov/25;RMS;Fosfato;km 5;PR;Cará-Cará;PR;3.100;730.214
nov/25;RMS;Fosfato;Rio Grande;RS;Cruz Alta;RS;2.767;2.041.885
nov/25;RMS;Gasolina;Araucária Terminal;PR;Eng. Vicente Montanha;PR;8.289;4.257.809
nov/25;RMS;Gasolina;Araucária Terminal;PR;Londrina;PR;7.223;3.654.981
nov/25;RMS;Gasolina;Araucária Terminal;PR;Sarandi;PR;1.893;967.192
nov/25;RMS;Gasolina;D Pedro II;PR;Araucária Terminal;PR;5.054;631.689
nov/25;RMS;Gasolina;D Pedro II;PR;Londrina;PR;1.481;934.522
nov/25;RMS;Gasolina;D Pedro II;PR;Sarandi;PR;332;209.690
nov/25;RMS;Grãos - Cevada;km 5;PR;Guarapuava;PR;950;458.261
nov/25;RMS;Grãos - Milho;Cascavel;PR;D Pedro II;PR;5.791;4.255.244
nov/25;RMS;Grãos - Milho;Londrina;PR;D Pedro II;PR;95.922;60.527.922
nov/25;RMS;Grãos - Milho;Londrina;PR;São Francisco do Sul;SC;2.561;1.889.194
nov/25;RMS;Grãos - Milho;Marialva;PR;D Pedro II;PR;26.917;16.693.651
nov/25;RMS;Grãos - Milho;Marialva;PR;São Francisco do Sul;SC;107.490;78.129.766
nov/25;RMS;Grãos - Milho;Maringa;PR;D Pedro II;PR;219.054;142.770.745
nov/25;RMS;Grãos - Milho;Maringa;PR;São Francisco do Sul;SC;37.557;28.484.293
nov/25;RMS;Grãos - Milho;Rolandia;PR;D Pedro II;PR;37.113;22.897.653
nov/25;RMS;Grãos - Milho;Rolandia;PR;São Francisco do Sul;SC;12.787;9.254.770
nov/25;RMS;Grãos - Trigo;Cacequi;RS;Rio Grande;RS;1.604;773.429
nov/25;RMS;Grãos - Trigo;Cruz Alta;RS;Rio Grande;RS;47.467;35.027.954
nov/25;RMS;Grãos - Trigo;J.De Castilhos;RS;Rio Grande;RS;6.321;4.163.231
nov/25;RMS;Grãos - Trigo;Santo Ângelo;RS;Rio Grande;RS;8.072;6.828.597
nov/25;RMS;Grãos - Trigo;Tigre;RS;Rio Grande;RS;7.979;4.452.545
nov/25;RMS;Óleo Diesel;Araucária Terminal;PR;Eng. Vicente Montanha;PR;34.467;17.704.662
nov/25;RMS;Óleo Diesel;Araucária Terminal;PR;Londrina;PR;13.189;6.673.895
nov/25;RMS;Óleo Diesel;Araucária Terminal;PR;Sarandi;PR;2.341;1.196.089
nov/25;RMS;Óleo Diesel;D Pedro II;PR;Araucária Terminal;PR;34.906;4.362.828
nov/25;RMS;Óleo Diesel;D Pedro II;PR;Londrina;PR;1.470;927.581
nov/25;RMS;Óleo Diesel;D Pedro II;PR;Sarandi;PR;2.211;1.396.464
nov/25;RMS;Outras - Carga Geral Não Conteinerizada;Uvaranas;PR;Apiai;SP;20;3.890
nov/25;RMS;Outros - adubos e Fertilizantes;km 5;PR;Cascavel;PR;1.391;1.016.096
nov/25;RMS;Prd. Siderúrgicos - Bobina - BF;São Francisco do Sul;SC;Araucária Carga;PR;1.280;400.510
nov/25;RMS;Soja;Cascavel;PR;D Pedro II;PR;20.709;15.217.033
nov/25;RMS;Soja;Cruz Alta;RS;Rio Grande;RS;67.123;49.532.878
nov/25;RMS;Soja;Ijuí;RS;Rio Grande;RS;2.275;1.800.524
nov/25;RMS;Soja;J.De Castilhos;RS;Rio Grande;RS;18.736;12.340.195
nov/25;RMS;Soja;Marialva;PR;D Pedro II;PR;22.451;13.923.833
nov/25;RMS;Soja;Marialva;PR;São Francisco do Sul;SC;104;75.593
nov/25;RMS;Soja;Maringa;PR;D Pedro II;PR;14.778;9.631.723
nov/25;RMS;Soja;Maringa;PR;São Francisco do Sul;SC;144.131;109.312.847
nov/25;RMS;Soja;Rolandia;PR;D Pedro II;PR;2.590;1.598.281
nov/25;RMS;Soja;Rolandia;PR;São Francisco do Sul;SC;21.542;15.517.322
nov/25;RMS;Soja;Tigre;RS;Rio Grande;RS;3.549;1.980.447
nov/25;RMS;Soja;Tupancireta;RS;Rio Grande;RS;8.029;5.483.204
nov/25;RMS;Ureia;São Francisco do Sul;SC;Maringa;PR;1.097;831.994
dez/25;EFC;Carvão Mineral;Ponta da Madeira;MA;Paraupebas;PA;28.215;24.293.115
dez/25;EFC;Cobre;Paraupebas;PA;Ponta da Madeira Cobre;MA;99.823;87.045.656
dez/25;EFC;Ferro Gusa;Açailândia;MA;Ponta da Madeira Pêra do Píer;MA;35.568;18.698.097
dez/25;EFC;Ferro Gusa;Marabá;PA;Ponta da Madeira Pêra do Píer;MA;58.915;44.227.488
dez/25;EFC;Gasolina;Itaqui Base Combustível;MA;Açailândia;MA;8.289;4.335.147
dez/25;EFC;Gasolina;Itaqui Base Combustível;MA;Marabá;PA;10.709;8.010.332
dez/25;EFC;Minério de Ferro;Açailândia;MA;Ponta da Madeira;MA;33.836;17.357.868
dez/25;EFC;Minério de Ferro;Carajás;PA;Açailândia;MA;82.757;31.282.146
dez/25;EFC;Minério de Ferro;Carajás;PA;Marabá;PA;29.153;4.460.409
dez/25;EFC;Minério de Ferro;Carajás;PA;Ponta da Madeira;MA;6.067.892;5.416.577.339
dez/25;EFC;Minério de Ferro;Marabá;PA;Açailândia;MA;10.431;2.346.975
dez/25;EFC;Minério de Ferro;Serra Leste;PA;Açailândia;MA;13.213;4.206.252
dez/25;EFC;Minério de Ferro;Serra Leste;PA;Ponta da Madeira;MA;931.960;774.777.488
dez/25;EFC;Minério de Ferro;Serra Sul;PA;Ponta da Madeira;MA;7.836.255;7.416.122.022
dez/25;EFC;Óleo Diesel;Itaqui Base Combustível;MA;Açailândia;MA;20.743;10.848.589
dez/25;EFC;Óleo Diesel;Itaqui Base Combustível;MA;Marabá;PA;41.707;31.197.890
dez/25;EFPO;Cimento acondicionado;Agrária;PR;Cascavel;PR;2.020;486.007
dez/25;EFPO;Soja;Cascavel;PR;Agrária;PR;14.295;3.439.346
dez/25;EFVM;Antracito;Tubarão;ES;Intendente Câmara;MG;83.671;36.255.385
dez/25;EFVM;Carvão Mineral;Tubarão;ES;Bela Vista de Minas;MG;5.672;2.971.526
dez/25;EFVM;Carvão Mineral;Tubarão;ES;Intendente Câmara;MG;29.245;12.899.793
dez/25;EFVM;Carvão Mineral;Tubarão;ES;Ouro Branco;MG;123.539;82.879.350
dez/25;EFVM;Celulose;Frederico Selow;MG;Aracruz;ES;72.874;27.005.136
dez/25;EFVM;Contêiner Cheio de 20 Pés;Tubarão;ES;Nova Granja;MG;362;248.525
dez/25;EFVM;Coque;Pedro Nolasco;ES;Prudente de Morais;MG;4.110;2.961.275
dez/25;EFVM;Coque;Tubarão;ES;Prudente de Morais;MG;29.605;21.530.123
dez/25;EFVM;Coque Metalúrgico;Tubarão;ES;Bela Vista de Minas;MG;30.546;16.002.866
dez/25;EFVM;Ferro Gusa;Aroaba;ES;Pedro Nolasco;ES;12.232;294.460
dez/25;EFVM;Ferro Gusa;Funil;MG;Pedro Nolasco;ES;2.959;1.896.784
dez/25;EFVM;Ferro Gusa;Funil;MG;Tubarão;ES;4.345;2.804.348
dez/25;EFVM;Minério de Ferro;Barão de Cocais;MG;Intendente Câmara;MG;31.575;5.309.557
dez/25;EFVM;Minério de Ferro;Barão de Cocais;MG;Tubarão;ES;70.131;42.167.525
dez/25;EFVM;Minério de Ferro;Bicas;MG;Tubarão;ES;169.902;92.376.906
dez/25;EFVM;Minério de Ferro;Brucutu;MG;Tubarão;ES;2.495.394;1.459.088.702
dez/25;EFVM;Minério de Ferro;Capitão Eduardo;MG;Intendente Câmara;MG;55.402;12.022.790
dez/25;EFVM;Minério de Ferro;Capitão Eduardo;MG;Tubarão;ES;35.796;23.467.212
dez/25;EFVM;Minério de Ferro;Conceição;MG;Tubarão;ES;1.608.042;873.962.852
dez/25;EFVM;Minério de Ferro;Fábrica Muro;MG;Tubarão;ES;249.156;168.572.966
dez/25;EFVM;Minério de Ferro;Fazendão;MG;Tubarão;ES;1.230.747;732.568.783
dez/25;EFVM;Minério de Ferro;João Correia;MG;Tubarão;ES;124.657;52.971.120
dez/25;EFVM;Minério de Ferro;João Paulo;MG;Tubarão;ES;643.578;348.850.691
dez/25;EFVM;Minério de Ferro;Mário Carvalho;MG;Tubarão;ES;241.833;108.083.630
dez/25;EFVM;Minério de Ferro;Ouro Branco;MG;Intendente Câmara;MG;47.473;11.287.417
dez/25;EFVM;Minério de Ferro;Ouro Branco;MG;Piraqueaçu;ES;10.289;6.155.311
dez/25;EFVM;Minério de Ferro;Ouro Branco;MG;Tubarão;ES;89.352;60.616.575
dez/25;EFVM;Minério de Ferro;Pátio 206;MG;Intendente Câmara;MG;12.580;2.062.101
dez/25;EFVM;Minério de Ferro;Pátio 206;MG;Tubarão;ES;292.655;174.723.814
dez/25;EFVM;Minério de Ferro;Timbopeba;MG;Intendente Câmara;MG;13.178;2.442.621
dez/25;EFVM;Minério de Ferro;Timbopeba;MG;Piraqueaçu;ES;4.712;2.571.965
dez/25;EFVM;Minério de Ferro;Timbopeba;MG;Tubarão;ES;1.331.299;820.159.664
dez/25;EFVM;Minério de Ferro;Tubarão;ES;Intendente Câmara;MG;9.060;3.996.311
dez/25;EFVM;Minério de Ferro;Tubarão;ES;Mário Carvalho;MG;16.119;7.209.493
dez/25;EFVM;Outros - adubos e Fertilizantes;Tubarão;ES;Brejo Alegre;MG;42.327;59.859.730
dez/25;EFVM;Prd. Siderúrgicos - Bobina - BF;Intendente Câmara;MG;Capitão Eduardo;MG;25.968;5.620.866
dez/25;EFVM;Prd. Siderúrgicos - Bobina - BF;Intendente Câmara;MG;Carreira Comprida;MG;5.733;1.280.924
dez/25;EFVM;Prd. Siderúrgicos - Bobina - BF;Intendente Câmara;MG;Couto e Silva;MG;3.235;821.544
dez/25;EFVM;Prd. Siderúrgicos - Bobina - BF;Intendente Câmara;MG;Embiruçu;MG;35.048;8.667.479
dez/25;EFVM;Prd. Siderúrgicos - Bobina - BF;Intendente Câmara;MG;Horto Florestal;MG;12.991;2.857.444
dez/25;EFVM;Prd. Siderúrgicos - Bobina - BF;Intendente Câmara;MG;Lafaiete Bandeira;MG;22.189;4.943.254
dez/25;EFVM;Prd. Siderúrgicos - Bobina - BF;Intendente Câmara;MG;Tubarão;ES;13.214;5.723.127
dez/25;EFVM;Prd. Siderúrgicos - Bobina - BF;Mário Carvalho;MG;Capitão Eduardo;MG;2.304;466.261
dez/25;EFVM;Prd. Siderúrgicos - Bobina - BF;Tubarão;ES;Lafaiete Bandeira;MG;5.639;3.741.553
dez/25;EFVM;Prd. Siderúrgicos - Bobina - BF;Tubarão;ES;Parque Industrial;MG;7.002;4.713.371
dez/25;EFVM;Prd. Siderúrgicos - Fio Máquina;João Monlevade;MG;Capitão Eduardo;MG;5.295;653.163
dez/25;EFVM;Prd. Siderúrgicos - Fio Máquina;João Monlevade;MG;Dr. Lund;MG;15.475;2.511.692
dez/25;EFVM;Prd. Siderúrgicos - Fio Máquina;João Monlevade;MG;Governador Valadares;MG;2.742;559.751
dez/25;EFVM;Prd. Siderúrgicos - Fio Máquina;João Monlevade;MG;Nova Granja;MG;858;130.623
dez/25;EFVM;Prd. Siderúrgicos - Fio Máquina;João Monlevade;MG;Parque Industrial;MG;2.608;391.482
dez/25;EFVM;Prd. Siderúrgicos - Fio Máquina;João Monlevade;MG;Pedro Nolasco;ES;4.980;2.633.281
dez/25;EFVM;Prd. Siderúrgicos - Fio Máquina;João Monlevade;MG;Tubarão;ES;2.326;1.224.997
dez/25;EFVM;Prd. Siderúrgicos - Fio Máquina;Ouro Branco;MG;Tubarão;ES;5.842;3.919.257
dez/25;EFVM;Prd. Siderúrgicos - Outros;Intendente Câmara;MG;Capitão Eduardo;MG;10.448;2.262.089
dez/25;EFVM;Prd. Siderúrgicos - Outros;Intendente Câmara;MG;Horto Florestal;MG;2.007;441.451
dez/25;EFVM;Prd. Siderúrgicos - Outros;Intendente Câmara;MG;Lafaiete Bandeira;MG;9.982;2.242.131
dez/25;EFVM;Prd. Siderúrgicos - Outros;Intendente Câmara;MG;Tubarão;ES;1.431;619.781
dez/25;EFVM;Prd. Siderúrgicos - Outros;Ouro Branco;MG;Pedro Nolasco;ES;599;403.081
dez/25;EFVM;Prd. Siderúrgicos - Outros;Ouro Branco;MG;Tubarão;ES;1.780;1.207.554
dez/25;EFVM;Prd. Siderúrgicos - Placa;Intendente Câmara;MG;Lafaiete Bandeira;MG;3.940;877.694
dez/25;EFVM;Prd. Siderúrgicos - Placa;Tubarão;ES;Divinopolis;MG;1.337;1.087.812
dez/25;EFVM;Prd. Siderúrgicos - Tarugo;João Monlevade;MG;Parque Industrial;MG;1.667;242.258
dez/25;EFVM;Prd. Siderúrgicos - Tarugo;Ouro Branco;MG;Tubarão;ES;67.170;45.062.740
dez/25;EFVM;Toras de Madeira;Desembargador Drumond;MG;Frederico Selow;MG;25.141;2.731.167
dez/25;EFVM;Toras de Madeira;Eng. Costa Lacerda;MG;Frederico Selow;MG;20.708;3.536.305
dez/25;EFVM;Ureia;Tubarão;ES;Brejo Alegre;MG;65.958;93.276.443
dez/25;EFVM;Veículos;Frederico Selow;MG;Intendente Câmara;MG;1;36
dez/25;EFVM;Veículos;Intendente Câmara;MG;Frederico Selow;MG;1;36
dez/25;FCA;Açúcar;Guará;SP;Estação TUF;SP;218.008;139.221.965
dez/25;FCA;Açúcar;Ribeirão Preto;SP;Estação TUF;SP;18.693;10.201.458
dez/25;FCA;Açúcar;Ribeirão Preto;SP;Santos;SP;56.294;31.267.597
dez/25;FCA;Açúcar;Terminal Integrador Uberaba;MG;Estação TUF;SP;12.759;10.681.503
dez/25;FCA;Areia;Pedreira Rio das Velhas;MG;Capitão Eduardo;MG;53.911;352.146
dez/25;FCA;Areia;Roncador Novo;GO;Brasília;DF;2.239;547.585
dez/25;FCA;Bauxita;Bauxita;MG;Alumínio;SP;32.606;9.122.995
dez/25;FCA;Calcário Britado;Terminal Siderúrgico;MG;Calcario;RJ;70.114;33.760.451
dez/25;FCA;Calcário Corretivo;Matozinhos;MG;Tubarão;ES;31.160;22.116.391
dez/25;FCA;Calcário Siderúrgico;Matozinhos;MG;Tubarão;ES;3.859;2.749.749
dez/25;FCA;Calcário Siderúrgico;Nova Granja;MG;Tubarão;ES;32.691;22.382.835
dez/25;FCA;Celulose;LD Celulose;MG;Aracruz;ES;26.880;36.210.746
dez/25;FCA;Clínquer;Terminal Siderúrgico;MG;Calcario;RJ;17.918;8.627.660
dez/25;FCA;Cloreto de Potássio;Estação TUF;SP;Valefertil;MG;4.920;3.419.395
dez/25;FCA;Cloreto de Potássio;Fosfago;GO;Final Ramal das Fábricas;SP;32.687;33.407.159
dez/25;FCA;Contêiner Cheio de 20 Pés;Batista Almeida;MG;Calcario;RJ;1.974;942.204
dez/25;FCA;Contêiner Cheio de 20 Pés;Nova Granja;MG;Tubarão;ES;37.393;25.671.601
dez/25;FCA;Cromita;Itiuba;BA;Irapui;BA;31.876;9.625.882
dez/25;FCA;Demais Produtos;Embiruçu;MG;Tubarão;ES;17.158;11.805.561
dez/25;FCA;Demais Produtos;Prudente de Morais;MG;Tubarão;ES;4.014;2.914.545
dez/25;FCA;Dolomita;Terminal Siderúrgico;MG;Calcario;RJ;30.029;14.459.203
dez/25;FCA;Enxofre;Estação TUF;SP;Fosfago;GO;19.673;20.322.883
dez/25;FCA;Enxofre;Estação TUF;SP;Valefertil;MG;89.331;61.754.160
dez/25;FCA;Farelo de Soja;Brejo Alegre;MG;Estação TUF;SP;16.966;16.099.121
dez/25;FCA;Farelo de Soja;Brejo Alegre;MG;Santos;SP;37.804;34.731.026
dez/25;FCA;Farelo de Soja;General Curado;GO;Tubarão;ES;9.113;16.003.740
dez/25;FCA;Farelo de Soja;Ipameri;GO;Santos;SP;27.452;28.374.744
dez/25;FCA;Ferro Gusa;Paulo Menicucci;MG;Pedro Nolasco;ES;4.500;3.711.523
dez/25;FCA;Ferro Gusa;Paulo Menicucci;MG;Tubarão;ES;7.617;6.324.948
dez/25;FCA;Ferro Gusa;Prudente de Morais;MG;Pedro Nolasco;ES;9.503;6.869.860
dez/25;FCA;Ferro Gusa;Prudente de Morais;MG;Tubarão;ES;4.015;2.915.271
dez/25;FCA;Fosfato;Catalão;GO;Valefertil;MG;5.557;1.684.009
dez/25;FCA;Gasolina;Embiruçu;MG;Governador Valadares;MG;2.709;973.898
dez/25;FCA;Gesso;Valefertil;MG;Brasília;DF;717;443.304
dez/25;FCA;Grãos - Milho;Brejo Alegre;MG;Tubarão;ES;262.045;370.589.532
dez/25;FCA;Grãos - Milho;Terminal Integrador Uberaba;MG;Conceiçãozinha;SP;76.392;64.018.325
dez/25;FCA;Grãos - Milho;Terminal Integrador Uberaba;MG;Santos;SP;43.338;36.406.266
dez/25;FCA;Magnesita;Catiboaba;BA;Parque Industrial;MG;8.966;9.189.051
dez/25;FCA;Magnesita;Catiboaba;BA;Porto de Aratu;BA;8.717;5.284.611
dez/25;FCA;Minério de Ferro;Terminal de Patrocínio;MG;Terminal de Fosfatados;MG;191.614;37.106.242
dez/25;FCA;Óleo Diesel;Embiruçu;MG;Governador Valadares;MG;1.109;398.512
dez/25;FCA;Outros - adubos e Fertiliz - Perigoso;Estação TUF;SP;Valefertil;MG;2.004;1.392.777
dez/25;FCA;Outros - adubos e Fertilizantes;Estação TUF;SP;Valefertil;MG;5.998;4.168.604
dez/25;FCA;Prd. Siderúrgicos - Vergalhões;Parque Industrial;MG;Tubarão;ES;256;173.453
dez/25;FCA;Soja;Brejo Alegre;MG;Estação TUF;SP;2.477;2.254.653
dez/25;FCA;Soja;Terminal Integrador Uberaba;MG;Estação TUF;SP;426.654;345.837.743
dez/25;FCA;Soja;Terminal Integrador Uberaba;MG;Santos;SP;24.537;19.800.911
dez/25;FCA;Ureia;Estação TUF;SP;Valefertil;MG;8.530;5.913.536
dez/25;FCA;Veículos;Boa Vista Nova;SP;Pedreira Rio das Velhas;MG;919;1.123.726
dez/25;FNSTN;Adubo Fert em Geral a Granel  - Perigoso;Ponta da Madeira;MA;Palmeirante;TO;31.330;30.202.120
dez/25;FNSTN;Álcool;Porto Nacional;TO;Itaqui Base Combustível;MA;3.810;4.748.750
dez/25;FNSTN;Celulose;Suzano;MA;Pátio Esso;MA;149.920;92.286.854
dez/25;FNSTN;Cloreto de Potássio;Ponta da Madeira;MA;Palmeirante;TO;7.019;6.766.316
dez/25;FNSTN;Contêiner Cheio de 40 Pés;Porto Nacional;TO;Imperatriz;MA;3.468;2.186.574
dez/25;FNSTN;Contêiner Vazio de 40 Pés;Imperatriz;MA;Porto Nacional;TO;406;255.983
dez/25;FNSTN;Contêiner Vazio de 40 Pés;Porto Nacional;TO;Imperatriz;MA;66;41.613
dez/25;FNSTN;Gasolina;Itaqui Base Combustível;MA;Palmeirante;TO;652;635.048
dez/25;FNSTN;Gasolina;Itaqui Base Combustível;MA;Porto Nacional;TO;10.038;12.503.698
dez/25;FNSTN;Grãos - Milho;Palmeirante;TO;Ponta da Madeira Pêra do Píer;MA;250.208;244.850.001
dez/25;FNSTN;Grãos - Milho;Porto Nacional;TO;Ponta da Madeira Pêra do Píer;MA;32.695;40.944.234
dez/25;FNSTN;Óleo Diesel;Itaqui Base Combustível;MA;Palmeirante;TO;8.542;8.319.908
dez/25;FNSTN;Óleo Diesel;Itaqui Base Combustível;MA;Porto Nacional;TO;28.971;36.083.851
dez/25;FNSTN;Outros - adubos e Fertilizantes;Ponta da Madeira;MA;Palmeirante;TO;3.829;3.691.156
dez/25;FNSTN;Outros - Comb e derivado -  Perigoso;Porto Nacional;TO;Itaqui Base Combustível;MA;4.856;6.048.148
dez/25;FNSTN;Soja;Palmeirante;TO;Ponta da Madeira Pêra do Píer;MA;68.582;67.015.849
dez/25;FNSTN;Soja;Porto Franco;MA;Ponta da Madeira Pêra do Píer;MA;158;115.412
dez/25;FNSTN;Soja;Porto Nacional;TO;Ponta da Madeira Pêra do Píer;MA;66.403;82.939.730
dez/25;FTC;Carvão Mineral;Mina Novo Horizonte;SC;Capivari;SC;58.969;3.258.688
dez/25;FTC;Carvão Mineral;Rio Fiorita;SC;Capivari;SC;117.936;9.302.099
dez/25;FTC;Carvão Mineral;Sangão;SC;Capivari;SC;5.791;405.665
dez/25;FTC;Carvão Mineral;Urussanga;SC;Capivari;SC;24.245;1.565.168
dez/25;FTC;Contêiner Cheio de 20 Pés;Eng. Paz Ferreira;SC;Imbituba;SC;27.964;2.981.018
dez/25;FTC;Contêiner Cheio de 20 Pés;Imbituba;SC;Eng. Paz Ferreira;SC;5;533
dez/25;FTC;Contêiner Cheio de 40 Pés;Eng. Paz Ferreira;SC;Imbituba;SC;5.034;536.634
dez/25;FTC;Contêiner Cheio de 40 Pés;Imbituba;SC;Eng. Paz Ferreira;SC;3.419;364.472
dez/25;FTC;Contêiner Vazio de 20 Pés;Imbituba;SC;Eng. Paz Ferreira;SC;2.247;239.534
dez/25;FTC;Contêiner Vazio de 40 Pés;Eng. Paz Ferreira;SC;Imbituba;SC;27;2.878
dez/25;FTC;Contêiner Vazio de 40 Pés;Imbituba;SC;Eng. Paz Ferreira;SC;50;5.330
dez/25;FTL;Álcool;Itaqui;MA;Itarare;PI;100;46.314
dez/25;FTL;Areia;Aracapé;CE;Crateus;CE;40;17.526
dez/25;FTL;Areia;Aracapé;CE;São Luis - Tirirical;MA;40;47.020
dez/25;FTL;Areia;Aracapé;CE;Sobral;CE;40;9.223
dez/25;FTL;Areia;Aracapé;CE;Teresina;PI;80;58.440
dez/25;FTL;Celulose;Pátio Esso;MA;Itaqui;MA;142.640;285.280
dez/25;FTL;Cimento acondicionado;Poty;CE;Aracapé;CE;2.801;651.789
dez/25;FTL;Cimento acondicionado;Poty;CE;Teresina;PI;15.591;7.826.744
dez/25;FTL;Clínquer;Poty;CE;São Luis - Tirirical;MA;11.478;10.995.969
dez/25;FTL;Coque;Mucuripe;CE;Poty;CE;3.817;970.998
dez/25;FTL;Demais Produtos;Água Branca;PI;Castelo;PI;23;842
dez/25;FTL;Demais Produtos;AMV km 26 Itaqui;MA;Itapecuru Mirim;MA;45;4.567
dez/25;FTL;Demais Produtos;Aracapé;CE;Cana Brava;PI;43;22.166
dez/25;FTL;Demais Produtos;Carga Ferro Gusa e Cruz;MA;Babaçu;MA;3.376;914.896
dez/25;FTL;Demais Produtos;Carga Ferro Gusa e Cruz;MA;Itapecuru Mirim;MA;855;58.444
dez/25;FTL;Demais Produtos;Caxias Nova;MA;Babaçu;MA;10;472
dez/25;FTL;Demais Produtos;Caxias Nova;MA;São Luis - Tirirical;MA;10;3.662
dez/25;FTL;Demais Produtos;Coroatá;MA;Nova Russas;CE;40;22.839
dez/25;FTL;Demais Produtos;São Luis - Tirirical;MA;Itapecuru Mirim;MA;18;2.094
dez/25;FTL;Demais Produtos;São Luis - Tirirical;MA;Oficina Demostenes Rockert;CE;1;1.187
dez/25;FTL;Demais Produtos;Teresina;PI;Aracapé;CE;13;9.496
dez/25;FTL;Demais Produtos;Teresina;PI;Nova Russas;CE;362;127.302
dez/25;FTL;Demais Produtos;Teresina;PI;Oficina Demostenes Rockert;CE;5;3.655
dez/25;FTL;Dormente de Concreto;Carga Ferro Gusa e Cruz;MA;Teresina;PI;173;68.480
dez/25;FTL;Dormentes de Madeira;Aracapé;CE;Itapipoca;CE;11;1.481
dez/25;FTL;Dormentes de Madeira;Aracapé;CE;Miraíma;CE;7;1.267
dez/25;FTL;Dormentes de Madeira;Aracapé;CE;Reriutaba;CE;15;4.352
dez/25;FTL;Dormentes de Madeira;Caxias Nova;MA;Altos;PI;39;4.592
dez/25;FTL;Dormentes de Madeira;Caxias Nova;MA;Cariré;CE;8;4.367
dez/25;FTL;Dormentes de Madeira;Caxias Nova;MA;Castelo;PI;12;2.872
dez/25;FTL;Dormentes de Madeira;Caxias Nova;MA;Codó;MA;12;1.043
dez/25;FTL;Dormentes de Madeira;Caxias Nova;MA;Coroatá;MA;24;3.373
dez/25;FTL;Dormentes de Madeira;Caxias Nova;MA;Cristino Cruz Novo;MA;20;623
dez/25;FTL;Dormentes de Madeira;Caxias Nova;MA;Ibiapaba;CE;8;2.672
dez/25;FTL;Dormentes de Madeira;Caxias Nova;MA;Itapecuru Mirim;MA;20;4.997
dez/25;FTL;Dormentes de Madeira;Caxias Nova;MA;Miraíma;CE;16;10.051
dez/25;FTL;Dormentes de Madeira;Caxias Nova;MA;Morro Alegre;PI;96;19.224
dez/25;FTL;Dormentes de Madeira;Caxias Nova;MA;Nova Russas;CE;8;3.443
dez/25;FTL;Dormentes de Madeira;Caxias Nova;MA;Pirapemas;MA;20;3.905
dez/25;FTL;Dormentes de Madeira;Caxias Nova;MA;Reriutaba;CE;8;4.152
dez/25;FTL;Dormentes de Madeira;Caxias Nova;MA;São Luis - Tirirical;MA;32;12.072
dez/25;FTL;Dormentes de Madeira;Caxias Nova;MA;Sombra;PI;13;2.274
dez/25;FTL;Dormentes de Madeira;Crateus;CE;Aracapé;CE;24;10.515
dez/25;FTL;Dormentes de Madeira;Crateus;CE;Cariré;CE;17;2.971
dez/25;FTL;Dormentes de Madeira;Crateus;CE;Castelo;PI;12;1.580
dez/25;FTL;Dormentes de Madeira;Crateus;CE;Croatá;CE;32;11.810
dez/25;FTL;Dormentes de Madeira;Crateus;CE;Itapipoca;CE;32;9.711
dez/25;FTL;Dormentes de Madeira;Crateus;CE;Morro Alegre;PI;72;12.300
dez/25;FTL;Dormentes de Madeira;Crateus;CE;Nova Russas;CE;24;1.423
dez/25;FTL;Dormentes de Madeira;Crateus;CE;Reriutaba;CE;4;591
dez/25;FTL;Dormentes de Madeira;Crateus;CE;Sobral;CE;8;1.660
dez/25;FTL;Dormentes de Madeira;Crateus;CE;Sombra;PI;12;2.353
dez/25;FTL;Gasolina;Itaqui;MA;Itarare;PI;11.667;5.403.567
dez/25;FTL;Gasolina;Itaqui;MA;Teresina;PI;9.410;4.327.721
dez/25;FTL;Gasolina;Teresina;PI;Itaqui;MA;95;42.669
dez/25;FTL;Óleo Diesel;Itaqui;MA;Itarare;PI;9.955;4.610.445
dez/25;FTL;Óleo Diesel;Itaqui;MA;Teresina;PI;11.995;5.514.874
dez/25;FTL;Pó de Pedra;Carga Ferro Gusa e Cruz;MA;AMV km 26 Itaqui;MA;45;1.491
dez/25;FTL;Pó de Pedra;Carga Ferro Gusa e Cruz;MA;Castelo;PI;45;24.963
dez/25;FTL;Prd. Siderúrgicos - Bobina - BF;Aracapé;CE;São Luis - Tirirical;MA;3.250;3.820.387
dez/25;FTL;Prd. Siderúrgicos - Bobina - BF;Aracapé;CE;Teresina;PI;10.746;7.849.995
dez/25;FTL;Prd. Siderúrgicos - Outros;Miraíma;CE;Oficina Demostenes Rockert;CE;15;2.722
dez/25;FTL;Produtos Químicos - Perigoso;Aracapé;CE;Oficina Demostenes Rockert;CE;4;78
dez/25;FTL;Produtos Químicos - Perigoso;Sobral;CE;Oficina Demostenes Rockert;CE;4;924
dez/25;FTL;Produtos Químicos - Perigoso;Teresina;PI;Oficina Demostenes Rockert;CE;28;20.468
dez/25;MRS;Açúcar;Pederneiras;SP;Estação TUF;SP;87.488;44.525.966
dez/25;MRS;Açúcar;Pradopolis;SP;Santos;SP;90.825;48.914.128
dez/25;MRS;Açúcar;Rio Preto Paulista;SP;Santos;SP;51.086;34.257.351
dez/25;MRS;Açúcar;Votuporanga;SP;Santos;SP;45.633;34.943.743
dez/25;MRS;Areia;Cruzeiro;SP;Mooca;SP;23.923;5.668.937
dez/25;MRS;Areia;Cruzeiro;SP;Santo André;SP;6.239;1.567.299
dez/25;MRS;Areia;Parque Industrial;MG;Água Branca;SP;6.090;4.682.826
dez/25;MRS;Bauxita;Barão de Angra;RJ;Alumínio;SP;44.471;30.190.161
dez/25;MRS;Calcário Siderúrgico;Itutinga;MG;Volta Redonda;RJ;106;21.918
dez/25;MRS;Carvão Mineral;Baia Sepetiba;RJ;Volta Redonda;RJ;64.590;7.685.951
dez/25;MRS;Carvão Mineral;Curuputuba;SP;Volta Redonda;RJ;11.731;2.035.786
dez/25;MRS;Carvão Mineral;Porto Sudeste;RJ;Ouro Branco;MG;31.519;14.888.945
dez/25;MRS;Celulose;Pederneiras;SP;Santos;SP;146.200;76.179.849
dez/25;MRS;Celulose;Santos;SP;Pederneiras;SP;470;244.901
dez/25;MRS;Celulose;São Silvestre;SP;Barnabé;SP;70.928;7.160.890
dez/25;MRS;Cimento a Granel;Barbacena;MG;Santo André;SP;47.641;31.543.868
dez/25;MRS;Cimento a Granel;Pedra do Sino;MG;São Bento;SP;54.606;35.582.634
dez/25;MRS;Cimento a Granel;Terminal Cimento Barroso;MG;Deodoro;RJ;2.960;1.056.231
dez/25;MRS;Cimento acondicionado;Capuava;SP;Volta Redonda;RJ;140;50.701
dez/25;MRS;Cimento acondicionado;Pedra do Sino;MG;Arará;RJ;6.109;3.241.056
dez/25;MRS;Cimento acondicionado;Volta Redonda;RJ;Água Branca;SP;144;50.127
dez/25;MRS;Cimento acondicionado;Volta Redonda;RJ;Arará;RJ;11.956;1.729.590
dez/25;MRS;Cimento acondicionado;Volta Redonda;RJ;Benfica;MG;980;212.192
dez/25;MRS;Cimento acondicionado;Volta Redonda;RJ;Capuava;SP;431;155.193
dez/25;MRS;Cimento acondicionado;Volta Redonda;RJ;Pedrasil;SP;3.012;504.732
dez/25;MRS;Cimento acondicionado;Volta Redonda;RJ;São José dos Campos;SP;2.842;670.686
dez/25;MRS;Cimento acondicionado;Wilson Lobato;MG;Água Branca;SP;1.890;1.605.029
dez/25;MRS;Cimento acondicionado;Wilson Lobato;MG;Capuava;SP;7.630;6.570.902
dez/25;MRS;Cimento acondicionado;Wilson Lobato;MG;Mogi das Cruzes;SP;2.100;1.750.583
dez/25;MRS;Cimento acondicionado;Wilson Lobato;MG;Pedrasil;SP;350;235.500
dez/25;MRS;Cimento acondicionado;Wilson Lobato;MG;São José dos Campos;SP;770;567.572
dez/25;MRS;Contêiner Cheio de 20 Pés;Arará;RJ;Couto e Silva;MG;266;175.178
dez/25;MRS;Contêiner Cheio de 20 Pés;Arará;RJ;Dias Tavares;MG;408;119.820
dez/25;MRS;Contêiner Cheio de 20 Pés;Arará;RJ;Eldorado;MG;4.453;2.861.545
dez/25;MRS;Contêiner Cheio de 20 Pés;Arará;RJ;Floriano;RJ;9.057;1.559.524
dez/25;MRS;Contêiner Cheio de 20 Pés;Arará;RJ;Itatiaia;RJ;653;132.513
dez/25;MRS;Contêiner Cheio de 20 Pés;Arará;RJ;MultiTerminais;RJ;552;110.210
dez/25;MRS;Contêiner Cheio de 20 Pés;Arará;RJ;Suzano Novo;SP;98;45.804
dez/25;MRS;Contêiner Cheio de 20 Pés;Barnabé;SP;Curuputuba;SP;229;46.717
dez/25;MRS;Contêiner Cheio de 20 Pés;Barnabé;SP;Jundiaí;SP;35;4.511
dez/25;MRS;Contêiner Cheio de 20 Pés;Brisamar;RJ;Arará;RJ;5;486
dez/25;MRS;Contêiner Cheio de 20 Pés;Conceiçãozinha;SP;Curuputuba;SP;237;50.284
dez/25;MRS;Contêiner Cheio de 20 Pés;Conceiçãozinha;SP;Eng. Neiva;SP;1.115;270.501
dez/25;MRS;Contêiner Cheio de 20 Pés;Conceiçãozinha;SP;Jundiaí;SP;342;46.874
dez/25;MRS;Contêiner Cheio de 20 Pés;Cragea;SP;Barnabé;SP;447;20.019
dez/25;MRS;Contêiner Cheio de 20 Pés;Curuputuba;SP;Arará;RJ;5.360;1.705.562
dez/25;MRS;Contêiner Cheio de 20 Pés;Curuputuba;SP;Barnabé;SP;3.226;658.129
dez/25;MRS;Contêiner Cheio de 20 Pés;Curuputuba;SP;Conceiçãozinha;SP;5.706;1.210.646
dez/25;MRS;Contêiner Cheio de 20 Pés;Curuputuba;SP;Final Ramal das Fábricas;SP;572;124.999
dez/25;MRS;Contêiner Cheio de 20 Pés;Eldorado;MG;Arará;RJ;4.978;2.903.696
dez/25;MRS;Contêiner Cheio de 20 Pés;Eldorado;MG;Barnabé;SP;512;407.859
dez/25;MRS;Contêiner Cheio de 20 Pés;Eldorado;MG;Brisamar;RJ;463;257.921
dez/25;MRS;Contêiner Cheio de 20 Pés;Final Ramal das Fábricas;SP;Edmar Alves;SP;126;20.530
dez/25;MRS;Contêiner Cheio de 20 Pés;Floriano;RJ;Brisamar;RJ;172;24.341
dez/25;MRS;Contêiner Cheio de 20 Pés;Itutinga;MG;Barnabé;SP;1.468;823.658
dez/25;MRS;Contêiner Cheio de 20 Pés;Itutinga;MG;Brisamar;RJ;65;20.850
dez/25;MRS;Contêiner Cheio de 20 Pés;Jundiaí;SP;Barnabé;SP;113;14.516
dez/25;MRS;Contêiner Cheio de 20 Pés;Jundiaí;SP;Conceiçãozinha;SP;152;20.833
dez/25;MRS;Contêiner Cheio de 20 Pés;Parque Industrial;MG;Itaguai;RJ;195;109.992
dez/25;MRS;Contêiner Cheio de 20 Pés;Parque Industrial;MG;Pedrasil;SP;101;59.153
dez/25;MRS;Contêiner Cheio de 20 Pés - Perigoso;Arará;RJ;Dias Tavares;MG;2.281;671.181
dez/25;MRS;Contêiner Cheio de 20 Pés - Perigoso;Conceiçãozinha;SP;Eng. Neiva;SP;749;181.709
dez/25;MRS;Contêiner Cheio de 40 Pés;Arará;RJ;Couto e Silva;MG;83;54.660
dez/25;MRS;Contêiner Cheio de 40 Pés;Arará;RJ;Dias Tavares;MG;308;90.628
dez/25;MRS;Contêiner Cheio de 40 Pés;Arará;RJ;Edmar Alves;SP;604;221.440
dez/25;MRS;Contêiner Cheio de 40 Pés;Arará;RJ;Eldorado;MG;264;169.649
dez/25;MRS;Contêiner Cheio de 40 Pés;Arará;RJ;Floriano;RJ;1.992;343.002
dez/25;MRS;Contêiner Cheio de 40 Pés;Arará;RJ;Itatiaia;RJ;72;14.610
dez/25;MRS;Contêiner Cheio de 40 Pés;Arará;RJ;MultiTerminais;RJ;63;12.553
dez/25;MRS;Contêiner Cheio de 40 Pés;Arará;RJ;Suzano Novo;SP;2.291;1.070.789
dez/25;MRS;Contêiner Cheio de 40 Pés;Barnabé;SP;Conceiçãozinha;SP;2.646;21.062
dez/25;MRS;Contêiner Cheio de 40 Pés;Barnabé;SP;Curuputuba;SP;3.996;815.215
dez/25;MRS;Contêiner Cheio de 40 Pés;Barnabé;SP;Jundiaí;SP;3.958;510.182
dez/25;MRS;Contêiner Cheio de 40 Pés;Barnabé;SP;Suzano Novo;SP;1.328;73.751
dez/25;MRS;Contêiner Cheio de 40 Pés;Brisamar;RJ;Floriano;RJ;4.786;677.329
dez/25;MRS;Contêiner Cheio de 40 Pés;Brisamar;RJ;Prudente de Morais;MG;20;14.329
dez/25;MRS;Contêiner Cheio de 40 Pés;Conceiçãozinha;SP;Curuputuba;SP;4.381;929.521
dez/25;MRS;Contêiner Cheio de 40 Pés;Conceiçãozinha;SP;Edmar Alves;SP;819;134.415
dez/25;MRS;Contêiner Cheio de 40 Pés;Conceiçãozinha;SP;Eng. Neiva;SP;781;189.472
dez/25;MRS;Contêiner Cheio de 40 Pés;Conceiçãozinha;SP;Jundiaí;SP;8.232;1.128.291
dez/25;MRS;Contêiner Cheio de 40 Pés;Cragea;SP;Barnabé;SP;810;36.630
dez/25;MRS;Contêiner Cheio de 40 Pés;Cragea;SP;Conceiçãozinha;SP;250;13.346
dez/25;MRS;Contêiner Cheio de 40 Pés;Curuputuba;SP;Barnabé;SP;414;84.459
dez/25;MRS;Contêiner Cheio de 40 Pés;Eldorado;MG;Arará;RJ;16;9.324
dez/25;MRS;Contêiner Cheio de 40 Pés;Eldorado;MG;Brisamar;RJ;105;57.974
dez/25;MRS;Contêiner Cheio de 40 Pés;Eldorado;MG;Conceiçãozinha;SP;108;86.742
dez/25;MRS;Contêiner Cheio de 40 Pés;Final Ramal das Fábricas;SP;Conceiçãozinha;SP;7.762;305.302
dez/25;MRS;Contêiner Cheio de 40 Pés;Final Ramal das Fábricas;SP;Edmar Alves;SP;88;14.338
dez/25;MRS;Contêiner Cheio de 40 Pés;Floriano;RJ;Arará;RJ;871;149.977
dez/25;MRS;Contêiner Cheio de 40 Pés;Floriano;RJ;Brisamar;RJ;711;100.622
dez/25;MRS;Contêiner Cheio de 40 Pés;Jundiaí;SP;Barnabé;SP;7.844;1.010.976
dez/25;MRS;Contêiner Cheio de 40 Pés;Jundiaí;SP;Conceiçãozinha;SP;16.627;2.278.928
dez/25;MRS;Contêiner Cheio de 40 Pés;Manoel Feio;SP;Arará;RJ;241;109.439
dez/25;MRS;Contêiner Cheio de 40 Pés;Manoel Feio;SP;Benfica;MG;8;4.268
dez/25;MRS;Contêiner Cheio de 40 Pés;MultiTerminais;RJ;Arará;RJ;43;8.552
dez/25;MRS;Contêiner Cheio de 40 Pés;Replan;SP;Barnabé;SP;59;11.805
dez/25;MRS;Contêiner Cheio de 40 Pés;Replan;SP;Conceiçãozinha;SP;15;3.121
dez/25;MRS;Contêiner Cheio de 40 Pés;Suzano Novo;SP;Barnabé;SP;1.259;69.919
dez/25;MRS;Contêiner Cheio de 40 Pés;Suzano Novo;SP;Conceiçãozinha;SP;1.433;90.989
dez/25;MRS;Contêiner Cheio de 40 Pés - Perigoso;Conceiçãozinha;SP;Eng. Neiva;SP;1.001;242.845
dez/25;MRS;Contêiner Cheio de 40 Pés - Perigoso;Conceiçãozinha;SP;Jundiaí;SP;103;14.051
dez/25;MRS;Contêiner Cheio de 40 Pés - Perigoso;Final Ramal das Fábricas;SP;Jundiaí;SP;335;47.916
dez/25;MRS;Contêiner Vazio de 20 Pés;Arará;RJ;Eldorado;MG;216;138.802
dez/25;MRS;Contêiner Vazio de 20 Pés;Cragea;SP;Conceiçãozinha;SP;2.960;158.022
dez/25;MRS;Contêiner Vazio de 20 Pés;Curuputuba;SP;Conceiçãozinha;SP;67;14.215
dez/25;MRS;Contêiner Vazio de 20 Pés;Dias Tavares;MG;Arará;RJ;255;163.971
dez/25;MRS;Contêiner Vazio de 20 Pés;Eldorado;MG;Arará;RJ;35;20.432
dez/25;MRS;Contêiner Vazio de 20 Pés;Eng. Neiva;SP;Conceiçãozinha;SP;143;34.690
dez/25;MRS;Contêiner Vazio de 20 Pés;Final Ramal das Fábricas;SP;Eldorado;MG;46;44.276
dez/25;MRS;Contêiner Vazio de 20 Pés;Floriano;RJ;Arará;RJ;405;69.736
dez/25;MRS;Contêiner Vazio de 20 Pés;Floriano;RJ;Eldorado;MG;258;154.380
dez/25;MRS;Contêiner Vazio de 20 Pés;Suzano Novo;SP;Arará;RJ;9;4.205
dez/25;MRS;Contêiner Vazio de 40 Pés;Arará;RJ;Eldorado;MG;24;15.422
dez/25;MRS;Contêiner Vazio de 40 Pés;Arará;RJ;Final Ramal das Fábricas;SP;68;36.550
dez/25;MRS;Contêiner Vazio de 40 Pés;Couto e Silva;MG;Arará;RJ;20;11.977
dez/25;MRS;Contêiner Vazio de 40 Pés;Curuputuba;SP;Conceiçãozinha;SP;354;75.108
dez/25;MRS;Contêiner Vazio de 40 Pés;Dias Tavares;MG;Arará;RJ;65;44.209
dez/25;MRS;Contêiner Vazio de 40 Pés;Edmar Alves;SP;Arará;RJ;197;72.151
dez/25;MRS;Contêiner Vazio de 40 Pés;Edmar Alves;SP;Final Ramal das Fábricas;SP;102;16.620
dez/25;MRS;Contêiner Vazio de 40 Pés;Edmar Alves;SP;Manoel Feio;SP;78;6.852
dez/25;MRS;Contêiner Vazio de 40 Pés;Eldorado;MG;Arará;RJ;51;29.722
dez/25;MRS;Contêiner Vazio de 40 Pés;Eng. Neiva;SP;Conceiçãozinha;SP;272;65.988
dez/25;MRS;Contêiner Vazio de 40 Pés;Floriano;RJ;Arará;RJ;207;35.643
dez/25;MRS;Contêiner Vazio de 40 Pés;Floriano;RJ;Brisamar;RJ;507;71.752
dez/25;MRS;Contêiner Vazio de 40 Pés;Itatiaia;RJ;Arará;RJ;34;6.899
dez/25;MRS;Contêiner Vazio de 40 Pés;Jundiaí;SP;Conceiçãozinha;SP;61;8.360
dez/25;MRS;Contêiner Vazio de 40 Pés;Manoel Feio;SP;Arará;RJ;3;1.362
dez/25;MRS;Contêiner Vazio de 40 Pés;MultiTerminais;RJ;Brisamar;RJ;102;17.158
dez/25;MRS;Contêiner Vazio de 40 Pés;Nova Granja;MG;Brisamar;RJ;7;4.319
dez/25;MRS;Contêiner Vazio de 40 Pés;Suzano Novo;SP;Arará;RJ;109;50.944
dez/25;MRS;Coque;Baia Sepetiba;RJ;Volta Redonda;RJ;95.166;11.324.373
dez/25;MRS;Coque;Curuputuba;SP;Ouro Branco;MG;21.795;13.116.732
dez/25;MRS;Coque;Vespasiano;MG;Ouro Branco;MG;2.372;525.521
dez/25;MRS;Escória;Ouro Branco;MG;Wilson Lobato;MG;6.204;1.537.921
dez/25;MRS;Ferro Gusa;Prudente de Morais;MG;Arará;RJ;37.096;25.512.242
dez/25;MRS;Ferro Gusa;Prudente de Morais;MG;Dias Tavares;MG;4.826;3.688.975
dez/25;MRS;Ferro Gusa;São Bento;SP;Arará;RJ;22.635;9.814.829
dez/25;MRS;Ferro Gusa;Sarzedo Novo;MG;Arará;RJ;113.052;62.310.957
dez/25;MRS;Ferro Gusa;Sarzedo Novo;MG;Itaguai;RJ;8.999;4.751.579
dez/25;MRS;Ferro Gusa;Sarzedo Novo;MG;Volta Redonda;RJ;3.800;1.542.860
dez/25;MRS;Grãos - Milho;Pederneiras;SP;Conceiçãozinha;SP;38.232;20.176.098
dez/25;MRS;Grãos - Milho;Pederneiras;SP;Santos;SP;113.511;59.104.707
dez/25;MRS;Minério de Ferro;Baia Sepetiba;RJ;Volta Redonda;RJ;35.400;4.212.458
dez/25;MRS;Minério de Ferro;Carlos Newlands;MG;Baia Sepetiba;RJ;13.974;7.150.873
dez/25;MRS;Minério de Ferro;Carlos Newlands;MG;Brisamar;RJ;214.860;108.875.362
dez/25;MRS;Minério de Ferro;Carlos Newlands;MG;Porto Sudeste;RJ;436.191;223.286.794
dez/25;MRS;Minério de Ferro;Casa de Pedra;MG;Baia Sepetiba;RJ;1.871.404;825.496.889
dez/25;MRS;Minério de Ferro;Casa de Pedra;MG;Porto Sudeste;RJ;59.271;26.026.548
dez/25;MRS;Minério de Ferro;Casa de Pedra;MG;Volta Redonda;RJ;128.167;41.284.513
dez/25;MRS;Minério de Ferro;Cel. João Carlos Guedes;MG;Guaiba;RJ;118.913;53.000.118
dez/25;MRS;Minério de Ferro;Curuputuba;SP;Volta Redonda;RJ;68.878;11.953.363
dez/25;MRS;Minério de Ferro;Dr. Joaquim Murtinho;MG;Baia Sepetiba;RJ;349.379;159.419.230
dez/25;MRS;Minério de Ferro;Dr. Joaquim Murtinho;MG;Brisamar;RJ;283.387;127.812.921
dez/25;MRS;Minério de Ferro;Dr. Joaquim Murtinho;MG;Porto Sudeste;RJ;14.144;6.421.644
dez/25;MRS;Minério de Ferro;Itutinga;MG;Volta Redonda;RJ;166.488;34.426.080
dez/25;MRS;Minério de Ferro;Olhos D Água;MG;Baia Sepetiba;RJ;293.296;161.602.283
dez/25;MRS;Minério de Ferro;Olhos D Água;MG;Guaiba;RJ;503.578;288.604.076
dez/25;MRS;Minério de Ferro;Otavio Dapieve;MG;Baia Sepetiba;RJ;818.369;396.563.613
dez/25;MRS;Minério de Ferro;Otavio Dapieve;MG;Guaiba;RJ;1.647.559;834.814.850
dez/25;MRS;Minério de Ferro;Otavio Dapieve;MG;Siderúrgica do Atlântico;RJ;405.889;201.149.658
dez/25;MRS;Minério de Ferro;Otavio Dapieve;MG;Volta Redonda;RJ;25.271;9.238.622
dez/25;MRS;Minério de Ferro;Pires;MG;Baia Sepetiba;RJ;1.127.388;511.173.501
dez/25;MRS;Minério de Ferro;Pires;MG;Guaiba;RJ;283.981;135.042.620
dez/25;MRS;Minério de Ferro;Pires;MG;Porto Sudeste;RJ;119.330;53.867.232
dez/25;MRS;Minério de Ferro;Pires;MG;Siderúrgica do Atlântico;RJ;156.158;72.521.961
dez/25;MRS;Minério de Ferro;Sarzedo;MG;Baia Sepetiba;RJ;85.041;44.936.429
dez/25;MRS;Minério de Ferro;Sarzedo;MG;Brisamar;RJ;1.102;576.796
dez/25;MRS;Minério de Ferro;Sarzedo;MG;Guaiba;RJ;201.914;111.159.512
dez/25;MRS;Minério de Ferro;Sarzedo;MG;Porto Sudeste;RJ;364.110;193.465.479
dez/25;MRS;Minério de Ferro;Sarzedo Novo;MG;Baia Sepetiba;RJ;206.365;108.344.101
dez/25;MRS;Minério de Ferro;Sarzedo Novo;MG;Brisamar;RJ;172.043;89.464.424
dez/25;MRS;Minério de Ferro;Sarzedo Novo;MG;Guaiba;RJ;15.261;8.349.781
dez/25;MRS;Minério de Ferro;Sarzedo Novo;MG;Porto Sudeste;RJ;804.801;420.920.579
dez/25;MRS;Minério de Ferro;Sarzedo Novo;MG;Siderúrgica do Atlântico;RJ;15.213;8.154.350
dez/25;MRS;Minério de Ferro;Viga;MG;Baia Sepetiba;RJ;29.594;12.928.789
dez/25;MRS;Minério de Ferro;Viga;MG;Guaiba;RJ;118.767;54.513.102
dez/25;MRS;Minério de Ferro;Viga;MG;Siderúrgica do Atlântico;RJ;14.993;6.714.944
dez/25;MRS;Minério de Ferro Especial - MRS distancia menor 100 km;Otavio Dapieve;MG;Ouro Branco;MG;47.739;4.582.375
dez/25;MRS;Óleo Diesel;Embiruçu;MG;Cel. João Carlos Guedes;MG;4.180;606.288
dez/25;MRS;Outras - Carga Geral Não Conteinerizada;Brisamar;RJ;Volta Redonda;RJ;240;27.359
dez/25;MRS;Outras - Carga Geral Não Conteinerizada;Manoel Feio;SP;Volta Redonda;RJ;30;9.283
dez/25;MRS;Outras - Carga Geral Não Conteinerizada;Volta Redonda;RJ;Brisamar;RJ;30;3.442
dez/25;MRS;Outros Graneis Minerais;Arará;RJ;Dias Tavares;MG;5.160;1.514.331
dez/25;MRS;Outros Graneis Minerais;Arará;RJ;Terminal Paraibuna de Metais;MG;12.556;3.695.055
dez/25;MRS;Outros Graneis Minerais;Dias Tavares;MG;Prudente de Morais;MG;5.160;2.340.999
dez/25;MRS;Prd. Siderúrgicos - Bobina - BF;Lafaiete Bandeira;MG;Boa Vista Velha;SP;2.629;2.079.906
dez/25;MRS;Prd. Siderúrgicos - Bobina - BF;Lafaiete Bandeira;MG;Replan;SP;217;177.027
dez/25;MRS;Prd. Siderúrgicos - Bobina - BF;Lafaiete Bandeira;MG;São Caetano do Sul;SP;69;47.273
dez/25;MRS;Prd. Siderúrgicos - Bobina - BF;Lafaiete Bandeira;MG;Usiminas;SP;4.528;2.437.870
dez/25;MRS;Prd. Siderúrgicos - Bobina - BF;Manoel Feio;SP;Piaçaguera;SP;71;4.384
dez/25;MRS;Prd. Siderúrgicos - Bobina - BF;Ouro Branco;MG;Caçapava;SP;5.426;2.912.199
dez/25;MRS;Prd. Siderúrgicos - Bobina - BF;Ouro Branco;MG;Horto Florestal;MG;2.099;371.988
dez/25;MRS;Prd. Siderúrgicos - Bobina - BF;Ouro Branco;MG;Ipiranga;SP;759;507.120
dez/25;MRS;Prd. Siderúrgicos - Bobina - BF;Ouro Branco;MG;Parque Industrial;MG;12.280;1.973.567
dez/25;MRS;Prd. Siderúrgicos - Bobina - BF;Ouro Branco;MG;Pulverizacao;RJ;619;237.138
dez/25;MRS;Prd. Siderúrgicos - Bobina - BF;Ouro Branco;MG;São Bento;SP;12.799;7.837.441
dez/25;MRS;Prd. Siderúrgicos - Bobina - BF;Ouro Branco;MG;São Caetano do Sul;SP;3.700;2.487.631
dez/25;MRS;Prd. Siderúrgicos - Bobina - BF;Parque Industrial;MG;Boa Vista Velha;SP;785;682.081
dez/25;MRS;Prd. Siderúrgicos - Bobina - BF;Piaçaguera;SP;Barbará;RJ;1.822;662.448
dez/25;MRS;Prd. Siderúrgicos - Bobina - BF;Piaçaguera;SP;Curuputuba;SP;67;13.243
dez/25;MRS;Prd. Siderúrgicos - Bobina - BF;Piaçaguera;SP;Ipiranga;SP;1.543;81.242
dez/25;MRS;Prd. Siderúrgicos - Bobina - BF;Piaçaguera;SP;Pinheirinho;SP;1.249;82.856
dez/25;MRS;Prd. Siderúrgicos - Bobina - BF;Piaçaguera;SP;Utinga;SP;11.833;530.816
dez/25;MRS;Prd. Siderúrgicos - Bobina - BF;Pulverizacao;RJ;Ouro Branco;MG;68;26.748
dez/25;MRS;Prd. Siderúrgicos - Bobina - BF;Volta Redonda;RJ;Ipiranga;SP;1.882;648.810
dez/25;MRS;Prd. Siderúrgicos - Bobina - BQ;Horto Florestal;MG;Ipiranga;SP;2.466;1.928.599
dez/25;MRS;Prd. Siderúrgicos - Bobina - BQ;Horto Florestal;MG;Piaçaguera;SP;644;517.583
dez/25;MRS;Prd. Siderúrgicos - Bobina - BQ;Horto Florestal;MG;Usiminas;SP;2.761;1.774.000
dez/25;MRS;Prd. Siderúrgicos - Bobina - BQ;Lafaiete Bandeira;MG;Barbará;RJ;1.729;612.512
dez/25;MRS;Prd. Siderúrgicos - Bobina - BQ;Lafaiete Bandeira;MG;Cruzeiro;SP;2.288;1.015.169
dez/25;MRS;Prd. Siderúrgicos - Bobina - BQ;Lafaiete Bandeira;MG;Ipiranga;SP;947;645.184
dez/25;MRS;Prd. Siderúrgicos - Bobina - BQ;Lafaiete Bandeira;MG;Manoel Feio;SP;4.410;2.847.223
dez/25;MRS;Prd. Siderúrgicos - Bobina - BQ;Lafaiete Bandeira;MG;Pinheirinho;SP;1.757;1.121.944
dez/25;MRS;Prd. Siderúrgicos - Bobina - BQ;Lafaiete Bandeira;MG;Utinga;SP;147;101.242
dez/25;MRS;Prd. Siderúrgicos - Bobina - BQ;Parque Industrial;MG;Utinga;SP;564;432.293
dez/25;MRS;Prd. Siderúrgicos - Bobina - BQ;Piaçaguera;SP;Cruzeiro;SP;838;307.646
dez/25;MRS;Prd. Siderúrgicos - Bobina - BQ;Piaçaguera;SP;Ipiranga;SP;516;27.168
dez/25;MRS;Prd. Siderúrgicos - Bobina - BQ;Piaçaguera;SP;Replan;SP;5.964;1.143.351
dez/25;MRS;Prd. Siderúrgicos - Bobina - BQ;Piaçaguera;SP;Usiminas;SP;122;20.312
dez/25;MRS;Prd. Siderúrgicos - Bobina - BQ;Pulverizacao;RJ;Brisamar;RJ;139;11.224
dez/25;MRS;Prd. Siderúrgicos - Bobina - BQ;Volta Redonda;RJ;Brisamar;RJ;21.757;2.480.210
dez/25;MRS;Prd. Siderúrgicos - Fio Máquina;Dias Tavares;MG;Caçapava;SP;7.692;4.918.803
dez/25;MRS;Prd. Siderúrgicos - Fio Máquina;Dias Tavares;MG;Parque Industrial;MG;1.766;614.808
dez/25;MRS;Prd. Siderúrgicos - Fio Máquina;Dias Tavares;MG;Pinheirinho;SP;73;59.363
dez/25;MRS;Prd. Siderúrgicos - Fio Máquina;Itaguai;RJ;São Bento;SP;373;153.282
dez/25;MRS;Prd. Siderúrgicos - Fio Máquina;Ouro Branco;MG;Caçapava;SP;14.416;7.737.240
dez/25;MRS;Prd. Siderúrgicos - Fio Máquina;Ouro Branco;MG;São Bento;SP;1.102;674.807
dez/25;MRS;Prd. Siderúrgicos - Outros;Barbará;RJ;Brisamar;RJ;8.720;1.038.752
dez/25;MRS;Prd. Siderúrgicos - Outros;Barbará;RJ;Volta Redonda;RJ;60;307
dez/25;MRS;Prd. Siderúrgicos - Outros;Brisamar;RJ;São Bento;SP;120;48.352
dez/25;MRS;Prd. Siderúrgicos - Outros;Brisamar;RJ;Volta Redonda;RJ;11.842;1.349.940
dez/25;MRS;Prd. Siderúrgicos - Outros;Caçapava;SP;Volta Redonda;RJ;60;13.251
dez/25;MRS;Prd. Siderúrgicos - Outros;Dias Tavares;MG;Horto Florestal;MG;296;107.663
dez/25;MRS;Prd. Siderúrgicos - Outros;Dias Tavares;MG;Parque Industrial;MG;1.143;397.919
dez/25;MRS;Prd. Siderúrgicos - Outros;Floriano;RJ;Ipiranga;SP;1.890;604.694
dez/25;MRS;Prd. Siderúrgicos - Outros;Floriano;RJ;Volta Redonda;RJ;799;21.994
dez/25;MRS;Prd. Siderúrgicos - Outros;Itaguai;RJ;Caçapava;SP;1.077;363.543
dez/25;MRS;Prd. Siderúrgicos - Outros;Itaguai;RJ;Parque Industrial;MG;1.155;714.880
dez/25;MRS;Prd. Siderúrgicos - Outros;Itaguai;RJ;Pinheirinho;SP;138;58.562
dez/25;MRS;Prd. Siderúrgicos - Outros;Itaguai;RJ;São Bento;SP;985;404.781
dez/25;MRS;Prd. Siderúrgicos - Outros;Lafaiete Bandeira;MG;Curuputuba;SP;2.752;1.402.760
dez/25;MRS;Prd. Siderúrgicos - Outros;Lafaiete Bandeira;MG;Manoel Feio;SP;13.370;8.632.059
dez/25;MRS;Prd. Siderúrgicos - Outros;Lafaiete Bandeira;MG;Piaçaguera;SP;5.613;5.319.950
dez/25;MRS;Prd. Siderúrgicos - Outros;Lafaiete Bandeira;MG;São Caetano do Sul;SP;68;48.165
dez/25;MRS;Prd. Siderúrgicos - Outros;Lafaiete Bandeira;MG;Utinga;SP;6.164;4.245.293
dez/25;MRS;Prd. Siderúrgicos - Outros;Manoel Feio;SP;Volta Redonda;RJ;1.895;586.396
dez/25;MRS;Prd. Siderúrgicos - Outros;Ouro Branco;MG;Brisamar;RJ;17.867;8.229.432
dez/25;MRS;Prd. Siderúrgicos - Outros;Ouro Branco;MG;Caçapava;SP;6.051;3.247.644
dez/25;MRS;Prd. Siderúrgicos - Outros;Ouro Branco;MG;Eng. Cesar de Souza;SP;1.774;1.173.087
dez/25;MRS;Prd. Siderúrgicos - Outros;Ouro Branco;MG;Itutinga;MG;13.158;1.839.751
dez/25;MRS;Prd. Siderúrgicos - Outros;Ouro Branco;MG;Parque Industrial;MG;4.145;666.159
dez/25;MRS;Prd. Siderúrgicos - Outros;Ouro Branco;MG;São Bento;SP;476;291.477
dez/25;MRS;Prd. Siderúrgicos - Outros;Ouro Branco;MG;São Caetano do Sul;SP;763;512.989
dez/25;MRS;Prd. Siderúrgicos - Outros;Piaçaguera;SP;Curuputuba;SP;68;13.271
dez/25;MRS;Prd. Siderúrgicos - Outros;Piaçaguera;SP;Manoel Feio;SP;21.332;1.317.442
dez/25;MRS;Prd. Siderúrgicos - Outros;Saudade;RJ;Caçapava;SP;140;28.239
dez/25;MRS;Prd. Siderúrgicos - Outros;Saudade;RJ;Floriano;RJ;1.624;25.864
dez/25;MRS;Prd. Siderúrgicos - Outros;Saudade;RJ;MultiTerminais;RJ;3.517;149.919
dez/25;MRS;Prd. Siderúrgicos - Outros;Saudade;RJ;Pinheirinho;SP;1.512;439.647
dez/25;MRS;Prd. Siderúrgicos - Outros;Siderúrgica do Atlântico;RJ;Piaçaguera;SP;58.039;29.089.088
dez/25;MRS;Prd. Siderúrgicos - Outros;Volta Redonda;RJ;Arará;RJ;1.775;256.776
dez/25;MRS;Prd. Siderúrgicos - Outros;Volta Redonda;RJ;Barbará;RJ;14.237;72.993
dez/25;MRS;Prd. Siderúrgicos - Outros;Volta Redonda;RJ;Brisamar;RJ;120;13.679
dez/25;MRS;Prd. Siderúrgicos - Outros;Volta Redonda;RJ;Caçapava;SP;1.004;214.167
dez/25;MRS;Prd. Siderúrgicos - Outros;Volta Redonda;RJ;Floriano;RJ;1.706;46.960
dez/25;MRS;Prd. Siderúrgicos - Outros;Volta Redonda;RJ;Manoel Feio;SP;65.806;20.363.271
dez/25;MRS;Prd. Siderúrgicos - Outros;Volta Redonda;RJ;Mogi das Cruzes;SP;4.758;1.582.011
dez/25;MRS;Prd. Siderúrgicos - Outros;Volta Redonda;RJ;Pulverizacao;RJ;4.403;149.743
dez/25;MRS;Prd. Siderúrgicos - Outros;Volta Redonda;RJ;São Bento;SP;2.328;672.675
dez/25;MRS;Prd. Siderúrgicos - Placa;Arará;RJ;Curuputuba;SP;1.076;342.385
dez/25;MRS;Prd. Siderúrgicos - Placa;Cel. João Carlos Guedes;MG;Barreiro;MG;420;53.915
dez/25;MRS;Prd. Siderúrgicos - Placa;Horto Florestal;MG;Brisamar;RJ;68;38.934
dez/25;MRS;Prd. Siderúrgicos - Placa;Horto Florestal;MG;Utinga;SP;2.008;1.586.060
dez/25;MRS;Prd. Siderúrgicos - Placa;Ouro Branco;MG;Caçapava;SP;2.685;1.441.070
dez/25;MRS;Prd. Siderúrgicos - Placa;Ouro Branco;MG;Itaguai;RJ;4.582;2.147.097
dez/25;MRS;Prd. Siderúrgicos - Placa;Ouro Branco;MG;Itutinga;MG;253;36.004
dez/25;MRS;Prd. Siderúrgicos - Placa;Ouro Branco;MG;Manoel Feio;SP;2.602;1.646.654
dez/25;MRS;Prd. Siderúrgicos - Placa;Ouro Branco;MG;Pinheirinho;SP;5.222;3.267.770
dez/25;MRS;Prd. Siderúrgicos - Placa;Ouro Branco;MG;São Bento;SP;408;249.837
dez/25;MRS;Prd. Siderúrgicos - Placa;Ouro Branco;MG;Volta Redonda;RJ;49.297;17.086.241
dez/25;MRS;Prd. Siderúrgicos - Placa;Pedrasil;SP;Arará;RJ;1.659;519.276
dez/25;MRS;Prd. Siderúrgicos - Placa;Siderúrgica do Atlântico;RJ;Eldorado;MG;2.528;1.587.441
dez/25;MRS;Prd. Siderúrgicos - Tubos;Barreiro;MG;Arará;RJ;8.138;4.700.687
dez/25;MRS;Prd. Siderúrgicos - Tubos;Barreiro;MG;Eldorado;MG;3.587;18.577
dez/25;MRS;Prd. Siderúrgicos - Tubos;Cel. João Carlos Guedes;MG;Arará;RJ;6.625;2.976.294
dez/25;MRS;Prd. Siderúrgicos - Tubos;Cel. João Carlos Guedes;MG;Barreiro;MG;8.875;1.139.283
dez/25;MRS;Prd. Siderúrgicos - Tubos;Curuputuba;SP;Arará;RJ;6.738;2.144.045
dez/25;MRS;Prd. Siderúrgicos - Tubos;Eldorado;MG;Barreiro;MG;7.192;37.247
dez/25;MRS;Prd. Siderúrgicos - Vergalhões;Itaguai;RJ;Caçapava;SP;74;24.812
dez/25;MRS;Prd. Siderúrgicos - Vergalhões;Volta Redonda;RJ;Eldorado;MG;2.068;1.180.513
dez/25;MRS;Prd. Siderúrgicos - Vergalhões;Volta Redonda;RJ;Manoel Feio;SP;5.146;1.592.398
dez/25;MRS;Soja;Pederneiras;SP;Santos;SP;70;36.474
dez/25;MRS;Sucata;Itaguai;RJ;Ouro Branco;MG;366;174.668
dez/25;RMC;Açúcar;Iturama;MG;Santos;SP;111.157;100.066.483
dez/25;RMC;Adubo Orgânico a Granel;Conceiçãozinha;SP;Rio Verde;GO;10.340;12.467.575
dez/25;RMC;Bauxita;Santa Isabel;TO;Alumínio;SP;73.634;106.650.086
dez/25;RMC;Contêiner Cheio de 40 Pés;Santa Isabel;TO;Alumínio;SP;2.667;3.866.672
dez/25;RMC;Contêiner Vazio de 40 Pés;Porto Nacional;TO;Anápolis;GO;856;732.720
dez/25;RMC;Contêiner Vazio de 40 Pés;Porto Nacional;TO;Sumaré;SP;8;16.068
dez/25;RMC;Pallets de Madeira;Porto Nacional;TO;Sumaré;SP;11;22.094
dez/25;RMC;Ureia;Conceiçãozinha;SP;Rio Verde;GO;20.241;24.428.304
dez/25;RMC;Ureia;Estação TUF;SP;Rio Verde;GO;5.568;6.680.456
dez/25;RMC;Ureia;Santos;SP;Rio Verde;GO;3.021;3.624.411
dez/25;RMN;Açúcar;Chapadao do Sul;MS;Santos;SP;63.924;76.009.761
dez/25;RMN;Álcool;Chapadao do Sul;MS;Replan;SP;51.442;48.401.429
dez/25;RMN;Álcool;Rondonópolis;MT;Replan;SP;161.081;225.856.745
dez/25;RMN;Álcool;T. Olacyr F. Morais;MS;Replan;SP;3.008;3.165.820
dez/25;RMN;Celulose;Aparecida do Taboado;MS;Barnabé;SP;201.330;186.554.507
dez/25;RMN;Celulose;Chapadao do Sul;MS;Barnabé;SP;146.856;174.770.241
dez/25;RMN;Celulose;Chapadao do Sul;MS;Santos;SP;67.104;79.959.717
dez/25;RMN;Contêiner cheio 53 pés;Rondonópolis;MT;Boa Vista Nova;SP;122;167.631
dez/25;RMN;Contêiner Cheio de 20 Pés;Rondonópolis;MT;Cubatão;SP;15.767;25.669.984
dez/25;RMN;Contêiner Cheio de 20 Pés;Rondonópolis;MT;Sumaré;SP;252;344.596
dez/25;RMN;Contêiner Cheio de 40 Pés;Rondonópolis;MT;Boa Vista Nova;SP;72.794;99.981.658
dez/25;RMN;Contêiner Cheio de 40 Pés;Rondonópolis;MT;Boa Vista Velha;SP;1.926;2.636.429
dez/25;RMN;Contêiner Cheio de 40 Pés;Rondonópolis;MT;Cubatão;SP;73.489;119.646.191
dez/25;RMN;Contêiner Vazio de 40 Pés;Rondonópolis;MT;Boa Vista Nova;SP;143;195.933
dez/25;RMN;Farelo de Soja;Alto Araguaia;MT;Santos;SP;65.699;92.018.500
dez/25;RMN;Farelo de Soja;Rondonópolis;MT;Conceiçãozinha;SP;27.069;44.687.156
dez/25;RMN;Farelo de Soja;Rondonópolis;MT;Santos;SP;363.984;597.738.158
dez/25;RMN;Grãos - Milho;Alto Araguaia;MT;Conceiçãozinha;SP;42.055;59.209.537
dez/25;RMN;Grãos - Milho;Chapadao do Sul;MS;Conceiçãozinha;SP;27.144;32.431.306
dez/25;RMN;Grãos - Milho;Chapadao do Sul;MS;Santos;SP;87.367;103.891.888
dez/25;RMN;Grãos - Milho;Itiquira;MT;Conceiçãozinha;SP;13.359;20.336.205
dez/25;RMN;Grãos - Milho;Rondonópolis;MT;Conceiçãozinha;SP;353.665;582.817.060
dez/25;RMN;Grãos - Milho;Rondonópolis;MT;Santos;SP;874.565;1.441.541.507
dez/25;RMN;Óleo Diesel;Rondonópolis;MT;Replan;SP;14.945;20.880.869
dez/25;RMN;Óleo Diesel;T. Olacyr F. Morais;MS;Replan;SP;2.084;2.193.343
dez/25;RMN;Soja;Itiquira;MT;Conceiçãozinha;SP;3.764;5.724.691
dez/25;RMN;Soja;Rondonópolis;MT;Conceiçãozinha;SP;267.793;441.065.503
dez/25;RMN;Soja;Rondonópolis;MT;Piaçaguera;SP;43.923;72.100.744
dez/25;RMN;Soja;Rondonópolis;MT;Santos;SP;84.714;139.662.205
dez/25;RMO;Minério de Ferro;Antônio Maria Coelho;MS;Porto Esperança;MS;7.288;338.709
dez/25;RMP;Açúcar;Fernandopolis;SP;Santos;SP;50.062;40.271.521
dez/25;RMP;Açúcar;Itirapina;SP;Santos;SP;7.995;3.113.206
dez/25;RMP;Açúcar;Santa Adélia;SP;Santos;SP;27.725;16.064.480
dez/25;RMP;Adubo Orgânico a Granel;Conceiçãozinha;SP;Rondonópolis;MT;107.002;176.972.126
dez/25;RMP;Adubo Orgânico a Granel;Cubatão;SP;Rondonópolis;MT;19.440;31.652.422
dez/25;RMP;Adubo Orgânico a Granel;Estação TUF;SP;Rondonópolis;MT;17.869;29.228.697
dez/25;RMP;Cloreto de Potássio;Estação TUF;SP;Rondonópolis;MT;1.112;1.818.921
dez/25;RMP;Cloreto de Potássio;Santos;SP;Rondonópolis;MT;36.114;59.630.275
dez/25;RMP;Contêiner Cheio de 40 Pés;Boa Vista Nova;SP;Rondonópolis;MT;52;71.253
dez/25;RMP;Contêiner Cheio de 40 Pés;Boa Vista Velha;SP;Rondonópolis;MT;28.790;39.409.564
dez/25;RMP;Contêiner Cheio de 40 Pés;Cubatão;SP;Rondonópolis;MT;1.534;2.497.479
dez/25;RMP;Contêiner Cheio de 40 Pés;Sumaré;SP;Porto Nacional;TO;5.389;10.824.215
dez/25;RMP;Contêiner Vazio de 20 Pés;Cubatão;SP;Rondonópolis;MT;1.995;3.254.682
dez/25;RMP;Contêiner Vazio de 40 Pés;Boa Vista Velha;SP;Rondonópolis;MT;9.653;13.213.633
dez/25;RMP;Contêiner Vazio de 40 Pés;Cubatão;SP;Rondonópolis;MT;15.611;25.468.097
dez/25;RMP;Contêiner Vazio de 40 Pés;Sumaré;SP;Porto Nacional;TO;143;287.226
dez/25;RMP;Contêiner Vazio de 40 Pés;Tutóia;SP;Rondonópolis;MT;856;996.744
dez/25;RMP;Farelo de Soja;Rio Verde;GO;Santos;SP;50.569;60.854.480
dez/25;RMP;Farelo de Soja;São Simão;GO;Santos;SP;29.382;29.066.613
dez/25;RMP;Fosfato;Cubatão;SP;Rondonópolis;MT;13.670;22.413.537
dez/25;RMP;Gasolina;Replan;SP;Rio Verde;GO;1.864;1.775.850
dez/25;RMP;Gasolina;Replan;SP;Rondonópolis;MT;11.576;16.131.293
dez/25;RMP;Gasolina;Replan;SP;T. Olacyr F. Morais;MS;852;896.701
dez/25;RMP;Grãos - Milho;Alvorada;TO;Santos;SP;39.437;77.727.367
dez/25;RMP;Grãos - Milho;Rio Verde;GO;Conceiçãozinha;SP;196.193;237.373.448
dez/25;RMP;Grãos - Milho;Rio Verde;GO;Santos;SP;459.569;551.831.030
dez/25;RMP;Grãos - Milho;São Simão;GO;Conceiçãozinha;SP;2.508;2.497.363
dez/25;RMP;Grãos - Milho;São Simão;GO;Santos;SP;3.821;3.774.474
dez/25;RMP;Óleo Diesel;Replan;SP;Rio Verde;GO;7.578;7.219.634
dez/25;RMP;Óleo Diesel;Replan;SP;Rondonópolis;MT;76.214;106.212.566
dez/25;RMP;Óleo Diesel;Replan;SP;T. Olacyr F. Morais;MS;1.720;1.810.242
dez/25;RMP;Prd. Siderúrgicos - Outros;Barnabé;SP;Triagem Paulista;SP;2.813;1.545.512
dez/25;RMP;Soja;Piaçaguera;SP;Rondonópolis;MT;1.386;2.275.155
dez/25;RMP;Soja;São Simão;GO;Conceiçãozinha;SP;4.003;3.969.505
dez/25;RMP;Soja;São Simão;GO;Santos;SP;3.944;3.900.776
dez/25;RMP;Ureia;Conceiçãozinha;SP;Rondonópolis;MT;48.363;79.950.120
dez/25;RMP;Ureia;Cubatão;SP;Rondonópolis;MT;7.103;11.589.329
dez/25;RMP;Ureia;Estação TUF;SP;Rondonópolis;MT;24.179;39.550.097
dez/25;RMP;Ureia;Santos;SP;Rondonópolis;MT;30.701;50.713.844
dez/25;RMS;Açúcar;Londrina;PR;D Pedro II;PR;41.701;26.313.738
dez/25;RMS;Açúcar;Marialva;PR;D Pedro II;PR;119.216;73.936.148
dez/25;RMS;Açúcar;Maringa;PR;D Pedro II;PR;142.403;92.812.217
dez/25;RMS;Açúcar;Rolandia;PR;D Pedro II;PR;45.403;27.959.382
dez/25;RMS;Adubo Fert em Geral a Granel  - Perigoso;D Pedro II;PR;Cascavel;PR;2.386;1.753.239
dez/25;RMS;Adubo Orgânico a Granel;Cará-Cará;PR;Londrina;PR;60;24.635
dez/25;RMS;Adubo Orgânico a Granel;D Pedro II;PR;Cará-Cará;PR;2.023;485.271
dez/25;RMS;Adubo Orgânico a Granel;D Pedro II;PR;Maringa;PR;7.590;4.946.872
dez/25;RMS;Adubo Orgânico a Granel;km 5;PR;Cascavel;PR;2.896;2.115.466
dez/25;RMS;Adubo Orgânico a Granel;km 5;PR;Maringa;PR;999;646.785
dez/25;RMS;Adubo Orgânico a Granel;Rio Grande;RS;Cruz Alta;RS;12.101;8.929.835
dez/25;RMS;Adubo Orgânico a Granel;São Francisco do Sul;SC;Cascavel;PR;5.405;4.548.139
dez/25;RMS;Adubo Orgânico a Granel;São Francisco do Sul;SC;Maringa;PR;2.573;1.951.437
dez/25;RMS;Álcool;Eng. Vicente Montanha;PR;Araucária Terminal;PR;5.056;2.597.115
dez/25;RMS;Álcool;Londrina;PR;Araucária Terminal;PR;12.116;6.130.934
dez/25;RMS;Álcool;Sarandi;PR;Araucária Terminal;PR;6.603;3.373.676
dez/25;RMS;Calcário Corretivo;Tranqueira;PR;Maringa;PR;15.167;8.900.010
dez/25;RMS;Celulose;Ortigueira;PR;km 5;PR;58.880;26.913.989
dez/25;RMS;Cimento acondicionado;Apiai;SP;Londrina;PR;15.110;8.730.452
dez/25;RMS;Cimento acondicionado;Apiai;SP;Uvaranas;PR;13.640;2.653.280
dez/25;RMS;Cimento acondicionado;Rio Branco do Sul;PR;Cascavel;PR;10.028;6.874.214
dez/25;RMS;Cimento acondicionado;Rio Branco do Sul;PR;Londrina;PR;9.443;5.493.096
dez/25;RMS;Cimento acondicionado;Rio Branco do Sul;PR;Maringa;PR;16.407;9.884.561
dez/25;RMS;Cloreto de Potássio;D Pedro II;PR;Cará-Cará;PR;3.249;779.370
dez/25;RMS;Cloreto de Potássio;D Pedro II;PR;Cascavel;PR;1.988;1.460.788
dez/25;RMS;Contêiner Cheio de 40 Pés;Cambe;PR;D Pedro II;PR;44.672;27.869.431
dez/25;RMS;Contêiner Cheio de 40 Pés;Cascavel;PR;D Pedro II;PR;42.721;31.391.347
dez/25;RMS;Contêiner Cheio de 40 Pés;Ortigueira;PR;D Pedro II;PR;49.836;22.995.476
dez/25;RMS;Contêiner Vazio de 40 Pés;D Pedro II;PR;Cambe;PR;11.593;7.232.501
dez/25;RMS;Contêiner Vazio de 40 Pés;D Pedro II;PR;Cascavel;PR;10.166;7.469.966
dez/25;RMS;Contêiner Vazio de 40 Pés;D Pedro II;PR;Ortigueira;PR;13.710;6.326.109
dez/25;RMS;Farelo de Soja;Cruz Alta;RS;Rio Grande;RS;42.458;31.331.546
dez/25;RMS;Farelo de Soja;Desvio Ribas;PR;D Pedro II;PR;55.060;12.671.854
dez/25;RMS;Farelo de Soja;Londrina;PR;D Pedro II;PR;9.691;6.115.137
dez/25;RMS;Farinha de Trigo;km 5;PR;Londrina;PR;4.091;2.563.780
dez/25;RMS;Fosfato;km 5;PR;Cará-Cará;PR;2.784;655.779
dez/25;RMS;Fosfato;Rio Grande;RS;Cruz Alta;RS;532;392.585
dez/25;RMS;Gasolina;Araucária Terminal;PR;Eng. Vicente Montanha;PR;9.374;4.815.142
dez/25;RMS;Gasolina;Araucária Terminal;PR;Londrina;PR;7.324;3.706.089
dez/25;RMS;Gasolina;Araucária Terminal;PR;Sarandi;PR;2.236;1.142.441
dez/25;RMS;Gasolina;D Pedro II;PR;Araucária Terminal;PR;11.493;1.436.486
dez/25;RMS;Gasolina;D Pedro II;PR;Londrina;PR;1.724;1.087.857
dez/25;RMS;Gasolina;D Pedro II;PR;Sarandi;PR;1.481;935.398
dez/25;RMS;Grãos - Milho;Londrina;PR;D Pedro II;PR;21.394;13.499.867
dez/25;RMS;Grãos - Milho;Marialva;PR;D Pedro II;PR;60.351;37.429.018
dez/25;RMS;Grãos - Milho;Marialva;PR;São Francisco do Sul;SC;1;726
dez/25;RMS;Grãos - Milho;Maringa;PR;D Pedro II;PR;199.547;130.056.883
dez/25;RMS;Grãos - Milho;Rolandia;PR;D Pedro II;PR;38.131;23.530.522
dez/25;RMS;Grãos - Trigo;Cacequi;RS;Rio Grande;RS;12.925;6.232.279
dez/25;RMS;Grãos - Trigo;Cruz Alta;RS;Rio Grande;RS;69.964;51.629.491
dez/25;RMS;Grãos - Trigo;Ijuí;RS;Rio Grande;RS;3.960;3.134.096
dez/25;RMS;Grãos - Trigo;J.De Castilhos;RS;Rio Grande;RS;11.403;7.510.414
dez/25;RMS;Grãos - Trigo;km 5;PR;Rolandia;PR;5.141;3.142.096
dez/25;RMS;Grãos - Trigo;Santo Ângelo;RS;Rio Grande;RS;12.836;10.858.754
dez/25;RMS;Grãos - Trigo;Tigre;RS;Rio Grande;RS;1.877;1.047.427
dez/25;RMS;Grãos - Trigo;Tupancireta;RS;Rio Grande;RS;2.970;2.028.296
dez/25;RMS;Óleo Diesel;Araucária Terminal;PR;Eng. Vicente Montanha;PR;27.815;14.287.729
dez/25;RMS;Óleo Diesel;Araucária Terminal;PR;Londrina;PR;10.698;5.413.400
dez/25;RMS;Óleo Diesel;Araucária Terminal;PR;Sarandi;PR;1.449;740.339
dez/25;RMS;Óleo Diesel;D Pedro II;PR;Araucária Terminal;PR;21.540;2.692.240
dez/25;RMS;Óleo Diesel;D Pedro II;PR;Londrina;PR;3.764;2.375.114
dez/25;RMS;Óleo Diesel;D Pedro II;PR;Sarandi;PR;2.520;1.591.629
dez/25;RMS;Prd. Siderúrgicos - Bobina - BF;São Francisco do Sul;SC;Araucária Carga;PR;756;236.551
dez/25;RMS;Soja;Cascavel;PR;D Pedro II;PR;17.593;12.927.387
dez/25;RMS;Soja;Cruz Alta;RS;Rio Grande;RS;47.407;34.983.615
dez/25;RMS;Soja;J.De Castilhos;RS;Rio Grande;RS;4.519;2.976.370
dez/25;RMS;Soja;Marialva;PR;D Pedro II;PR;30.162;18.706.120
dez/25;RMS;Soja;Maringa;PR;D Pedro II;PR;105.669;68.870.997
dez/25;RMS;Soja;Maringa;PR;São Francisco do Sul;SC;13.406;10.167.472
dez/25;RMS;Soja;Rolandia;PR;D Pedro II;PR;25.833;15.941.464
dez/25;RMS;Soja;Rolandia;PR;São Francisco do Sul;SC;791;568.284
dez/25;RMS;Ureia;km 5;PR;Maringa;PR;2.115;1.369.320
